AGENCIA,CONTA,BANCO,TITULAR,OPERACAO,DATAHORA,VALOR
2824,0001,SANTANDER,JOAO,DEPOSITO,2022-02-15T22:55:06,1554.5
1488,0007,SANTANDER,LUCAS,SAQUE,2022-02-15T16:02:05,1377.51
9279,0009,BANCO DO BRASIL,MARCOS,SAQUE,2022-02-23T10:09:28,451.04
2824,0001,SANTANDER,JOAO,SAQUE,2022-02-21T23:41:38,1510.06
2824,0001,SANTANDER,JOAO,SAQUE,2022-02-10T08:47:23,4375.4
2824,0001,SANTANDER,JOAO,DEPOSITO,2022-02-17T19:00:03,1138.85
4657,0003,ITAU,FELIPE,SAQUE,2022-02-07T20:51:38,3486.26
1488,0007,SANTANDER,LUCAS,DEPOSITO,2022-02-09T23:03:51,4945.15
5506,0002,ITAU,MARIA,SAQUE,2022-02-23T12:07:56,1252.9
1488,0007,SANTANDER,LUCAS,DEPOSITO,2022-02-11T01:05:04,928.49
7912,0006,SANTANDER,CARLOS,DEPOSITO,2022-02-19T19:55:13,1114.22
9279,0009,BANCO DO BRASIL,MARCOS,DEPOSITO,2022-02-20T16:05:26,3760.64
4657,0003,ITAU,FELIPE,SAQUE,2022-02-27T10:57:44,569.06
5506,0002,ITAU,MARIA,SAQUE,2022-02-12T05:02:54,1364.2
1488,0007,SANTANDER,LUCAS,SAQUE,2022-02-06T05:35:36,2955.81
7912,0006,SANTANDER,CARLOS,DEPOSITO,2022-02-07T07:57:45,2378.51
2824,0001,SANTANDER,JOAO,DEPOSITO,2022-02-28T14:33:12,4414.22
2424,0005,BANCO DO BRASIL,ANA,SAQUE,2022-02-07T14:20:03,1244.83
5506,0002,ITAU,MARIA,DEPOSITO,2022-02-13T05:15:05,4721.67
9279,0009,BANCO DO BRASIL,MARCOS,SAQUE,2022-02-10T01:11:31,1002.39
7912,0006,SANTANDER,CARLOS,SAQUE,2022-02-27T22:53:59,1350.94
2679,0004,BANCO DO BRASIL,JULIA,SAQUE,2022-02-08T07:57:44,55.62
4657,0003,ITAU,FELIPE,SAQUE,2022-02-13T14:21:52,3473.46
1434,0010,BANCO DO BRASIL,PAULA,DEPOSITO,2022-02-12T11:23:03,3083.4
4657,0003,ITAU,FELIPE,SAQUE,2022-02-27T20:08:02,4017.55
1488,0007,SANTANDER,LUCAS,DEPOSITO,2022-02-16T19:54:36,2938.91
1434,0010,BANCO DO BRASIL,PAULA,DEPOSITO,2022-02-06T23:32:03,2167.44
2424,0005,BANCO DO BRASIL,ANA,DEPOSITO,2022-02-02T05:18:20,544.28
9279,0009,BANCO DO BRASIL,MARCOS,DEPOSITO,2022-02-16T07:05:15,4418.57
1434,0010,BANCO DO BRASIL,PAULA,DEPOSITO,2022-02-28T08:45:55,1309.61
1488,0007,SANTANDER,LUCAS,SAQUE,2022-02-20T10:23:52,929.38
5506,0002,ITAU,MARIA,SAQUE,2022-02-27T12:36:37,685.18
2424,0005,BANCO DO BRASIL,ANA,DEPOSITO,2022-02-19T07:01:47,1021.73
7912,0006,SANTANDER,CARLOS,SAQUE,2022-02-25T21:16:54,4131.26
4582,0008,ITAU,BRUNA,DEPOSITO,2022-02-21T15:36:07,744.55
1488,0007,SANTANDER,LUCAS,DEPOSITO,2022-02-21T10:37:11,1505.76
7912,0006,SANTANDER,CARLOS,DEPOSITO,2022-02-13T19:23:58,3139.73
9279,0009,BANCO DO BRASIL,MARCOS,DEPOSITO,2022-02-20T02:25:36,1749.92
2679,0004,BANCO DO BRASIL,JULIA,SAQUE,2022-02-22T17:18:58,1434.48
2824,0001,SANTANDER,JOAO,SAQUE,2022-02-17T02:14:07,4264.48
9279,0009,BANCO DO BRASIL,MARCOS,SAQUE,2022-02-04T04:18:18,2785.01
1488,0007,SANTANDER,LUCAS,DEPOSITO,2022-02-08T23:12:06,3196.58
9279,0009,BANCO DO BRASIL,MARCOS,SAQUE,2022-02-12T10:37:03,3487.48
1434,0010,BANCO DO BRASIL,PAULA,SAQUE,2022-02-18T00:10:20,1503.02
7912,0006,SANTANDER,CARLOS,SAQUE,2022-02-23T01:45:47,1640.96
7912,0006,SANTANDER,CARLOS,DEPOSITO,2022-02-01T10:58:53,3147.14
5506,0002,ITAU,MARIA,DEPOSITO,2022-02-22T20:21:35,2361.24
2679,0004,BANCO DO BRASIL,JULIA,SAQUE,2022-02-27T10:33:31,2708.53
4657,0003,ITAU,FELIPE,DEPOSITO,2022-02-02T20:47:47,3856.59
2824,0001,SANTANDER,JOAO,SAQUE,2022-02-27T01:36:56,3756.88
7912,0006,SANTANDER,CARLOS,DEPOSITO,2022-02-06T10:25:38,1917.5
1488,0007,SANTANDER,LUCAS,DEPOSITO,2022-02-02T18:41:52,4366.65
2424,0005,BANCO DO BRASIL,ANA,DEPOSITO,2022-02-12T06:57:25,2853.59
4582,0008,ITAU,BRUNA,SAQUE,2022-02-10T19:29:48,1079.55
9279,0009,BANCO DO BRASIL,MARCOS,SAQUE,2022-02-08T18:27:25,3324.13
5506,0002,ITAU,MARIA,DEPOSITO,2022-02-19T04:07:00,3036.6
1434,0010,BANCO DO BRASIL,PAULA,SAQUE,2022-02-27T18:13:24,1704.82
4582,0008,ITAU,BRUNA,SAQUE,2022-02-10T19:25:34,4141.48
4582,0008,ITAU,BRUNA,DEPOSITO,2022-02-21T11:17:09,292.7
1434,0010,BANCO DO BRASIL,PAULA,DEPOSITO,2022-02-18T02:59:58,3834.69
2824,0001,SANTANDER,JOAO,DEPOSITO,2022-02-06T00:35:18,4056.72
1434,0010,BANCO DO BRASIL,PAULA,SAQUE,2022-02-09T22:23:20,4854.1
4582,0008,ITAU,BRUNA,DEPOSITO,2022-02-27T17:35:55,2400.36
5506,0002,ITAU,MARIA,DEPOSITO,2022-02-02T19:32:27,3656.64
1488,0007,SANTANDER,LUCAS,SAQUE,2022-02-15T13:55:27,4010.35
7912,0006,SANTANDER,CARLOS,DEPOSITO,2022-02-15T04:23:27,3729.19
4582,0008,ITAU,BRUNA,SAQUE,2022-02-12T07:57:36,339.86
2824,0001,SANTANDER,JOAO,DEPOSITO,2022-02-11T16:44:36,2235.4
1488,0007,SANTANDER,LUCAS,SAQUE,2022-02-15T11:35:15,4370.14
4657,0003,ITAU,FELIPE,DEPOSITO,2022-02-11T23:43:41,239.99
1488,0007,SANTANDER,LUCAS,DEPOSITO,2022-02-21T09:37:27,697.22
2679,0004,BANCO DO BRASIL,JULIA,DEPOSITO,2022-02-08T00:08:21,1887.48
9279,0009,BANCO DO BRASIL,MARCOS,DEPOSITO,2022-02-14T15:50:45,134.86
9279,0009,BANCO DO BRASIL,MARCOS,DEPOSITO,2022-02-23T09:34:16,1709.89
9279,0009,BANCO DO BRASIL,MARCOS,SAQUE,2022-02-28T10:16:45,3044.43
2824,0001,SANTANDER,JOAO,DEPOSITO,2022-02-21T23:55:11,3387.59
1488,0007,SANTANDER,LUCAS,DEPOSITO,2022-02-20T01:44:40,515.51
7912,0006,SANTANDER,CARLOS,SAQUE,2022-02-28T12:53:09,595.58
2424,0005,BANCO DO BRASIL,ANA,DEPOSITO,2022-02-11T17:18:28,1103.45
5506,0002,ITAU,MARIA,DEPOSITO,2022-02-22T00:36:53,1005.36
7912,0006,SANTANDER,CARLOS,DEPOSITO,2022-02-13T05:35:59,1098.86
1434,0010,BANCO DO BRASIL,PAULA,DEPOSITO,2022-02-24T11:43:12,4289.83
2679,0004,BANCO DO BRASIL,JULIA,SAQUE,2022-02-17T10:10:13,1778.02
2824,0001,SANTANDER,JOAO,DEPOSITO,2022-02-12T18:14:01,4167.25
1488,0007,SANTANDER,LUCAS,SAQUE,2022-02-24T23:57:57,4498.94
1434,0010,BANCO DO BRASIL,PAULA,DEPOSITO,2022-02-22T10:59:32,1990.33
2824,0001,SANTANDER,JOAO,DEPOSITO,2022-02-13T10:00:57,3858.54
4582,0008,ITAU,BRUNA,SAQUE,2022-02-14T09:00:37,3046.56
2824,0001,SANTANDER,JOAO,DEPOSITO,2022-02-06T09:56:05,3602.71
4657,0003,ITAU,FELIPE,SAQUE,2022-02-10T02:53:15,2704.73
1434,0010,BANCO DO BRASIL,PAULA,SAQUE,2022-02-10T02:57:39,2214.17
1488,0007,SANTANDER,LUCAS,SAQUE,2022-02-22T14:06:17,4132.55
2424,0005,BANCO DO BRASIL,ANA,DEPOSITO,2022-02-03T04:05:37,1562.79
5506,0002,ITAU,MARIA,SAQUE,2022-02-24T00:07:15,4567.49
1434,0010,BANCO DO BRASIL,PAULA,SAQUE,2022-02-02T10:08:27,4479.87
1434,0010,BANCO DO BRASIL,PAULA,DEPOSITO,2022-02-06T20:08:00,4956.66
5506,0002,ITAU,MARIA,DEPOSITO,2022-02-11T13:20:20,2257.18
2824,0001,SANTANDER,JOAO,SAQUE,2022-02-05T01:42:36,4591.47
1434,0010,BANCO DO BRASIL,PAULA,DEPOSITO,2022-02-22T20:26:59,4617.55
7912,0006,SANTANDER,CARLOS,SAQUE,2022-02-27T06:52:36,867.26
4582,0008,ITAU,BRUNA,SAQUE,2022-02-24T09:18:47,3608.08
2824,0001,SANTANDER,JOAO,SAQUE,2022-02-07T21:04:34,4094.57
7912,0006,SANTANDER,CARLOS,DEPOSITO,2022-02-20T23:38:19,4858.11
1434,0010,BANCO DO BRASIL,PAULA,SAQUE,2022-02-21T21:10:39,3469.08
9279,0009,BANCO DO BRASIL,MARCOS,DEPOSITO,2022-02-17T15:47:05,2620.12
4657,0003,ITAU,FELIPE,SAQUE,2022-02-06T13:42:06,2141.15
9279,0009,BANCO DO BRASIL,MARCOS,SAQUE,2022-02-20T16:24:30,79.36
4657,0003,ITAU,FELIPE,SAQUE,2022-02-19T18:34:19,551.52
2824,0001,SANTANDER,JOAO,SAQUE,2022-02-10T04:21:59,597.24
5506,0002,ITAU,MARIA,SAQUE,2022-02-01T22:03:49,2210.78
4657,0003,ITAU,FELIPE,DEPOSITO,2022-02-08T10:28:26,2280.34
1434,0010,BANCO DO BRASIL,PAULA,DEPOSITO,2022-02-25T23:55:05,2071.5
7912,0006,SANTANDER,CARLOS,DEPOSITO,2022-02-10T09:27:10,2332.66
4582,0008,ITAU,BRUNA,DEPOSITO,2022-02-21T13:26:08,2385.84
2424,0005,BANCO DO BRASIL,ANA,DEPOSITO,2022-02-20T13:22:57,2294.96
2424,0005,BANCO DO BRASIL,ANA,SAQUE,2022-02-16T18:56:20,1475.31
2424,0005,BANCO DO BRASIL,ANA,SAQUE,2022-02-03T13:58:28,2446.95
2824,0001,SANTANDER,JOAO,DEPOSITO,2022-02-18T04:01:20,1265.44
5506,0002,ITAU,MARIA,DEPOSITO,2022-02-12T21:44:29,2280.57
2424,0005,BANCO DO BRASIL,ANA,DEPOSITO,2022-02-06T18:50:25,3255.81
1434,0010,BANCO DO BRASIL,PAULA,DEPOSITO,2022-02-13T02:28:49,468.34
1434,0010,BANCO DO BRASIL,PAULA,SAQUE,2022-02-04T20:59:14,4126.11
2424,0005,BANCO DO BRASIL,ANA,SAQUE,2022-02-04T18:17:09,2835.47
4582,0008,ITAU,BRUNA,DEPOSITO,2022-02-16T12:51:24,2749.62
2424,0005,BANCO DO BRASIL,ANA,DEPOSITO,2022-02-24T23:40:07,2800.81
1488,0007,SANTANDER,LUCAS,SAQUE,2022-02-19T23:17:34,3471.59
2679,0004,BANCO DO BRASIL,JULIA,SAQUE,2022-02-06T19:47:00,441.07
2824,0001,SANTANDER,JOAO,DEPOSITO,2022-02-05T01:12:17,3176.48
1488,0007,SANTANDER,LUCAS,SAQUE,2022-02-18T01:50:11,4821.29
2824,0001,SANTANDER,JOAO,SAQUE,2022-02-10T14:14:59,1826.25
9279,0009,BANCO DO BRASIL,MARCOS,DEPOSITO,2022-02-27T05:47:12,4222.81
4582,0008,ITAU,BRUNA,SAQUE,2022-02-17T10:17:25,4654.94
4657,0003,ITAU,FELIPE,SAQUE,2022-02-16T03:13:22,4574.49
5506,0002,ITAU,MARIA,DEPOSITO,2022-02-12T19:57:03,2338.79
4582,0008,ITAU,BRUNA,DEPOSITO,2022-02-11T05:23:12,4681.65
9279,0009,BANCO DO BRASIL,MARCOS,DEPOSITO,2022-02-09T07:01:53,3160.22
2824,0001,SANTANDER,JOAO,DEPOSITO,2022-02-19T03:31:39,1399.46
4657,0003,ITAU,FELIPE,SAQUE,2022-02-05T15:10:15,1376.61
7912,0006,SANTANDER,CARLOS,DEPOSITO,2022-02-02T06:41:47,143.49
4582,0008,ITAU,BRUNA,SAQUE,2022-02-08T11:28:02,1656.16
4582,0008,ITAU,BRUNA,SAQUE,2022-02-20T14:05:49,4304.98
2424,0005,BANCO DO BRASIL,ANA,DEPOSITO,2022-02-13T20:13:02,471.14
2679,0004,BANCO DO BRASIL,JULIA,SAQUE,2022-02-15T23:31:03,2515.39
1488,0007,SANTANDER,LUCAS,SAQUE,2022-02-22T01:43:51,316.73
9279,0009,BANCO DO BRASIL,MARCOS,DEPOSITO,2022-02-21T13:30:03,3512.04
4657,0003,ITAU,FELIPE,SAQUE,2022-02-25T13:21:39,747.93
1488,0007,SANTANDER,LUCAS,SAQUE,2022-02-15T12:40:58,820.63
2424,0005,BANCO DO BRASIL,ANA,DEPOSITO,2022-02-10T08:01:56,3525.81
2424,0005,BANCO DO BRASIL,ANA,DEPOSITO,2022-02-13T21:26:51,223.84
1434,0010,BANCO DO BRASIL,PAULA,SAQUE,2022-02-14T17:40:50,3636.27
9279,0009,BANCO DO BRASIL,MARCOS,DEPOSITO,2022-02-13T14:38:39,1342.63
9279,0009,BANCO DO BRASIL,MARCOS,SAQUE,2022-02-25T11:16:55,4236.43
4657,0003,ITAU,FELIPE,SAQUE,2022-02-12T02:26:13,3613.31
9279,0009,BANCO DO BRASIL,MARCOS,SAQUE,2022-02-22T15:22:10,1876.86
1488,0007,SANTANDER,LUCAS,SAQUE,2022-02-09T13:16:53,2329.03
1434,0010,BANCO DO BRASIL,PAULA,SAQUE,2022-02-08T05:33:44,4569.64
2424,0005,BANCO DO BRASIL,ANA,SAQUE,2022-02-12T17:38:57,2689.11
7912,0006,SANTANDER,CARLOS,DEPOSITO,2022-02-09T23:08:24,1191.61
7912,0006,SANTANDER,CARLOS,SAQUE,2022-02-23T15:28:47,621.38
1434,0010,BANCO DO BRASIL,PAULA,DEPOSITO,2022-02-25T11:00:50,1458.18
2679,0004,BANCO DO BRASIL,JULIA,DEPOSITO,2022-02-06T18:14:15,717.98
9279,0009,BANCO DO BRASIL,MARCOS,DEPOSITO,2022-02-21T19:15:52,1663.07
1434,0010,BANCO DO BRASIL,PAULA,SAQUE,2022-02-13T10:10:27,841.93
9279,0009,BANCO DO BRASIL,MARCOS,DEPOSITO,2022-02-05T20:13:39,1253.39
2424,0005,BANCO DO BRASIL,ANA,SAQUE,2022-02-11T18:23:12,1687.53
5506,0002,ITAU,MARIA,DEPOSITO,2022-02-28T05:54:25,2425.68
1488,0007,SANTANDER,LUCAS,SAQUE,2022-02-22T07:06:00,2255.36
1488,0007,SANTANDER,LUCAS,DEPOSITO,2022-02-25T09:15:17,3936.36
2424,0005,BANCO DO BRASIL,ANA,DEPOSITO,2022-02-17T17:05:50,4951.54
1434,0010,BANCO DO BRASIL,PAULA,DEPOSITO,2022-02-12T20:18:51,1650.14
2424,0005,BANCO DO BRASIL,ANA,DEPOSITO,2022-02-14T15:10:01,4959.48
1434,0010,BANCO DO BRASIL,PAULA,DEPOSITO,2022-02-01T04:19:20,3025.3
2824,0001,SANTANDER,JOAO,DEPOSITO,2022-02-24T15:39:15,1001.53
2424,0005,BANCO DO BRASIL,ANA,DEPOSITO,2022-02-18T04:21:44,4147.86
4657,0003,ITAU,FELIPE,DEPOSITO,2022-02-01T07:35:35,1602.85
4657,0003,ITAU,FELIPE,DEPOSITO,2022-02-03T00:39:42,2614.37
9279,0009,BANCO DO BRASIL,MARCOS,SAQUE,2022-02-19T10:33:10,3390.36
5506,0002,ITAU,MARIA,SAQUE,2022-02-18T14:24:02,1214.05
4582,0008,ITAU,BRUNA,SAQUE,2022-02-19T15:56:47,4254.43
2824,0001,SANTANDER,JOAO,DEPOSITO,2022-02-21T10:10:20,3684.54
9279,0009,BANCO DO BRASIL,MARCOS,DEPOSITO,2022-02-24T20:32:59,4467.14
1488,0007,SANTANDER,LUCAS,SAQUE,2022-02-23T07:48:39,4622.35
2679,0004,BANCO DO BRASIL,JULIA,SAQUE,2022-02-07T12:40:02,810.01
5506,0002,ITAU,MARIA,DEPOSITO,2022-02-28T15:47:07,2871.25
4657,0003,ITAU,FELIPE,DEPOSITO,2022-02-23T07:02:31,768.6
4582,0008,ITAU,BRUNA,SAQUE,2022-02-14T05:47:08,4783.77
4657,0003,ITAU,FELIPE,DEPOSITO,2022-02-10T15:14:34,2983.11
4582,0008,ITAU,BRUNA,DEPOSITO,2022-02-09T11:54:59,4864.81
9279,0009,BANCO DO BRASIL,MARCOS,SAQUE,2022-02-13T07:00:15,2932.45
2424,0005,BANCO DO BRASIL,ANA,SAQUE,2022-02-14T04:51:33,4816.32
7912,0006,SANTANDER,CARLOS,DEPOSITO,2022-02-26T12:07:30,2879.96
1488,0007,SANTANDER,LUCAS,DEPOSITO,2022-02-08T02:06:52,162.08
5506,0002,ITAU,MARIA,SAQUE,2022-02-01T21:42:21,4249.44
5506,0002,ITAU,MARIA,SAQUE,2022-02-22T11:22:20,366.46
4657,0003,ITAU,FELIPE,DEPOSITO,2022-02-21T20:16:18,3956.57
1434,0010,BANCO DO BRASIL,PAULA,SAQUE,2022-02-20T17:32:00,4480.64
2824,0001,SANTANDER,JOAO,SAQUE,2022-02-09T01:37:22,4807.96
2824,0001,SANTANDER,JOAO,DEPOSITO,2022-02-15T10:37:32,3642.34
2679,0004,BANCO DO BRASIL,JULIA,SAQUE,2022-02-02T04:14:42,3149.29
5506,0002,ITAU,MARIA,DEPOSITO,2022-02-26T14:56:45,289.37
5506,0002,ITAU,MARIA,SAQUE,2022-02-18T18:58:01,391.01
5506,0002,ITAU,MARIA,DEPOSITO,2022-02-09T18:36:01,430.54
7912,0006,SANTANDER,CARLOS,SAQUE,2022-02-21T13:12:35,3100.38
4582,0008,ITAU,BRUNA,SAQUE,2022-02-24T14:09:08,3499.3
4657,0003,ITAU,FELIPE,DEPOSITO,2022-02-05T09:55:01,3781.35
5506,0002,ITAU,MARIA,DEPOSITO,2022-02-25T11:30:00,2257.27
4657,0003,ITAU,FELIPE,SAQUE,2022-02-25T11:50:29,2409.45
4657,0003,ITAU,FELIPE,DEPOSITO,2022-02-21T20:05:58,17.81
1434,0010,BANCO DO BRASIL,PAULA,SAQUE,2022-02-22T09:26:59,3534.77
7912,0006,SANTANDER,CARLOS,DEPOSITO,2022-02-27T14:59:28,4685.27
1488,0007,SANTANDER,LUCAS,SAQUE,2022-02-21T11:55:21,680.26
5506,0002,ITAU,MARIA,DEPOSITO,2022-02-18T21:25:53,4908.05
2424,0005,BANCO DO BRASIL,ANA,SAQUE,2022-02-09T09:24:39,2917.92
1434,0010,BANCO DO BRASIL,PAULA,DEPOSITO,2022-02-25T16:15:23,2816.04
7912,0006,SANTANDER,CARLOS,SAQUE,2022-02-15T22:26:19,2201.7
2824,0001,SANTANDER,JOAO,DEPOSITO,2022-02-23T18:05:01,255.39
1488,0007,SANTANDER,LUCAS,DEPOSITO,2022-02-20T09:43:12,4348.53
2679,0004,BANCO DO BRASIL,JULIA,SAQUE,2022-02-28T16:49:01,3761.12
7912,0006,SANTANDER,CARLOS,DEPOSITO,2022-02-12T15:09:02,4705.55
2824,0001,SANTANDER,JOAO,DEPOSITO,2022-02-10T00:02:28,1749.1
2679,0004,BANCO DO BRASIL,JULIA,DEPOSITO,2022-02-08T17:45:52,3233.96
2824,0001,SANTANDER,JOAO,SAQUE,2022-02-22T06:01:31,4955.02
5506,0002,ITAU,MARIA,SAQUE,2022-02-08T06:48:59,2706.45
2424,0005,BANCO DO BRASIL,ANA,SAQUE,2022-02-05T12:05:35,396.13
4582,0008,ITAU,BRUNA,SAQUE,2022-02-16T11:23:38,4630.75
4657,0003,ITAU,FELIPE,DEPOSITO,2022-02-26T15:46:53,4045.27
4582,0008,ITAU,BRUNA,SAQUE,2022-02-23T18:33:10,2248.52
5506,0002,ITAU,MARIA,SAQUE,2022-02-13T17:46:44,3094.33
2424,0005,BANCO DO BRASIL,ANA,DEPOSITO,2022-02-07T15:56:04,555.04
5506,0002,ITAU,MARIA,DEPOSITO,2022-02-11T23:43:54,3536.0
2424,0005,BANCO DO BRASIL,ANA,SAQUE,2022-02-15T05:24:36,3153.01
4657,0003,ITAU,FELIPE,DEPOSITO,2022-02-16T19:59:33,1125.34
2424,0005,BANCO DO BRASIL,ANA,DEPOSITO,2022-02-18T22:51:42,3860.79
2679,0004,BANCO DO BRASIL,JULIA,DEPOSITO,2022-02-09T07:41:22,2544.84
1488,0007,SANTANDER,LUCAS,DEPOSITO,2022-02-27T09:07:20,2409.99
9279,0009,BANCO DO BRASIL,MARCOS,DEPOSITO,2022-02-21T11:48:37,1960.31
2424,0005,BANCO DO BRASIL,ANA,SAQUE,2022-02-16T16:29:02,706.08
7912,0006,SANTANDER,CARLOS,SAQUE,2022-02-08T22:20:21,818.32
4657,0003,ITAU,FELIPE,SAQUE,2022-02-05T04:43:24,1863.94
9279,0009,BANCO DO BRASIL,MARCOS,DEPOSITO,2022-02-14T17:09:39,78.13
7912,0006,SANTANDER,CARLOS,DEPOSITO,2022-02-01T17:51:54,1066.92
7912,0006,SANTANDER,CARLOS,DEPOSITO,2022-02-16T08:56:13,3137.73
2679,0004,BANCO DO BRASIL,JULIA,SAQUE,2022-02-14T11:48:31,986.62
4657,0003,ITAU,FELIPE,DEPOSITO,2022-02-06T13:05:44,409.05
1488,0007,SANTANDER,LUCAS,DEPOSITO,2022-02-22T19:06:22,3103.17
2424,0005,BANCO DO BRASIL,ANA,SAQUE,2022-02-08T05:28:40,24.58
9279,0009,BANCO DO BRASIL,MARCOS,DEPOSITO,2022-02-17T17:57:44,130.88
5506,0002,ITAU,MARIA,DEPOSITO,2022-02-21T08:10:10,2901.98
7912,0006,SANTANDER,CARLOS,SAQUE,2022-02-02T21:22:15,4981.61
9279,0009,BANCO DO BRASIL,MARCOS,DEPOSITO,2022-02-28T10:39:39,965.99
2824,0001,SANTANDER,JOAO,DEPOSITO,2022-02-17T15:15:50,4141.88
2824,0001,SANTANDER,JOAO,DEPOSITO,2022-02-16T04:59:49,4451.52
2424,0005,BANCO DO BRASIL,ANA,DEPOSITO,2022-02-10T23:39:50,863.44
2679,0004,BANCO DO BRASIL,JULIA,DEPOSITO,2022-02-13T03:28:50,1932.5
4657,0003,ITAU,FELIPE,DEPOSITO,2022-02-15T16:56:20,4618.15
1434,0010,BANCO DO BRASIL,PAULA,SAQUE,2022-02-24T19:18:32,2672.02
2679,0004,BANCO DO BRASIL,JULIA,SAQUE,2022-02-09T12:06:28,2586.17
2424,0005,BANCO DO BRASIL,ANA,SAQUE,2022-02-17T11:54:57,4239.2
4657,0003,ITAU,FELIPE,DEPOSITO,2022-02-10T08:35:36,4446.55
4657,0003,ITAU,FELIPE,DEPOSITO,2022-02-15T08:37:14,1202.92
4657,0003,ITAU,FELIPE,SAQUE,2022-02-25T08:17:32,3603.37
2424,0005,BANCO DO BRASIL,ANA,SAQUE,2022-02-15T05:22:59,2359.79
2424,0005,BANCO DO BRASIL,ANA,SAQUE,2022-02-23T21:44:04,680.08
1434,0010,BANCO DO BRASIL,PAULA,DEPOSITO,2022-02-03T14:32:30,2189.54
9279,0009,BANCO DO BRASIL,MARCOS,DEPOSITO,2022-02-07T19:55:02,243.2
2679,0004,BANCO DO BRASIL,JULIA,DEPOSITO,2022-02-08T19:16:19,218.18
4657,0003,ITAU,FELIPE,DEPOSITO,2022-02-28T14:03:14,2039.66
5506,0002,ITAU,MARIA,SAQUE,2022-02-14T11:28:05,31.31
4657,0003,ITAU,FELIPE,SAQUE,2022-02-10T01:50:36,4812.75
9279,0009,BANCO DO BRASIL,MARCOS,DEPOSITO,2022-02-26T13:29:42,1071.27
4657,0003,ITAU,FELIPE,DEPOSITO,2022-02-07T23:05:14,4046.94
5506,0002,ITAU,MARIA,SAQUE,2022-02-22T02:41:15,4966.87
2824,0001,SANTANDER,JOAO,SAQUE,2022-02-07T00:13:47,4601.29
4582,0008,ITAU,BRUNA,DEPOSITO,2022-02-08T14:53:17,3005.19
2824,0001,SANTANDER,JOAO,DEPOSITO,2022-02-08T05:54:34,1102.9
9279,0009,BANCO DO BRASIL,MARCOS,DEPOSITO,2022-02-25T17:58:01,4044.35
7912,0006,SANTANDER,CARLOS,SAQUE,2022-02-22T01:46:12,3157.12
7912,0006,SANTANDER,CARLOS,SAQUE,2022-02-15T00:53:52,777.68
4657,0003,ITAU,FELIPE,DEPOSITO,2022-02-06T17:51:52,3308.94
4657,0003,ITAU,FELIPE,SAQUE,2022-02-18T22:44:40,2247.01
7912,0006,SANTANDER,CARLOS,DEPOSITO,2022-02-06T14:10:05,3975.5
7912,0006,SANTANDER,CARLOS,SAQUE,2022-02-27T22:58:00,3232.35
9279,0009,BANCO DO BRASIL,MARCOS,SAQUE,2022-02-16T06:46:48,4462.44
1488,0007,SANTANDER,LUCAS,SAQUE,2022-02-07T14:50:13,2568.12
9279,0009,BANCO DO BRASIL,MARCOS,SAQUE,2022-02-06T02:23:05,2134.25
4657,0003,ITAU,FELIPE,DEPOSITO,2022-02-27T07:12:28,887.78
2424,0005,BANCO DO BRASIL,ANA,SAQUE,2022-02-07T06:05:15,2152.08
4582,0008,ITAU,BRUNA,SAQUE,2022-02-12T00:11:03,4174.21
2679,0004,BANCO DO BRASIL,JULIA,DEPOSITO,2022-02-16T13:23:55,1556.82
2824,0001,SANTANDER,JOAO,SAQUE,2022-02-13T00:06:21,1004.81
9279,0009,BANCO DO BRASIL,MARCOS,SAQUE,2022-02-07T18:04:09,2886.93
4582,0008,ITAU,BRUNA,DEPOSITO,2022-02-05T09:22:16,3616.01
2424,0005,BANCO DO BRASIL,ANA,SAQUE,2022-02-15T15:38:00,3207.29
2824,0001,SANTANDER,JOAO,SAQUE,2022-02-28T07:11:11,782.14
9279,0009,BANCO DO BRASIL,MARCOS,SAQUE,2022-02-03T04:11:58,3413.45
2679,0004,BANCO DO BRASIL,JULIA,SAQUE,2022-02-18T02:43:03,526.81
5506,0002,ITAU,MARIA,DEPOSITO,2022-02-01T07:58:08,3757.89
4657,0003,ITAU,FELIPE,SAQUE,2022-02-09T18:51:30,883.2
1488,0007,SANTANDER,LUCAS,SAQUE,2022-02-14T11:45:33,877.74
4657,0003,ITAU,FELIPE,DEPOSITO,2022-02-18T08:32:58,4473.69
2824,0001,SANTANDER,JOAO,SAQUE,2022-02-24T20:48:17,359.22
1488,0007,SANTANDER,LUCAS,DEPOSITO,2022-02-06T20:05:34,2744.49
4582,0008,ITAU,BRUNA,SAQUE,2022-02-01T09:17:20,3198.15
7912,0006,SANTANDER,CARLOS,SAQUE,2022-02-17T22:25:16,4513.73
2424,0005,BANCO DO BRASIL,ANA,SAQUE,2022-02-10T02:09:28,4552.72
2679,0004,BANCO DO BRASIL,JULIA,SAQUE,2022-02-13T08:16:32,1378.08
7912,0006,SANTANDER,CARLOS,DEPOSITO,2022-02-19T11:51:47,112.27
1488,0007,SANTANDER,LUCAS,DEPOSITO,2022-02-25T23:41:45,4155.7
2424,0005,BANCO DO BRASIL,ANA,SAQUE,2022-02-27T14:28:40,1974.92
2424,0005,BANCO DO BRASIL,ANA,DEPOSITO,2022-02-08T11:43:47,3791.27
1434,0010,BANCO DO BRASIL,PAULA,SAQUE,2022-02-28T22:45:22,4345.61
1488,0007,SANTANDER,LUCAS,SAQUE,2022-02-13T13:53:29,1254.93
1434,0010,BANCO DO BRASIL,PAULA,DEPOSITO,2022-02-22T18:23:41,4007.63
4657,0003,ITAU,FELIPE,SAQUE,2022-02-22T19:43:04,3181.97
2679,0004,BANCO DO BRASIL,JULIA,DEPOSITO,2022-02-12T08:18:26,2583.97
1434,0010,BANCO DO BRASIL,PAULA,DEPOSITO,2022-02-26T09:52:29,3202.53
2424,0005,BANCO DO BRASIL,ANA,SAQUE,2022-02-26T14:18:18,1095.14
7912,0006,SANTANDER,CARLOS,SAQUE,2022-02-08T19:16:24,1951.63
7912,0006,SANTANDER,CARLOS,SAQUE,2022-02-17T12:30:53,2050.15
9279,0009,BANCO DO BRASIL,MARCOS,DEPOSITO,2022-02-21T05:49:58,4629.89
4582,0008,ITAU,BRUNA,DEPOSITO,2022-02-13T04:18:24,4199.04
1488,0007,SANTANDER,LUCAS,SAQUE,2022-02-08T22:32:28,1997.1
1434,0010,BANCO DO BRASIL,PAULA,SAQUE,2022-02-17T04:50:05,3693.76
2824,0001,SANTANDER,JOAO,SAQUE,2022-02-13T19:55:27,4507.19
4657,0003,ITAU,FELIPE,SAQUE,2022-02-24T16:04:22,1669.82
1488,0007,SANTANDER,LUCAS,DEPOSITO,2022-02-16T21:05:12,1519.77
7912,0006,SANTANDER,CARLOS,DEPOSITO,2022-02-26T20:09:45,249.99
1488,0007,SANTANDER,LUCAS,SAQUE,2022-02-06T03:06:03,3790.22
1488,0007,SANTANDER,LUCAS,DEPOSITO,2022-02-12T20:40:53,3743.83
4657,0003,ITAU,FELIPE,SAQUE,2022-02-01T15:53:30,3914.47
1488,0007,SANTANDER,LUCAS,DEPOSITO,2022-02-09T06:20:42,4159.06
4657,0003,ITAU,FELIPE,SAQUE,2022-02-02T11:32:29,242.67
5506,0002,ITAU,MARIA,DEPOSITO,2022-02-04T03:29:59,1608.82
5506,0002,ITAU,MARIA,DEPOSITO,2022-02-05T01:33:06,776.95
2424,0005,BANCO DO BRASIL,ANA,DEPOSITO,2022-02-15T17:41:29,607.2
5506,0002,ITAU,MARIA,DEPOSITO,2022-02-11T18:30:27,4035.46
1434,0010,BANCO DO BRASIL,PAULA,SAQUE,2022-02-20T17:28:32,3418.01
4582,0008,ITAU,BRUNA,DEPOSITO,2022-02-20T05:46:30,2946.23
1488,0007,SANTANDER,LUCAS,DEPOSITO,2022-02-12T21:58:17,766.54
1434,0010,BANCO DO BRASIL,PAULA,SAQUE,2022-02-07T02:36:21,1104.36
7912,0006,SANTANDER,CARLOS,DEPOSITO,2022-02-08T12:51:37,871.03
7912,0006,SANTANDER,CARLOS,DEPOSITO,2022-02-22T16:34:58,2135.28
2679,0004,BANCO DO BRASIL,JULIA,SAQUE,2022-02-23T13:00:14,4526.82
2424,0005,BANCO DO BRASIL,ANA,SAQUE,2022-02-05T10:27:14,1960.17
4657,0003,ITAU,FELIPE,DEPOSITO,2022-02-15T22:17:40,411.07
5506,0002,ITAU,MARIA,SAQUE,2022-02-07T22:50:29,1305.67
5506,0002,ITAU,MARIA,DEPOSITO,2022-02-13T05:47:00,2723.24
7912,0006,SANTANDER,CARLOS,DEPOSITO,2022-02-11T01:59:04,3262.19
2824,0001,SANTANDER,JOAO,DEPOSITO,2022-02-18T09:17:43,3624.75
2679,0004,BANCO DO BRASIL,JULIA,SAQUE,2022-02-23T10:34:19,1903.48
2679,0004,BANCO DO BRASIL,JULIA,SAQUE,2022-02-09T04:40:43,839.16
9279,0009,BANCO DO BRASIL,MARCOS,SAQUE,2022-02-25T02:54:28,1317.78
4657,0003,ITAU,FELIPE,DEPOSITO,2022-02-18T12:33:13,2587.46
5506,0002,ITAU,MARIA,SAQUE,2022-02-28T18:22:55,2610.31
9279,0009,BANCO DO BRASIL,MARCOS,DEPOSITO,2022-02-22T13:04:27,4330.06
2679,0004,BANCO DO BRASIL,JULIA,DEPOSITO,2022-02-20T14:09:29,4416.36
2679,0004,BANCO DO BRASIL,JULIA,SAQUE,2022-02-22T23:01:21,3783.17
1488,0007,SANTANDER,LUCAS,SAQUE,2022-02-15T13:22:49,2241.64
9279,0009,BANCO DO BRASIL,MARCOS,DEPOSITO,2022-02-25T05:06:13,3621.67
1434,0010,BANCO DO BRASIL,PAULA,DEPOSITO,2022-02-08T17:36:16,1948.19
2679,0004,BANCO DO BRASIL,JULIA,DEPOSITO,2022-02-09T18:08:46,2048.54
1488,0007,SANTANDER,LUCAS,SAQUE,2022-02-17T04:17:01,1352.55
1488,0007,SANTANDER,LUCAS,SAQUE,2022-02-13T00:23:42,1495.57
1488,0007,SANTANDER,LUCAS,DEPOSITO,2022-02-09T16:55:35,2990.41
5506,0002,ITAU,MARIA,DEPOSITO,2022-02-22T13:53:10,2598.92
1434,0010,BANCO DO BRASIL,PAULA,SAQUE,2022-02-13T06:35:35,1553.6
9279,0009,BANCO DO BRASIL,MARCOS,SAQUE,2022-02-13T16:59:30,3877.07
7912,0006,SANTANDER,CARLOS,DEPOSITO,2022-02-26T16:47:13,1064.69
5506,0002,ITAU,MARIA,DEPOSITO,2022-02-19T02:48:27,3976.54
4657,0003,ITAU,FELIPE,SAQUE,2022-02-05T17:36:31,4903.72
2679,0004,BANCO DO BRASIL,JULIA,DEPOSITO,2022-02-24T09:39:14,2441.62
4582,0008,ITAU,BRUNA,SAQUE,2022-02-18T20:33:56,3394.75
7912,0006,SANTANDER,CARLOS,DEPOSITO,2022-02-24T09:41:56,4436.99
2424,0005,BANCO DO BRASIL,ANA,SAQUE,2022-02-13T06:23:43,3296.73
9279,0009,BANCO DO BRASIL,MARCOS,DEPOSITO,2022-02-12T06:29:07,3230.32
4582,0008,ITAU,BRUNA,DEPOSITO,2022-02-10T22:20:43,2938.69
4657,0003,ITAU,FELIPE,DEPOSITO,2022-02-02T19:31:31,167.22
4582,0008,ITAU,BRUNA,SAQUE,2022-02-24T17:33:52,2004.75
4657,0003,ITAU,FELIPE,DEPOSITO,2022-02-03T09:16:16,3520.26
7912,0006,SANTANDER,CARLOS,DEPOSITO,2022-02-08T07:03:29,582.51
5506,0002,ITAU,MARIA,DEPOSITO,2022-02-01T14:07:02,4491.93
5506,0002,ITAU,MARIA,DEPOSITO,2022-02-23T13:14:36,4418.85
2679,0004,BANCO DO BRASIL,JULIA,SAQUE,2022-02-01T21:48:22,1513.28
2824,0001,SANTANDER,JOAO,SAQUE,2022-02-06T14:54:17,2089.71
4582,0008,ITAU,BRUNA,DEPOSITO,2022-02-28T21:26:07,999.39
5506,0002,ITAU,MARIA,DEPOSITO,2022-02-07T16:01:41,2850.86
4582,0008,ITAU,BRUNA,SAQUE,2022-02-22T15:05:44,3020.81
4657,0003,ITAU,FELIPE,DEPOSITO,2022-02-15T21:37:38,1381.32
7912,0006,SANTANDER,CARLOS,DEPOSITO,2022-02-14T17:18:25,2878.33
4582,0008,ITAU,BRUNA,SAQUE,2022-02-26T07:57:37,2098.01
5506,0002,ITAU,MARIA,SAQUE,2022-02-08T15:53:11,2559.38
2424,0005,BANCO DO BRASIL,ANA,SAQUE,2022-02-03T05:35:00,1628.63
4582,0008,ITAU,BRUNA,DEPOSITO,2022-02-02T18:52:13,1410.97
1488,0007,SANTANDER,LUCAS,DEPOSITO,2022-02-13T17:14:38,4858.63
1434,0010,BANCO DO BRASIL,PAULA,DEPOSITO,2022-02-02T03:56:11,852.96
2424,0005,BANCO DO BRASIL,ANA,SAQUE,2022-02-04T03:29:22,1621.74
7912,0006,SANTANDER,CARLOS,SAQUE,2022-02-28T02:28:51,4729.56
2679,0004,BANCO DO BRASIL,JULIA,SAQUE,2022-02-07T16:24:02,2507.91
7912,0006,SANTANDER,CARLOS,SAQUE,2022-02-09T21:19:06,4533.46
1488,0007,SANTANDER,LUCAS,SAQUE,2022-02-14T08:26:09,1371.62
1434,0010,BANCO DO BRASIL,PAULA,DEPOSITO,2022-02-23T06:36:54,4471.71
9279,0009,BANCO DO BRASIL,MARCOS,SAQUE,2022-02-10T11:10:36,1581.16
1434,0010,BANCO DO BRASIL,PAULA,SAQUE,2022-02-14T12:17:14,4223.14
4657,0003,ITAU,FELIPE,DEPOSITO,2022-02-21T09:24:03,4612.66
1488,0007,SANTANDER,LUCAS,DEPOSITO,2022-02-12T08:28:07,3900.77
1488,0007,SANTANDER,LUCAS,DEPOSITO,2022-02-17T04:16:19,639.94
2679,0004,BANCO DO BRASIL,JULIA,SAQUE,2022-02-26T04:39:31,1522.16
4657,0003,ITAU,FELIPE,SAQUE,2022-02-26T19:42:17,3595.11
9279,0009,BANCO DO BRASIL,MARCOS,DEPOSITO,2022-02-28T04:21:19,2695.89
2824,0001,SANTANDER,JOAO,SAQUE,2022-02-22T11:03:40,1811.35
9279,0009,BANCO DO BRASIL,MARCOS,SAQUE,2022-02-05T18:30:18,715.38
2679,0004,BANCO DO BRASIL,JULIA,DEPOSITO,2022-02-26T06:03:42,3885.79
5506,0002,ITAU,MARIA,SAQUE,2022-02-10T19:59:55,1205.72
9279,0009,BANCO DO BRASIL,MARCOS,DEPOSITO,2022-02-09T19:59:02,4435.6
2424,0005,BANCO DO BRASIL,ANA,DEPOSITO,2022-02-09T13:01:34,4507.27
9279,0009,BANCO DO BRASIL,MARCOS,SAQUE,2022-02-25T19:40:48,2337.02
4582,0008,ITAU,BRUNA,SAQUE,2022-02-15T08:12:12,2085.72
4582,0008,ITAU,BRUNA,DEPOSITO,2022-02-26T18:10:47,3679.23
1434,0010,BANCO DO BRASIL,PAULA,SAQUE,2022-02-25T02:19:26,2119.84
2679,0004,BANCO DO BRASIL,JULIA,SAQUE,2022-02-12T23:39:44,2793.53
4582,0008,ITAU,BRUNA,SAQUE,2022-02-26T15:29:54,4444.74
5506,0002,ITAU,MARIA,DEPOSITO,2022-02-10T12:42:15,2007.91
2424,0005,BANCO DO BRASIL,ANA,DEPOSITO,2022-02-04T13:02:38,3960.62
5506,0002,ITAU,MARIA,SAQUE,2022-02-07T15:10:42,1455.08
9279,0009,BANCO DO BRASIL,MARCOS,SAQUE,2022-02-08T07:25:21,41.83
4657,0003,ITAU,FELIPE,SAQUE,2022-02-19T13:11:32,2390.0
5506,0002,ITAU,MARIA,SAQUE,2022-02-12T09:33:42,4437.42
1434,0010,BANCO DO BRASIL,PAULA,DEPOSITO,2022-02-06T15:42:27,910.5
2424,0005,BANCO DO BRASIL,ANA,SAQUE,2022-02-11T11:23:32,3466.72
5506,0002,ITAU,MARIA,SAQUE,2022-02-03T06:07:36,837.86
5506,0002,ITAU,MARIA,SAQUE,2022-02-21T09:13:38,1882.52
9279,0009,BANCO DO BRASIL,MARCOS,DEPOSITO,2022-02-25T01:19:00,2696.34
4582,0008,ITAU,BRUNA,DEPOSITO,2022-02-14T14:09:15,4333.27
7912,0006,SANTANDER,CARLOS,SAQUE,2022-02-15T08:24:30,815.75
4657,0003,ITAU,FELIPE,DEPOSITO,2022-02-16T14:30:48,777.64
1434,0010,BANCO DO BRASIL,PAULA,DEPOSITO,2022-02-14T13:05:30,4783.18
9279,0009,BANCO DO BRASIL,MARCOS,DEPOSITO,2022-02-04T02:36:57,2207.79
7912,0006,SANTANDER,CARLOS,DEPOSITO,2022-02-13T01:08:08,1341.36
2824,0001,SANTANDER,JOAO,SAQUE,2022-02-18T02:45:51,1693.25
2424,0005,BANCO DO BRASIL,ANA,SAQUE,2022-02-18T11:55:38,4438.72
5506,0002,ITAU,MARIA,SAQUE,2022-02-03T23:08:09,1337.74
4657,0003,ITAU,FELIPE,SAQUE,2022-02-14T15:33:01,3835.97
7912,0006,SANTANDER,CARLOS,DEPOSITO,2022-02-07T23:56:48,3745.84
9279,0009,BANCO DO BRASIL,MARCOS,SAQUE,2022-02-13T20:48:48,2643.09
9279,0009,BANCO DO BRASIL,MARCOS,DEPOSITO,2022-02-20T14:21:42,111.29
5506,0002,ITAU,MARIA,SAQUE,2022-02-07T21:03:48,1748.16
4582,0008,ITAU,BRUNA,SAQUE,2022-02-01T21:28:14,3388.26
4657,0003,ITAU,FELIPE,SAQUE,2022-02-18T09:34:28,4414.7
9279,0009,BANCO DO BRASIL,MARCOS,DEPOSITO,2022-02-07T16:02:55,936.84
9279,0009,BANCO DO BRASIL,MARCOS,DEPOSITO,2022-02-11T16:10:11,867.49
7912,0006,SANTANDER,CARLOS,SAQUE,2022-02-03T07:36:46,3785.23
4582,0008,ITAU,BRUNA,DEPOSITO,2022-02-01T11:31:03,157.52
4657,0003,ITAU,FELIPE,DEPOSITO,2022-02-05T07:18:42,1893.9
5506,0002,ITAU,MARIA,SAQUE,2022-02-22T16:53:01,1856.34
2424,0005,BANCO DO BRASIL,ANA,SAQUE,2022-02-07T16:37:28,4992.04
7912,0006,SANTANDER,CARLOS,DEPOSITO,2022-02-17T20:47:36,3838.89
1488,0007,SANTANDER,LUCAS,SAQUE,2022-02-24T20:15:12,4995.87
1434,0010,BANCO DO BRASIL,PAULA,SAQUE,2022-02-01T08:40:00,4347.18
4582,0008,ITAU,BRUNA,DEPOSITO,2022-02-20T00:57:05,1540.3
2679,0004,BANCO DO BRASIL,JULIA,DEPOSITO,2022-02-10T17:39:50,970.8
1434,0010,BANCO DO BRASIL,PAULA,SAQUE,2022-02-01T08:38:57,1519.53
2824,0001,SANTANDER,JOAO,DEPOSITO,2022-02-09T11:18:46,2923.53
4582,0008,ITAU,BRUNA,DEPOSITO,2022-02-03T13:35:01,4970.1
9279,0009,BANCO DO BRASIL,MARCOS,DEPOSITO,2022-02-20T04:57:27,1537.79
4657,0003,ITAU,FELIPE,SAQUE,2022-02-01T10:19:27,4396.98
1488,0007,SANTANDER,LUCAS,SAQUE,2022-02-02T16:23:06,4914.95
1434,0010,BANCO DO BRASIL,PAULA,SAQUE,2022-02-10T05:47:13,1429.32
7912,0006,SANTANDER,CARLOS,SAQUE,2022-02-06T23:56:22,465.04
7912,0006,SANTANDER,CARLOS,DEPOSITO,2022-02-10T03:05:51,4309.27
2824,0001,SANTANDER,JOAO,DEPOSITO,2022-02-19T19:21:24,1470.99
7912,0006,SANTANDER,CARLOS,SAQUE,2022-02-12T05:39:56,791.3
4657,0003,ITAU,FELIPE,DEPOSITO,2022-02-19T03:36:01,2632.12
4582,0008,ITAU,BRUNA,DEPOSITO,2022-02-25T18:11:29,1663.94
7912,0006,SANTANDER,CARLOS,SAQUE,2022-02-22T17:12:38,1618.54
2824,0001,SANTANDER,JOAO,SAQUE,2022-02-19T17:41:18,2841.29
5506,0002,ITAU,MARIA,SAQUE,2022-02-14T00:01:19,4011.95
1488,0007,SANTANDER,LUCAS,DEPOSITO,2022-02-21T15:58:52,3120.01
2679,0004,BANCO DO BRASIL,JULIA,DEPOSITO,2022-02-03T09:20:19,2239.59
1488,0007,SANTANDER,LUCAS,SAQUE,2022-02-24T01:06:30,550.6
4582,0008,ITAU,BRUNA,SAQUE,2022-02-27T14:24:44,1102.96
7912,0006,SANTANDER,CARLOS,DEPOSITO,2022-02-10T21:41:32,1574.78
9279,0009,BANCO DO BRASIL,MARCOS,SAQUE,2022-02-05T03:18:16,1337.42
1434,0010,BANCO DO BRASIL,PAULA,DEPOSITO,2022-02-22T02:40:52,252.23
4582,0008,ITAU,BRUNA,DEPOSITO,2022-02-16T16:16:28,4147.35
2424,0005,BANCO DO BRASIL,ANA,SAQUE,2022-02-17T07:20:30,644.79
9279,0009,BANCO DO BRASIL,MARCOS,SAQUE,2022-02-26T10:10:45,2369.71
4657,0003,ITAU,FELIPE,SAQUE,2022-02-13T18:41:26,3670.39
2824,0001,SANTANDER,JOAO,SAQUE,2022-02-27T12:49:47,1444.1
7912,0006,SANTANDER,CARLOS,DEPOSITO,2022-02-14T14:08:38,2845.61
4582,0008,ITAU,BRUNA,SAQUE,2022-02-26T11:59:07,755.26
2824,0001,SANTANDER,JOAO,SAQUE,2022-02-05T11:57:09,2708.85
1434,0010,BANCO DO BRASIL,PAULA,SAQUE,2022-02-26T12:40:02,1651.17
2824,0001,SANTANDER,JOAO,DEPOSITO,2022-02-12T08:47:04,1615.04
2824,0001,SANTANDER,JOAO,DEPOSITO,2022-02-23T13:35:06,2384.22
4582,0008,ITAU,BRUNA,DEPOSITO,2022-02-22T04:02:38,2025.52
2424,0005,BANCO DO BRASIL,ANA,SAQUE,2022-02-19T08:18:34,2676.14
1434,0010,BANCO DO BRASIL,PAULA,SAQUE,2022-02-06T12:20:25,2012.75
7912,0006,SANTANDER,CARLOS,DEPOSITO,2022-02-15T11:44:58,3425.22
2424,0005,BANCO DO BRASIL,ANA,DEPOSITO,2022-02-09T09:30:32,997.32
1434,0010,BANCO DO BRASIL,PAULA,SAQUE,2022-02-15T08:54:55,2539.48
2424,0005,BANCO DO BRASIL,ANA,DEPOSITO,2022-02-12T04:20:36,3825.78
9279,0009,BANCO DO BRASIL,MARCOS,SAQUE,2022-02-15T01:05:30,469.16
9279,0009,BANCO DO BRASIL,MARCOS,SAQUE,2022-02-11T23:09:12,3656.59
1434,0010,BANCO DO BRASIL,PAULA,DEPOSITO,2022-02-18T21:24:38,2121.71
2824,0001,SANTANDER,JOAO,DEPOSITO,2022-02-22T08:02:44,4883.0
1488,0007,SANTANDER,LUCAS,DEPOSITO,2022-02-27T06:18:15,238.64
2424,0005,BANCO DO BRASIL,ANA,DEPOSITO,2022-02-20T06:08:09,4707.94
1434,0010,BANCO DO BRASIL,PAULA,SAQUE,2022-02-06T05:22:33,2309.9
7912,0006,SANTANDER,CARLOS,SAQUE,2022-02-10T00:45:35,745.25
5506,0002,ITAU,MARIA,SAQUE,2022-02-27T12:08:46,3854.44
7912,0006,SANTANDER,CARLOS,DEPOSITO,2022-02-19T07:47:25,1562.65
2424,0005,BANCO DO BRASIL,ANA,SAQUE,2022-02-09T11:03:02,4684.55
9279,0009,BANCO DO BRASIL,MARCOS,DEPOSITO,2022-02-22T02:23:47,3759.79
4657,0003,ITAU,FELIPE,DEPOSITO,2022-02-01T12:56:35,4235.98
2424,0005,BANCO DO BRASIL,ANA,DEPOSITO,2022-02-02T17:57:21,2256.38
9279,0009,BANCO DO BRASIL,MARCOS,DEPOSITO,2022-02-05T20:24:57,3598.02
4657,0003,ITAU,FELIPE,DEPOSITO,2022-02-03T14:26:37,45.37
1488,0007,SANTANDER,LUCAS,SAQUE,2022-02-22T16:29:04,3771.25
4657,0003,ITAU,FELIPE,SAQUE,2022-02-15T20:36:11,4966.11
9279,0009,BANCO DO BRASIL,MARCOS,DEPOSITO,2022-02-23T00:37:00,2532.7
4657,0003,ITAU,FELIPE,SAQUE,2022-02-09T12:13:23,434.16
1488,0007,SANTANDER,LUCAS,DEPOSITO,2022-02-13T03:41:59,139.07
4657,0003,ITAU,FELIPE,SAQUE,2022-02-16T15:55:37,4674.34
9279,0009,BANCO DO BRASIL,MARCOS,SAQUE,2022-02-05T12:08:43,3265.09
9279,0009,BANCO DO BRASIL,MARCOS,DEPOSITO,2022-02-21T08:31:33,2015.99
4657,0003,ITAU,FELIPE,SAQUE,2022-02-24T22:54:40,2161.19
4582,0008,ITAU,BRUNA,DEPOSITO,2022-02-21T07:15:57,864.29
7912,0006,SANTANDER,CARLOS,DEPOSITO,2022-02-13T12:30:02,2845.47
4657,0003,ITAU,FELIPE,DEPOSITO,2022-02-27T20:46:00,833.38
2424,0005,BANCO DO BRASIL,ANA,SAQUE,2022-02-08T11:34:16,736.04
2424,0005,BANCO DO BRASIL,ANA,SAQUE,2022-02-20T05:08:49,1379.66
2424,0005,BANCO DO BRASIL,ANA,DEPOSITO,2022-02-23T16:02:33,3305.78
9279,0009,BANCO DO BRASIL,MARCOS,SAQUE,2022-02-08T21:46:20,3785.47
9279,0009,BANCO DO BRASIL,MARCOS,SAQUE,2022-02-27T22:31:12,842.66
1488,0007,SANTANDER,LUCAS,DEPOSITO,2022-02-12T07:53:34,1125.52
2824,0001,SANTANDER,JOAO,DEPOSITO,2022-02-11T05:05:20,2595.02
2824,0001,SANTANDER,JOAO,DEPOSITO,2022-02-26T02:54:45,4840.85
9279,0009,BANCO DO BRASIL,MARCOS,SAQUE,2022-02-26T21:10:19,1819.65
4657,0003,ITAU,FELIPE,DEPOSITO,2022-02-05T12:23:02,229.06
1434,0010,BANCO DO BRASIL,PAULA,DEPOSITO,2022-02-21T13:11:48,2059.68
2679,0004,BANCO DO BRASIL,JULIA,SAQUE,2022-02-20T06:15:47,1619.44
4582,0008,ITAU,BRUNA,DEPOSITO,2022-02-06T22:20:25,634.47
9279,0009,BANCO DO BRASIL,MARCOS,SAQUE,2022-02-13T00:10:55,3590.2
4657,0003,ITAU,FELIPE,SAQUE,2022-02-06T14:10:40,3033.13
1488,0007,SANTANDER,LUCAS,SAQUE,2022-02-28T04:59:05,2476.89
5506,0002,ITAU,MARIA,DEPOSITO,2022-02-27T19:33:14,3292.92
7912,0006,SANTANDER,CARLOS,DEPOSITO,2022-02-22T02:58:35,4009.09
4657,0003,ITAU,FELIPE,DEPOSITO,2022-02-27T17:16:25,4728.3
9279,0009,BANCO DO BRASIL,MARCOS,DEPOSITO,2022-02-07T14:03:11,307.24
4657,0003,ITAU,FELIPE,DEPOSITO,2022-02-06T23:52:51,493.93
2424,0005,BANCO DO BRASIL,ANA,DEPOSITO,2022-02-04T15:26:36,1053.85
1488,0007,SANTANDER,LUCAS,SAQUE,2022-02-08T04:17:26,4172.2
4657,0003,ITAU,FELIPE,SAQUE,2022-02-03T01:47:51,125.44
1488,0007,SANTANDER,LUCAS,DEPOSITO,2022-02-13T13:50:44,209.19
5506,0002,ITAU,MARIA,DEPOSITO,2022-02-09T08:32:06,221.06
5506,0002,ITAU,MARIA,SAQUE,2022-02-17T16:32:45,4042.82
4582,0008,ITAU,BRUNA,DEPOSITO,2022-02-04T13:48:00,980.86
4657,0003,ITAU,FELIPE,SAQUE,2022-02-25T22:04:59,2239.22
1488,0007,SANTANDER,LUCAS,SAQUE,2022-02-08T16:01:01,3054.51
9279,0009,BANCO DO BRASIL,MARCOS,SAQUE,2022-02-18T15:58:18,1870.53
2424,0005,BANCO DO BRASIL,ANA,SAQUE,2022-02-02T00:58:59,4656.92
2824,0001,SANTANDER,JOAO,DEPOSITO,2022-02-11T21:14:15,3254.22
2824,0001,SANTANDER,JOAO,DEPOSITO,2022-02-27T00:50:46,1044.82
7912,0006,SANTANDER,CARLOS,SAQUE,2022-02-26T19:57:33,1346.19
2824,0001,SANTANDER,JOAO,SAQUE,2022-02-15T23:25:18,2181.61
2824,0001,SANTANDER,JOAO,DEPOSITO,2022-02-06T04:20:56,3716.64
5506,0002,ITAU,MARIA,SAQUE,2022-02-22T18:41:11,3628.43
5506,0002,ITAU,MARIA,SAQUE,2022-02-16T08:31:10,3291.37
1488,0007,SANTANDER,LUCAS,DEPOSITO,2022-02-17T18:19:08,867.43
2824,0001,SANTANDER,JOAO,DEPOSITO,2022-02-12T04:54:43,4675.16
2824,0001,SANTANDER,JOAO,SAQUE,2022-02-14T23:26:29,3235.03
2424,0005,BANCO DO BRASIL,ANA,DEPOSITO,2022-02-26T23:50:30,2329.69
1488,0007,SANTANDER,LUCAS,SAQUE,2022-02-26T13:44:29,695.08
2679,0004,BANCO DO BRASIL,JULIA,DEPOSITO,2022-02-15T13:30:11,1325.6
9279,0009,BANCO DO BRASIL,MARCOS,SAQUE,2022-02-22T05:36:35,1162.54
1488,0007,SANTANDER,LUCAS,SAQUE,2022-02-05T16:21:10,2424.86
1434,0010,BANCO DO BRASIL,PAULA,DEPOSITO,2022-02-19T13:29:41,2560.02
2679,0004,BANCO DO BRASIL,JULIA,DEPOSITO,2022-02-02T01:17:02,3859.9
2424,0005,BANCO DO BRASIL,ANA,DEPOSITO,2022-02-21T13:48:12,2867.29
4657,0003,ITAU,FELIPE,DEPOSITO,2022-02-13T12:31:35,4930.86
2424,0005,BANCO DO BRASIL,ANA,SAQUE,2022-02-15T01:59:45,3753.15
2424,0005,BANCO DO BRASIL,ANA,SAQUE,2022-02-23T20:19:23,3866.68
2824,0001,SANTANDER,JOAO,SAQUE,2022-02-15T09:35:28,4452.34
2679,0004,BANCO DO BRASIL,JULIA,SAQUE,2022-02-09T00:23:35,4552.17
4582,0008,ITAU,BRUNA,SAQUE,2022-02-09T05:32:58,375.64
7912,0006,SANTANDER,CARLOS,DEPOSITO,2022-02-01T00:04:15,3554.43
2824,0001,SANTANDER,JOAO,SAQUE,2022-02-10T12:26:50,4802.98
5506,0002,ITAU,MARIA,SAQUE,2022-02-13T04:33:07,2314.11
1434,0010,BANCO DO BRASIL,PAULA,SAQUE,2022-02-24T22:21:45,2548.02
4582,0008,ITAU,BRUNA,SAQUE,2022-02-01T07:23:52,46.05
1434,0010,BANCO DO BRASIL,PAULA,SAQUE,2022-02-01T05:00:37,4075.79
4657,0003,ITAU,FELIPE,DEPOSITO,2022-02-12T21:30:04,3163.72
4582,0008,ITAU,BRUNA,SAQUE,2022-02-16T12:20:48,3342.52
2824,0001,SANTANDER,JOAO,DEPOSITO,2022-02-27T21:28:54,2865.66
2424,0005,BANCO DO BRASIL,ANA,DEPOSITO,2022-02-26T04:23:26,1607.64
7912,0006,SANTANDER,CARLOS,SAQUE,2022-02-14T15:01:28,1910.28
5506,0002,ITAU,MARIA,SAQUE,2022-02-05T03:15:43,4417.13
2824,0001,SANTANDER,JOAO,DEPOSITO,2022-02-17T02:17:41,2107.69
7912,0006,SANTANDER,CARLOS,SAQUE,2022-02-01T03:35:38,2290.03
4657,0003,ITAU,FELIPE,DEPOSITO,2022-02-15T04:07:51,797.1
1488,0007,SANTANDER,LUCAS,SAQUE,2022-02-23T00:12:59,3065.36
4582,0008,ITAU,BRUNA,DEPOSITO,2022-02-13T20:45:09,464.77
1488,0007,SANTANDER,LUCAS,DEPOSITO,2022-02-05T19:36:20,4976.86
9279,0009,BANCO DO BRASIL,MARCOS,SAQUE,2022-02-02T11:24:53,4915.77
4657,0003,ITAU,FELIPE,DEPOSITO,2022-02-06T06:19:50,727.92
9279,0009,BANCO DO BRASIL,MARCOS,DEPOSITO,2022-02-23T05:19:43,2470.01
5506,0002,ITAU,MARIA,DEPOSITO,2022-02-24T20:43:43,3764.99
1488,0007,SANTANDER,LUCAS,SAQUE,2022-02-25T13:08:04,1687.75
4657,0003,ITAU,FELIPE,SAQUE,2022-02-19T01:32:47,3827.73
2824,0001,SANTANDER,JOAO,DEPOSITO,2022-02-11T01:31:35,1506.46
4657,0003,ITAU,FELIPE,SAQUE,2022-02-26T10:56:42,3578.26
4657,0003,ITAU,FELIPE,SAQUE,2022-02-15T16:29:59,4023.44
1434,0010,BANCO DO BRASIL,PAULA,SAQUE,2022-02-22T18:01:32,414.94
4657,0003,ITAU,FELIPE,SAQUE,2022-02-21T23:53:39,4964.55
4657,0003,ITAU,FELIPE,SAQUE,2022-02-16T20:26:50,3038.76
5506,0002,ITAU,MARIA,SAQUE,2022-02-17T10:05:53,1049.15
9279,0009,BANCO DO BRASIL,MARCOS,DEPOSITO,2022-02-12T23:47:54,487.27
2824,0001,SANTANDER,JOAO,SAQUE,2022-02-28T04:45:45,1318.52
7912,0006,SANTANDER,CARLOS,SAQUE,2022-02-16T14:58:39,2143.22
1434,0010,BANCO DO BRASIL,PAULA,SAQUE,2022-02-24T16:55:09,4367.36
7912,0006,SANTANDER,CARLOS,SAQUE,2022-02-22T05:03:40,3102.52
1434,0010,BANCO DO BRASIL,PAULA,DEPOSITO,2022-02-08T06:23:50,3488.66
9279,0009,BANCO DO BRASIL,MARCOS,DEPOSITO,2022-02-05T08:39:27,2421.77
2824,0001,SANTANDER,JOAO,DEPOSITO,2022-02-16T19:25:03,4827.53
1434,0010,BANCO DO BRASIL,PAULA,SAQUE,2022-02-12T01:50:27,1871.4
4582,0008,ITAU,BRUNA,DEPOSITO,2022-02-02T17:42:33,3479.45
5506,0002,ITAU,MARIA,DEPOSITO,2022-02-07T06:24:30,874.72
2424,0005,BANCO DO BRASIL,ANA,DEPOSITO,2022-02-03T07:04:36,3795.83
4582,0008,ITAU,BRUNA,SAQUE,2022-02-01T02:53:54,1925.91
1434,0010,BANCO DO BRASIL,PAULA,DEPOSITO,2022-02-07T12:25:09,53.17
2824,0001,SANTANDER,JOAO,SAQUE,2022-02-12T04:58:47,4962.46
1434,0010,BANCO DO BRASIL,PAULA,DEPOSITO,2022-02-28T03:47:29,1416.39
2679,0004,BANCO DO BRASIL,JULIA,DEPOSITO,2022-02-13T06:40:23,2439.01
9279,0009,BANCO DO BRASIL,MARCOS,DEPOSITO,2022-02-17T20:28:49,2413.44
4657,0003,ITAU,FELIPE,SAQUE,2022-02-02T08:30:26,4731.13
4582,0008,ITAU,BRUNA,DEPOSITO,2022-02-14T21:32:39,4132.43
9279,0009,BANCO DO BRASIL,MARCOS,SAQUE,2022-02-10T09:06:52,2658.97
2679,0004,BANCO DO BRASIL,JULIA,DEPOSITO,2022-02-27T18:16:13,731.76
1434,0010,BANCO DO BRASIL,PAULA,SAQUE,2022-02-22T00:46:57,3193.47
1488,0007,SANTANDER,LUCAS,DEPOSITO,2022-02-13T03:05:41,1036.98
2679,0004,BANCO DO BRASIL,JULIA,SAQUE,2022-02-24T05:52:17,492.46
4582,0008,ITAU,BRUNA,DEPOSITO,2022-02-24T03:05:32,1349.71
1488,0007,SANTANDER,LUCAS,DEPOSITO,2022-02-02T09:11:37,470.25
7912,0006,SANTANDER,CARLOS,DEPOSITO,2022-02-18T05:32:19,4141.89
4657,0003,ITAU,FELIPE,DEPOSITO,2022-02-28T07:42:58,96.69
2424,0005,BANCO DO BRASIL,ANA,SAQUE,2022-02-07T10:22:54,445.61
5506,0002,ITAU,MARIA,DEPOSITO,2022-02-20T09:22:26,1772.11
2679,0004,BANCO DO BRASIL,JULIA,DEPOSITO,2022-02-18T03:09:21,4088.01
2679,0004,BANCO DO BRASIL,JULIA,SAQUE,2022-02-08T21:06:01,2118.59
7912,0006,SANTANDER,CARLOS,DEPOSITO,2022-02-14T05:02:05,2205.47
9279,0009,BANCO DO BRASIL,MARCOS,DEPOSITO,2022-02-23T09:40:03,2384.13
7912,0006,SANTANDER,CARLOS,SAQUE,2022-02-06T08:55:52,4225.27
2424,0005,BANCO DO BRASIL,ANA,DEPOSITO,2022-02-08T13:19:25,3476.92
1434,0010,BANCO DO BRASIL,PAULA,DEPOSITO,2022-02-11T15:17:27,1252.72
5506,0002,ITAU,MARIA,DEPOSITO,2022-02-01T12:23:53,1032.54
1434,0010,BANCO DO BRASIL,PAULA,DEPOSITO,2022-02-05T09:06:59,3784.89
2824,0001,SANTANDER,JOAO,SAQUE,2022-02-25T04:22:09,3393.76
5506,0002,ITAU,MARIA,DEPOSITO,2022-02-02T02:06:47,3657.47
4657,0003,ITAU,FELIPE,SAQUE,2022-02-04T19:34:09,3018.61
1488,0007,SANTANDER,LUCAS,SAQUE,2022-02-20T08:11:58,2015.03
2424,0005,BANCO DO BRASIL,ANA,DEPOSITO,2022-02-19T23:04:33,1355.5
1488,0007,SANTANDER,LUCAS,DEPOSITO,2022-02-22T10:08:50,1388.26
1434,0010,BANCO DO BRASIL,PAULA,SAQUE,2022-02-04T13:08:54,3837.91
7912,0006,SANTANDER,CARLOS,SAQUE,2022-02-26T22:38:41,2904.43
7912,0006,SANTANDER,CARLOS,DEPOSITO,2022-02-22T21:37:45,2343.08
2824,0001,SANTANDER,JOAO,SAQUE,2022-02-17T16:17:34,4087.37
2679,0004,BANCO DO BRASIL,JULIA,DEPOSITO,2022-02-27T07:37:32,2180.68
5506,0002,ITAU,MARIA,DEPOSITO,2022-02-16T23:41:45,3442.73
1488,0007,SANTANDER,LUCAS,SAQUE,2022-02-25T03:49:27,4565.02
1434,0010,BANCO DO BRASIL,PAULA,SAQUE,2022-02-12T23:07:57,1466.97
1488,0007,SANTANDER,LUCAS,SAQUE,2022-02-26T22:43:35,1938.3
2824,0001,SANTANDER,JOAO,SAQUE,2022-02-05T16:49:44,1063.23
4657,0003,ITAU,FELIPE,DEPOSITO,2022-02-10T10:44:48,3365.86
1488,0007,SANTANDER,LUCAS,DEPOSITO,2022-02-18T15:34:42,1695.63
4657,0003,ITAU,FELIPE,DEPOSITO,2022-02-13T04:48:50,4301.25
4582,0008,ITAU,BRUNA,DEPOSITO,2022-02-22T15:48:41,2124.45
4657,0003,ITAU,FELIPE,SAQUE,2022-02-13T22:55:02,3031.97
5506,0002,ITAU,MARIA,SAQUE,2022-02-08T04:28:37,4932.12
1434,0010,BANCO DO BRASIL,PAULA,DEPOSITO,2022-02-19T10:59:41,2646.84
7912,0006,SANTANDER,CARLOS,SAQUE,2022-02-17T10:37:18,392.1
4657,0003,ITAU,FELIPE,SAQUE,2022-02-21T22:43:48,2615.0
7912,0006,SANTANDER,CARLOS,SAQUE,2022-02-26T21:01:28,883.73
2679,0004,BANCO DO BRASIL,JULIA,SAQUE,2022-02-04T05:03:15,893.62
5506,0002,ITAU,MARIA,DEPOSITO,2022-02-14T20:56:22,2874.7
1488,0007,SANTANDER,LUCAS,SAQUE,2022-02-20T06:46:25,3061.17
2679,0004,BANCO DO BRASIL,JULIA,SAQUE,2022-02-28T02:36:37,3748.48
7912,0006,SANTANDER,CARLOS,DEPOSITO,2022-02-09T19:09:29,3749.25
2679,0004,BANCO DO BRASIL,JULIA,SAQUE,2022-02-13T05:52:14,1406.82
1488,0007,SANTANDER,LUCAS,DEPOSITO,2022-02-05T09:12:08,1643.36
7912,0006,SANTANDER,CARLOS,SAQUE,2022-02-18T18:43:11,2586.54
1434,0010,BANCO DO BRASIL,PAULA,SAQUE,2022-02-04T14:17:47,1037.96
2679,0004,BANCO DO BRASIL,JULIA,DEPOSITO,2022-02-14T16:54:50,3655.73
9279,0009,BANCO DO BRASIL,MARCOS,SAQUE,2022-02-15T17:52:44,235.21
9279,0009,BANCO DO BRASIL,MARCOS,SAQUE,2022-02-21T04:35:42,2719.97
1434,0010,BANCO DO BRASIL,PAULA,SAQUE,2022-02-08T21:56:57,1424.28
4657,0003,ITAU,FELIPE,SAQUE,2022-02-02T07:30:23,1304.19
1434,0010,BANCO DO BRASIL,PAULA,DEPOSITO,2022-02-26T06:20:36,3803.57
2424,0005,BANCO DO BRASIL,ANA,DEPOSITO,2022-02-27T23:47:23,2145.52
2424,0005,BANCO DO BRASIL,ANA,DEPOSITO,2022-02-24T05:27:55,1009.52
9279,0009,BANCO DO BRASIL,MARCOS,DEPOSITO,2022-02-03T02:21:09,3642.95
2824,0001,SANTANDER,JOAO,DEPOSITO,2022-02-28T13:21:42,2822.4
4657,0003,ITAU,FELIPE,DEPOSITO,2022-02-19T18:58:28,4520.75
5506,0002,ITAU,MARIA,SAQUE,2022-02-19T00:38:14,4066.93
2679,0004,BANCO DO BRASIL,JULIA,DEPOSITO,2022-02-28T20:36:02,3917.96
5506,0002,ITAU,MARIA,SAQUE,2022-02-01T21:54:39,3875.71
7912,0006,SANTANDER,CARLOS,DEPOSITO,2022-02-22T08:49:01,3172.25
4582,0008,ITAU,BRUNA,SAQUE,2022-02-28T02:08:29,2378.6
7912,0006,SANTANDER,CARLOS,DEPOSITO,2022-02-16T13:01:03,1114.67
4657,0003,ITAU,FELIPE,SAQUE,2022-02-20T15:16:26,2682.38
2679,0004,BANCO DO BRASIL,JULIA,SAQUE,2022-02-16T11:14:51,1452.22
1434,0010,BANCO DO BRASIL,PAULA,SAQUE,2022-02-01T08:18:48,988.47
1434,0010,BANCO DO BRASIL,PAULA,SAQUE,2022-02-10T12:01:40,1269.95
5506,0002,ITAU,MARIA,SAQUE,2022-02-25T16:13:27,1321.6
4657,0003,ITAU,FELIPE,SAQUE,2022-02-04T03:54:51,1993.72
9279,0009,BANCO DO BRASIL,MARCOS,DEPOSITO,2022-02-14T17:47:16,1909.5
1488,0007,SANTANDER,LUCAS,SAQUE,2022-02-25T21:00:44,3881.55
5506,0002,ITAU,MARIA,DEPOSITO,2022-02-15T09:57:14,4412.52
2679,0004,BANCO DO BRASIL,JULIA,DEPOSITO,2022-02-08T22:09:18,2964.56
4657,0003,ITAU,FELIPE,SAQUE,2022-02-11T09:43:36,2341.67
7912,0006,SANTANDER,CARLOS,SAQUE,2022-02-03T04:42:20,378.03
1488,0007,SANTANDER,LUCAS,SAQUE,2022-02-02T05:55:11,3013.53
4582,0008,ITAU,BRUNA,DEPOSITO,2022-02-09T16:53:47,73.8
1488,0007,SANTANDER,LUCAS,SAQUE,2022-02-14T00:04:26,2349.89
4657,0003,ITAU,FELIPE,SAQUE,2022-02-19T16:57:14,682.1
2824,0001,SANTANDER,JOAO,DEPOSITO,2022-02-05T19:06:54,1468.46
5506,0002,ITAU,MARIA,DEPOSITO,2022-02-01T22:34:59,3747.63
2824,0001,SANTANDER,JOAO,DEPOSITO,2022-02-26T22:21:45,2707.02
1434,0010,BANCO DO BRASIL,PAULA,SAQUE,2022-02-20T00:26:06,1845.85
4582,0008,ITAU,BRUNA,DEPOSITO,2022-02-18T23:27:36,351.92
4582,0008,ITAU,BRUNA,DEPOSITO,2022-02-27T12:49:58,798.3
2679,0004,BANCO DO BRASIL,JULIA,SAQUE,2022-02-20T17:16:53,1694.85
1488,0007,SANTANDER,LUCAS,DEPOSITO,2022-02-15T09:20:40,4153.11
7912,0006,SANTANDER,CARLOS,DEPOSITO,2022-02-07T09:39:48,535.13
4657,0003,ITAU,FELIPE,SAQUE,2022-02-11T04:53:44,1598.54
2679,0004,BANCO DO BRASIL,JULIA,DEPOSITO,2022-02-07T12:07:32,2820.09
1488,0007,SANTANDER,LUCAS,DEPOSITO,2022-02-20T03:09:17,4320.21
2824,0001,SANTANDER,JOAO,SAQUE,2022-02-23T11:17:35,905.97
4657,0003,ITAU,FELIPE,SAQUE,2022-02-27T16:59:53,3703.76
9279,0009,BANCO DO BRASIL,MARCOS,SAQUE,2022-02-06T20:08:18,4746.78
2424,0005,BANCO DO BRASIL,ANA,DEPOSITO,2022-02-23T16:25:10,1412.85
1434,0010,BANCO DO BRASIL,PAULA,DEPOSITO,2022-02-16T03:08:21,845.76
4582,0008,ITAU,BRUNA,DEPOSITO,2022-02-24T05:20:07,3472.81
4582,0008,ITAU,BRUNA,SAQUE,2022-02-27T07:38:06,4951.71
1488,0007,SANTANDER,LUCAS,SAQUE,2022-02-15T14:01:56,1610.12
2424,0005,BANCO DO BRASIL,ANA,SAQUE,2022-02-27T07:26:13,3194.86
2424,0005,BANCO DO BRASIL,ANA,DEPOSITO,2022-02-02T08:07:46,3570.92
2824,0001,SANTANDER,JOAO,DEPOSITO,2022-02-25T16:17:58,2624.68
4657,0003,ITAU,FELIPE,DEPOSITO,2022-02-24T02:10:33,4667.69
4657,0003,ITAU,FELIPE,SAQUE,2022-02-12T12:25:31,1311.47
2424,0005,BANCO DO BRASIL,ANA,DEPOSITO,2022-02-14T03:26:19,2468.1
1434,0010,BANCO DO BRASIL,PAULA,DEPOSITO,2022-02-25T04:41:35,1251.36
4657,0003,ITAU,FELIPE,SAQUE,2022-02-05T03:01:24,3059.95
1434,0010,BANCO DO BRASIL,PAULA,SAQUE,2022-02-11T01:47:47,4065.77
4657,0003,ITAU,FELIPE,DEPOSITO,2022-02-13T02:15:47,906.09
5506,0002,ITAU,MARIA,SAQUE,2022-02-15T22:14:28,375.73
4657,0003,ITAU,FELIPE,DEPOSITO,2022-02-20T20:29:26,403.73
2679,0004,BANCO DO BRASIL,JULIA,DEPOSITO,2022-02-07T19:21:19,174.51
9279,0009,BANCO DO BRASIL,MARCOS,DEPOSITO,2022-02-19T02:26:09,1754.1
2679,0004,BANCO DO BRASIL,JULIA,DEPOSITO,2022-02-22T15:38:08,3920.71
2824,0001,SANTANDER,JOAO,SAQUE,2022-02-20T07:06:49,2480.18
2679,0004,BANCO DO BRASIL,JULIA,SAQUE,2022-02-19T03:21:33,3098.79
2424,0005,BANCO DO BRASIL,ANA,SAQUE,2022-02-01T14:48:39,462.29
1488,0007,SANTANDER,LUCAS,DEPOSITO,2022-02-21T14:09:22,456.41
1488,0007,SANTANDER,LUCAS,SAQUE,2022-02-16T11:54:10,2317.18
7912,0006,SANTANDER,CARLOS,SAQUE,2022-02-09T04:22:01,1620.57
1434,0010,BANCO DO BRASIL,PAULA,SAQUE,2022-02-04T23:02:57,1367.79
7912,0006,SANTANDER,CARLOS,DEPOSITO,2022-02-18T04:42:18,3658.38
4582,0008,ITAU,BRUNA,SAQUE,2022-02-26T05:08:18,2490.34
2424,0005,BANCO DO BRASIL,ANA,SAQUE,2022-02-02T21:51:28,1549.24
2824,0001,SANTANDER,JOAO,DEPOSITO,2022-02-24T05:51:55,555.63
1434,0010,BANCO DO BRASIL,PAULA,SAQUE,2022-02-25T05:10:38,31.64
4582,0008,ITAU,BRUNA,SAQUE,2022-02-04T01:08:54,2802.39
4582,0008,ITAU,BRUNA,DEPOSITO,2022-02-03T12:21:42,4856.99
1434,0010,BANCO DO BRASIL,PAULA,SAQUE,2022-02-14T14:24:34,331.43
1434,0010,BANCO DO BRASIL,PAULA,DEPOSITO,2022-02-10T00:36:59,1223.33
1488,0007,SANTANDER,LUCAS,DEPOSITO,2022-02-12T23:56:00,4710.07
5506,0002,ITAU,MARIA,DEPOSITO,2022-02-09T14:15:30,1994.27
1434,0010,BANCO DO BRASIL,PAULA,SAQUE,2022-02-14T17:40:50,3636.27
7912,0006,SANTANDER,CARLOS,DEPOSITO,2022-02-07T11:52:33,1720.24
5506,0002,ITAU,MARIA,DEPOSITO,2022-02-17T00:02:44,3405.66
9279,0009,BANCO DO BRASIL,MARCOS,DEPOSITO,2022-02-20T03:39:49,4093.7
7912,0006,SANTANDER,CARLOS,DEPOSITO,2022-02-09T16:17:56,2224.61
2679,0004,BANCO DO BRASIL,JULIA,DEPOSITO,2022-02-22T04:44:04,3950.04
2679,0004,BANCO DO BRASIL,JULIA,SAQUE,2022-02-10T18:01:45,784.95
5506,0002,ITAU,MARIA,DEPOSITO,2022-02-14T20:05:45,3238.61
4657,0003,ITAU,FELIPE,DEPOSITO,2022-02-24T10:49:05,2863.04
2679,0004,BANCO DO BRASIL,JULIA,DEPOSITO,2022-02-16T12:02:24,3252.88
2679,0004,BANCO DO BRASIL,JULIA,SAQUE,2022-02-21T03:52:36,230.06
7912,0006,SANTANDER,CARLOS,DEPOSITO,2022-02-10T03:36:19,940.78
5506,0002,ITAU,MARIA,SAQUE,2022-02-14T22:47:36,1333.12
7912,0006,SANTANDER,CARLOS,DEPOSITO,2022-02-23T20:06:49,1038.36
4582,0008,ITAU,BRUNA,SAQUE,2022-02-15T06:09:04,2067.3
1434,0010,BANCO DO BRASIL,PAULA,SAQUE,2022-02-23T12:21:56,1464.26
1488,0007,SANTANDER,LUCAS,SAQUE,2022-02-26T09:56:09,2883.01
2679,0004,BANCO DO BRASIL,JULIA,DEPOSITO,2022-02-25T22:43:50,420.9
9279,0009,BANCO DO BRASIL,MARCOS,SAQUE,2022-02-23T13:40:27,4033.08
2679,0004,BANCO DO BRASIL,JULIA,SAQUE,2022-02-18T03:03:00,191.98
4657,0003,ITAU,FELIPE,SAQUE,2022-02-20T04:30:46,4820.4
2824,0001,SANTANDER,JOAO,DEPOSITO,2022-02-26T12:30:25,601.46
1488,0007,SANTANDER,LUCAS,DEPOSITO,2022-02-22T20:15:27,2949.32
1488,0007,SANTANDER,LUCAS,SAQUE,2022-02-25T07:47:22,3200.64
2824,0001,SANTANDER,JOAO,DEPOSITO,2022-02-09T13:05:48,3210.08
1488,0007,SANTANDER,LUCAS,SAQUE,2022-02-09T01:53:02,3887.56
9279,0009,BANCO DO BRASIL,MARCOS,DEPOSITO,2022-02-24T04:59:36,648.0
4582,0008,ITAU,BRUNA,SAQUE,2022-02-24T22:55:49,1197.01
2824,0001,SANTANDER,JOAO,SAQUE,2022-02-02T04:12:12,4315.8
7912,0006,SANTANDER,CARLOS,SAQUE,2022-02-04T19:39:23,3989.46
2679,0004,BANCO DO BRASIL,JULIA,DEPOSITO,2022-02-22T17:28:03,1958.58
1434,0010,BANCO DO BRASIL,PAULA,SAQUE,2022-02-06T17:16:32,667.76
9279,0009,BANCO DO BRASIL,MARCOS,DEPOSITO,2022-02-03T01:35:10,2986.94
1434,0010,BANCO DO BRASIL,PAULA,DEPOSITO,2022-02-10T11:04:55,4064.11
2824,0001,SANTANDER,JOAO,SAQUE,2022-02-02T10:11:49,2206.43
1488,0007,SANTANDER,LUCAS,SAQUE,2022-02-27T13:37:48,1271.16
1434,0010,BANCO DO BRASIL,PAULA,DEPOSITO,2022-02-26T09:48:42,3617.93
9279,0009,BANCO DO BRASIL,MARCOS,DEPOSITO,2022-02-24T22:33:43,1145.61
4657,0003,ITAU,FELIPE,SAQUE,2022-02-22T14:29:12,3721.29
1434,0010,BANCO DO BRASIL,PAULA,SAQUE,2022-02-15T08:32:11,488.5
4657,0003,ITAU,FELIPE,DEPOSITO,2022-02-23T08:07:43,3462.11
5506,0002,ITAU,MARIA,SAQUE,2022-02-01T16:09:42,952.67
1488,0007,SANTANDER,LUCAS,SAQUE,2022-02-02T07:12:41,3008.66
2824,0001,SANTANDER,JOAO,DEPOSITO,2022-02-13T00:52:21,4212.31
9279,0009,BANCO DO BRASIL,MARCOS,SAQUE,2022-02-14T03:36:57,4156.83
4657,0003,ITAU,FELIPE,SAQUE,2022-02-24T13:00:50,1440.41
9279,0009,BANCO DO BRASIL,MARCOS,SAQUE,2022-02-04T23:49:32,1647.3
1434,0010,BANCO DO BRASIL,PAULA,DEPOSITO,2022-02-11T12:06:34,1168.11
2679,0004,BANCO DO BRASIL,JULIA,DEPOSITO,2022-02-07T15:21:33,3144.96
2679,0004,BANCO DO BRASIL,JULIA,SAQUE,2022-02-23T10:19:09,518.52
1434,0010,BANCO DO BRASIL,PAULA,DEPOSITO,2022-02-17T13:34:37,771.98
9279,0009,BANCO DO BRASIL,MARCOS,DEPOSITO,2022-02-04T03:35:43,19.32
4657,0003,ITAU,FELIPE,SAQUE,2022-02-28T04:37:50,4115.19
2824,0001,SANTANDER,JOAO,DEPOSITO,2022-02-03T17:34:25,1220.94
1488,0007,SANTANDER,LUCAS,DEPOSITO,2022-02-05T17:46:47,184.0
5506,0002,ITAU,MARIA,DEPOSITO,2022-02-26T18:27:43,4111.54
7912,0006,SANTANDER,CARLOS,SAQUE,2022-02-18T12:00:15,4835.6
2824,0001,SANTANDER,JOAO,SAQUE,2022-02-23T11:04:33,1858.7
1488,0007,SANTANDER,LUCAS,SAQUE,2022-02-13T19:54:03,3740.19
1434,0010,BANCO DO BRASIL,PAULA,DEPOSITO,2022-02-01T18:08:48,517.11
4657,0003,ITAU,FELIPE,DEPOSITO,2022-02-18T11:39:00,4658.08
2824,0001,SANTANDER,JOAO,DEPOSITO,2022-02-23T09:45:15,3668.06
4582,0008,ITAU,BRUNA,DEPOSITO,2022-02-25T02:20:50,1576.66
2424,0005,BANCO DO BRASIL,ANA,DEPOSITO,2022-02-20T19:47:31,1278.99
2424,0005,BANCO DO BRASIL,ANA,SAQUE,2022-02-09T14:22:02,4991.07
5506,0002,ITAU,MARIA,SAQUE,2022-02-09T01:27:48,2323.94
5506,0002,ITAU,MARIA,SAQUE,2022-02-21T14:12:29,2480.97
1488,0007,SANTANDER,LUCAS,DEPOSITO,2022-02-06T15:34:44,3454.49
2424,0005,BANCO DO BRASIL,ANA,SAQUE,2022-02-14T22:56:27,2787.56
5506,0002,ITAU,MARIA,SAQUE,2022-02-21T06:30:37,2411.07
4657,0003,ITAU,FELIPE,SAQUE,2022-02-06T16:52:05,738.39
4582,0008,ITAU,BRUNA,DEPOSITO,2022-02-12T09:28:02,1055.07
4657,0003,ITAU,FELIPE,DEPOSITO,2022-02-03T19:35:26,33.52
2824,0001,SANTANDER,JOAO,SAQUE,2022-02-12T21:13:56,3501.73
1434,0010,BANCO DO BRASIL,PAULA,DEPOSITO,2022-02-21T11:24:06,3298.37
2824,0001,SANTANDER,JOAO,SAQUE,2022-02-08T01:19:11,2363.63
1434,0010,BANCO DO BRASIL,PAULA,SAQUE,2022-02-26T10:38:31,4491.69
7912,0006,SANTANDER,CARLOS,DEPOSITO,2022-02-02T04:12:10,3850.71
4582,0008,ITAU,BRUNA,SAQUE,2022-02-17T12:21:11,3037.23
7912,0006,SANTANDER,CARLOS,SAQUE,2022-02-22T05:03:40,3102.52
2424,0005,BANCO DO BRASIL,ANA,SAQUE,2022-02-20T18:15:43,278.43
9279,0009,BANCO DO BRASIL,MARCOS,DEPOSITO,2022-02-23T14:56:02,502.06
4582,0008,ITAU,BRUNA,SAQUE,2022-02-02T22:18:53,1244.49
2424,0005,BANCO DO BRASIL,ANA,SAQUE,2022-02-23T12:34:13,3270.1
4657,0003,ITAU,FELIPE,SAQUE,2022-02-06T20:53:04,2909.33
4582,0008,ITAU,BRUNA,SAQUE,2022-02-17T13:43:13,1817.78
7912,0006,SANTANDER,CARLOS,SAQUE,2022-02-11T20:27:31,4303.65
2679,0004,BANCO DO BRASIL,JULIA,DEPOSITO,2022-02-24T06:59:20,3564.21
4657,0003,ITAU,FELIPE,SAQUE,2022-02-02T10:28:20,4493.46
2424,0005,BANCO DO BRASIL,ANA,DEPOSITO,2022-02-21T05:55:28,3446.25
5506,0002,ITAU,MARIA,SAQUE,2022-02-02T12:21:02,3100.19
4582,0008,ITAU,BRUNA,DEPOSITO,2022-02-01T13:40:56,1362.1
2424,0005,BANCO DO BRASIL,ANA,DEPOSITO,2022-02-04T05:44:24,2998.47
2824,0001,SANTANDER,JOAO,DEPOSITO,2022-02-23T16:27:31,140.99
2679,0004,BANCO DO BRASIL,JULIA,SAQUE,2022-02-22T12:00:50,3938.19
9279,0009,BANCO DO BRASIL,MARCOS,DEPOSITO,2022-02-19T19:16:55,4266.79
7912,0006,SANTANDER,CARLOS,DEPOSITO,2022-02-20T10:43:27,1405.35
4657,0003,ITAU,FELIPE,SAQUE,2022-02-21T14:56:01,3457.18
2679,0004,BANCO DO BRASIL,JULIA,DEPOSITO,2022-02-02T21:49:54,4441.98
1488,0007,SANTANDER,LUCAS,SAQUE,2022-02-25T04:15:23,4446.09
5506,0002,ITAU,MARIA,SAQUE,2022-02-23T13:48:13,3500.33
1434,0010,BANCO DO BRASIL,PAULA,DEPOSITO,2022-02-22T19:44:32,1185.82
7912,0006,SANTANDER,CARLOS,SAQUE,2022-02-23T05:31:00,1527.19
7912,0006,SANTANDER,CARLOS,DEPOSITO,2022-02-23T17:42:03,1777.43
5506,0002,ITAU,MARIA,SAQUE,2022-02-20T11:23:56,3131.11
2424,0005,BANCO DO BRASIL,ANA,SAQUE,2022-02-11T22:25:06,927.98
1488,0007,SANTANDER,LUCAS,SAQUE,2022-02-08T04:54:05,2710.3
1434,0010,BANCO DO BRASIL,PAULA,SAQUE,2022-02-20T20:38:07,3332.56
2424,0005,BANCO DO BRASIL,ANA,SAQUE,2022-02-18T11:50:47,3780.28
7912,0006,SANTANDER,CARLOS,SAQUE,2022-02-07T17:15:26,1332.29
9279,0009,BANCO DO BRASIL,MARCOS,SAQUE,2022-02-24T09:47:21,3802.68
9279,0009,BANCO DO BRASIL,MARCOS,DEPOSITO,2022-02-08T14:22:59,1417.53
7912,0006,SANTANDER,CARLOS,DEPOSITO,2022-02-24T19:39:44,3676.73
1434,0010,BANCO DO BRASIL,PAULA,DEPOSITO,2022-02-25T02:17:27,1281.43
2424,0005,BANCO DO BRASIL,ANA,DEPOSITO,2022-02-26T12:48:53,2590.12
2424,0005,BANCO DO BRASIL,ANA,SAQUE,2022-02-27T13:51:27,4742.74
2679,0004,BANCO DO BRASIL,JULIA,SAQUE,2022-02-09T08:52:53,1945.41
2824,0001,SANTANDER,JOAO,SAQUE,2022-02-14T07:35:45,237.12
2424,0005,BANCO DO BRASIL,ANA,DEPOSITO,2022-02-06T14:17:52,576.7
2424,0005,BANCO DO BRASIL,ANA,SAQUE,2022-02-28T21:25:41,24.06
2679,0004,BANCO DO BRASIL,JULIA,SAQUE,2022-02-08T20:58:41,1479.77
1434,0010,BANCO DO BRASIL,PAULA,SAQUE,2022-02-01T01:39:33,1443.77
1488,0007,SANTANDER,LUCAS,SAQUE,2022-02-17T04:57:48,49.29
9279,0009,BANCO DO BRASIL,MARCOS,SAQUE,2022-02-17T04:51:21,991.27
2424,0005,BANCO DO BRASIL,ANA,DEPOSITO,2022-02-11T12:18:18,3072.45
5506,0002,ITAU,MARIA,SAQUE,2022-02-02T11:43:05,467.87
4657,0003,ITAU,FELIPE,DEPOSITO,2022-02-19T12:17:06,4032.27
9279,0009,BANCO DO BRASIL,MARCOS,SAQUE,2022-02-03T18:16:10,4804.29
1488,0007,SANTANDER,LUCAS,SAQUE,2022-02-12T13:29:18,1167.85
2424,0005,BANCO DO BRASIL,ANA,SAQUE,2022-02-08T05:56:15,4805.25
2824,0001,SANTANDER,JOAO,SAQUE,2022-02-11T01:44:14,3507.98
1488,0007,SANTANDER,LUCAS,SAQUE,2022-02-01T08:02:50,2905.87
7912,0006,SANTANDER,CARLOS,SAQUE,2022-02-28T22:03:29,2933.33
2679,0004,BANCO DO BRASIL,JULIA,SAQUE,2022-02-27T17:43:35,2633.62
1488,0007,SANTANDER,LUCAS,SAQUE,2022-02-27T21:28:08,1815.46
1434,0010,BANCO DO BRASIL,PAULA,DEPOSITO,2022-02-13T15:06:20,754.76
4582,0008,ITAU,BRUNA,DEPOSITO,2022-02-03T10:20:23,4446.94
7912,0006,SANTANDER,CARLOS,DEPOSITO,2022-02-24T15:10:06,228.82
9279,0009,BANCO DO BRASIL,MARCOS,SAQUE,2022-02-01T18:08:23,3212.52
2424,0005,BANCO DO BRASIL,ANA,SAQUE,2022-02-21T21:54:11,4242.13
2824,0001,SANTANDER,JOAO,DEPOSITO,2022-02-06T08:46:15,1004.4
2679,0004,BANCO DO BRASIL,JULIA,SAQUE,2022-02-01T00:59:18,1491.32
7912,0006,SANTANDER,CARLOS,SAQUE,2022-02-21T05:51:13,1073.9
1434,0010,BANCO DO BRASIL,PAULA,DEPOSITO,2022-02-20T13:03:20,4570.85
2824,0001,SANTANDER,JOAO,SAQUE,2022-02-18T15:14:36,1549.48
4582,0008,ITAU,BRUNA,SAQUE,2022-02-18T08:37:22,624.78
7912,0006,SANTANDER,CARLOS,SAQUE,2022-02-27T06:30:04,4970.68
7912,0006,SANTANDER,CARLOS,DEPOSITO,2022-02-12T20:28:36,3789.53
4657,0003,ITAU,FELIPE,SAQUE,2022-02-18T20:14:18,3873.75
4582,0008,ITAU,BRUNA,SAQUE,2022-02-07T08:06:27,3815.48
9279,0009,BANCO DO BRASIL,MARCOS,DEPOSITO,2022-02-25T21:44:27,323.2
9279,0009,BANCO DO BRASIL,MARCOS,DEPOSITO,2022-02-25T18:47:30,4512.95
2424,0005,BANCO DO BRASIL,ANA,DEPOSITO,2022-02-22T19:42:49,79.48
2824,0001,SANTANDER,JOAO,SAQUE,2022-02-18T15:25:45,4426.16
2679,0004,BANCO DO BRASIL,JULIA,SAQUE,2022-02-10T19:33:43,4510.35
2824,0001,SANTANDER,JOAO,DEPOSITO,2022-02-10T10:18:21,1600.24
9279,0009,BANCO DO BRASIL,MARCOS,DEPOSITO,2022-02-05T18:31:04,2558.61
9279,0009,BANCO DO BRASIL,MARCOS,SAQUE,2022-02-21T08:58:12,4109.62
7912,0006,SANTANDER,CARLOS,DEPOSITO,2022-02-02T01:31:25,4220.77
2679,0004,BANCO DO BRASIL,JULIA,SAQUE,2022-02-09T23:17:11,3356.3
2824,0001,SANTANDER,JOAO,SAQUE,2022-02-21T17:38:55,1933.06
2679,0004,BANCO DO BRASIL,JULIA,DEPOSITO,2022-02-04T05:58:31,4552.19
9279,0009,BANCO DO BRASIL,MARCOS,SAQUE,2022-02-15T12:09:19,1595.69
2424,0005,BANCO DO BRASIL,ANA,SAQUE,2022-02-11T19:12:46,1081.82
4582,0008,ITAU,BRUNA,SAQUE,2022-02-14T02:03:13,2209.77
1488,0007,SANTANDER,LUCAS,DEPOSITO,2022-02-05T06:53:27,1536.72
1488,0007,SANTANDER,LUCAS,SAQUE,2022-02-13T07:36:58,1527.18
9279,0009,BANCO DO BRASIL,MARCOS,SAQUE,2022-02-05T15:19:53,3682.01
1488,0007,SANTANDER,LUCAS,DEPOSITO,2022-02-10T03:43:39,3298.47
4582,0008,ITAU,BRUNA,DEPOSITO,2022-02-13T02:23:42,282.11
1488,0007,SANTANDER,LUCAS,SAQUE,2022-02-11T05:45:27,3687.47
2679,0004,BANCO DO BRASIL,JULIA,DEPOSITO,2022-02-18T21:56:23,2371.57
2824,0001,SANTANDER,JOAO,SAQUE,2022-02-16T12:27:19,2310.61
2679,0004,BANCO DO BRASIL,JULIA,DEPOSITO,2022-02-01T05:46:19,1987.11
7912,0006,SANTANDER,CARLOS,SAQUE,2022-02-01T15:06:20,3720.91
9279,0009,BANCO DO BRASIL,MARCOS,DEPOSITO,2022-02-04T02:48:52,4237.75
1434,0010,BANCO DO BRASIL,PAULA,DEPOSITO,2022-02-05T06:41:28,329.76
2679,0004,BANCO DO BRASIL,JULIA,SAQUE,2022-02-18T15:52:19,767.99
4582,0008,ITAU,BRUNA,DEPOSITO,2022-02-19T20:47:51,3060.43
7912,0006,SANTANDER,CARLOS,DEPOSITO,2022-02-09T02:19:11,3807.64
2679,0004,BANCO DO BRASIL,JULIA,SAQUE,2022-02-26T05:54:26,4382.41
9279,0009,BANCO DO BRASIL,MARCOS,DEPOSITO,2022-02-04T18:35:05,2729.87
5506,0002,ITAU,MARIA,DEPOSITO,2022-02-11T00:08:10,2133.02
5506,0002,ITAU,MARIA,SAQUE,2022-02-05T06:48:22,2664.35
2424,0005,BANCO DO BRASIL,ANA,DEPOSITO,2022-02-08T06:00:02,927.62
1488,0007,SANTANDER,LUCAS,DEPOSITO,2022-02-20T12:31:03,1308.04
2424,0005,BANCO DO BRASIL,ANA,SAQUE,2022-02-19T05:20:41,4843.46
2824,0001,SANTANDER,JOAO,SAQUE,2022-02-25T18:57:07,2130.32
5506,0002,ITAU,MARIA,DEPOSITO,2022-02-28T10:58:54,820.19
5506,0002,ITAU,MARIA,SAQUE,2022-02-23T13:48:13,3500.33
7912,0006,SANTANDER,CARLOS,DEPOSITO,2022-02-20T12:37:26,1170.63
2824,0001,SANTANDER,JOAO,DEPOSITO,2022-02-14T06:19:13,631.13
1488,0007,SANTANDER,LUCAS,DEPOSITO,2022-02-07T09:06:45,557.57
9279,0009,BANCO DO BRASIL,MARCOS,SAQUE,2022-02-23T13:48:06,1892.31
1488,0007,SANTANDER,LUCAS,DEPOSITO,2022-02-09T00:02:46,1511.41
4582,0008,ITAU,BRUNA,DEPOSITO,2022-02-14T08:52:37,2434.71
7912,0006,SANTANDER,CARLOS,SAQUE,2022-02-01T20:25:54,2097.62
4657,0003,ITAU,FELIPE,SAQUE,2022-02-03T17:40:51,2322.31
1488,0007,SANTANDER,LUCAS,DEPOSITO,2022-02-22T13:19:13,231.63
1488,0007,SANTANDER,LUCAS,DEPOSITO,2022-02-27T12:40:38,2318.22
1488,0007,SANTANDER,LUCAS,SAQUE,2022-02-08T01:55:12,4002.19
1488,0007,SANTANDER,LUCAS,SAQUE,2022-02-16T16:45:12,298.21
4582,0008,ITAU,BRUNA,DEPOSITO,2022-02-15T01:47:34,3371.32
1488,0007,SANTANDER,LUCAS,SAQUE,2022-02-24T03:03:32,122.55
2679,0004,BANCO DO BRASIL,JULIA,DEPOSITO,2022-02-12T13:51:11,576.66
2679,0004,BANCO DO BRASIL,JULIA,SAQUE,2022-02-19T01:51:56,3627.3
4657,0003,ITAU,FELIPE,DEPOSITO,2022-02-05T21:33:40,3969.48
2679,0004,BANCO DO BRASIL,JULIA,DEPOSITO,2022-02-23T05:47:14,3249.7
7912,0006,SANTANDER,CARLOS,DEPOSITO,2022-02-09T13:18:32,2170.4
7912,0006,SANTANDER,CARLOS,SAQUE,2022-02-03T21:49:35,487.94
2424,0005,BANCO DO BRASIL,ANA,SAQUE,2022-02-11T23:02:09,1375.5
2824,0001,SANTANDER,JOAO,SAQUE,2022-02-06T11:39:10,3158.81
1434,0010,BANCO DO BRASIL,PAULA,SAQUE,2022-02-05T23:13:56,3145.05
4657,0003,ITAU,FELIPE,DEPOSITO,2022-02-08T07:20:34,4376.22
4582,0008,ITAU,BRUNA,SAQUE,2022-02-25T01:50:11,915.75
4657,0003,ITAU,FELIPE,DEPOSITO,2022-02-26T17:25:28,311.77
9279,0009,BANCO DO BRASIL,MARCOS,DEPOSITO,2022-02-08T01:33:33,2571.69
4582,0008,ITAU,BRUNA,DEPOSITO,2022-02-28T17:38:54,988.54
2679,0004,BANCO DO BRASIL,JULIA,DEPOSITO,2022-02-23T00:42:37,508.83
9279,0009,BANCO DO BRASIL,MARCOS,SAQUE,2022-02-27T18:43:51,3509.09
4657,0003,ITAU,FELIPE,SAQUE,2022-02-15T23:10:25,3529.28
4657,0003,ITAU,FELIPE,SAQUE,2022-02-20T02:16:03,4010.52
1488,0007,SANTANDER,LUCAS,DEPOSITO,2022-02-01T08:13:58,1490.54
2424,0005,BANCO DO BRASIL,ANA,SAQUE,2022-02-18T09:21:57,3859.87
9279,0009,BANCO DO BRASIL,MARCOS,DEPOSITO,2022-02-25T19:06:04,619.27
1434,0010,BANCO DO BRASIL,PAULA,DEPOSITO,2022-02-05T14:26:31,4558.07
7912,0006,SANTANDER,CARLOS,SAQUE,2022-02-09T10:54:56,4695.66
4657,0003,ITAU,FELIPE,SAQUE,2022-02-28T23:50:37,4776.41
7912,0006,SANTANDER,CARLOS,SAQUE,2022-02-23T13:23:26,4806.31
9279,0009,BANCO DO BRASIL,MARCOS,DEPOSITO,2022-02-21T19:20:30,3939.24
4657,0003,ITAU,FELIPE,SAQUE,2022-02-07T07:31:53,1101.74
2824,0001,SANTANDER,JOAO,DEPOSITO,2022-02-02T11:27:18,4204.26
7912,0006,SANTANDER,CARLOS,DEPOSITO,2022-02-08T00:05:01,1003.3
2824,0001,SANTANDER,JOAO,SAQUE,2022-02-11T04:27:52,4333.06
2424,0005,BANCO DO BRASIL,ANA,SAQUE,2022-02-01T09:12:23,2722.95
4657,0003,ITAU,FELIPE,SAQUE,2022-02-22T14:35:11,161.4
9279,0009,BANCO DO BRASIL,MARCOS,SAQUE,2022-02-07T07:58:08,64.3
9279,0009,BANCO DO BRASIL,MARCOS,DEPOSITO,2022-02-06T10:38:48,4168.0
4657,0003,ITAU,FELIPE,DEPOSITO,2022-02-26T03:13:01,1941.07
1488,0007,SANTANDER,LUCAS,DEPOSITO,2022-02-11T16:15:12,3974.95
2424,0005,BANCO DO BRASIL,ANA,SAQUE,2022-02-23T20:06:34,559.28
4657,0003,ITAU,FELIPE,DEPOSITO,2022-02-07T18:53:47,2341.56
5506,0002,ITAU,MARIA,SAQUE,2022-02-18T13:24:28,3594.97
4657,0003,ITAU,FELIPE,SAQUE,2022-02-15T06:16:59,497.04
4657,0003,ITAU,FELIPE,SAQUE,2022-02-06T09:04:17,2639.44
2824,0001,SANTANDER,JOAO,SAQUE,2022-02-15T20:05:04,671.69
5506,0002,ITAU,MARIA,DEPOSITO,2022-02-06T13:58:00,1964.78
5506,0002,ITAU,MARIA,SAQUE,2022-02-11T20:44:37,1589.83
2679,0004,BANCO DO BRASIL,JULIA,DEPOSITO,2022-02-13T02:02:25,4631.38
4657,0003,ITAU,FELIPE,DEPOSITO,2022-02-08T04:10:35,1959.09
2424,0005,BANCO DO BRASIL,ANA,SAQUE,2022-02-24T11:29:29,266.81
2424,0005,BANCO DO BRASIL,ANA,SAQUE,2022-02-20T04:44:53,786.65
1488,0007,SANTANDER,LUCAS,SAQUE,2022-02-16T08:05:59,665.8
4582,0008,ITAU,BRUNA,SAQUE,2022-02-25T09:15:16,1812.18
4657,0003,ITAU,FELIPE,SAQUE,2022-02-18T12:03:59,729.68
2424,0005,BANCO DO BRASIL,ANA,SAQUE,2022-02-09T10:07:50,2638.37
5506,0002,ITAU,MARIA,SAQUE,2022-02-08T14:39:56,3325.72
2824,0001,SANTANDER,JOAO,SAQUE,2022-02-13T08:44:05,1659.65
4657,0003,ITAU,FELIPE,SAQUE,2022-02-24T00:56:59,2145.33
2679,0004,BANCO DO BRASIL,JULIA,DEPOSITO,2022-02-27T11:39:25,2504.08
4657,0003,ITAU,FELIPE,SAQUE,2022-02-28T00:39:26,3247.0
1488,0007,SANTANDER,LUCAS,SAQUE,2022-02-15T08:08:31,3992.3
1434,0010,BANCO DO BRASIL,PAULA,SAQUE,2022-02-12T19:54:21,277.65
7912,0006,SANTANDER,CARLOS,DEPOSITO,2022-02-28T16:08:50,1860.56
4582,0008,ITAU,BRUNA,DEPOSITO,2022-02-05T18:28:22,3363.34
1488,0007,SANTANDER,LUCAS,SAQUE,2022-02-24T18:33:42,2210.7
2679,0004,BANCO DO BRASIL,JULIA,SAQUE,2022-02-17T21:22:41,4143.93
4582,0008,ITAU,BRUNA,DEPOSITO,2022-02-08T04:02:08,2406.68
1488,0007,SANTANDER,LUCAS,DEPOSITO,2022-02-27T07:11:38,2628.44
2679,0004,BANCO DO BRASIL,JULIA,SAQUE,2022-02-09T10:04:52,1684.16
7912,0006,SANTANDER,CARLOS,DEPOSITO,2022-02-23T23:33:43,1074.97
2424,0005,BANCO DO BRASIL,ANA,DEPOSITO,2022-02-19T02:47:27,4545.81
2679,0004,BANCO DO BRASIL,JULIA,DEPOSITO,2022-02-13T04:39:08,4384.0
2679,0004,BANCO DO BRASIL,JULIA,SAQUE,2022-02-01T12:09:28,1250.61
2679,0004,BANCO DO BRASIL,JULIA,DEPOSITO,2022-02-16T07:45:46,3748.55
1434,0010,BANCO DO BRASIL,PAULA,DEPOSITO,2022-02-18T17:44:10,2736.32
9279,0009,BANCO DO BRASIL,MARCOS,SAQUE,2022-02-14T20:07:20,428.54
2824,0001,SANTANDER,JOAO,DEPOSITO,2022-02-03T22:14:11,3308.48
2679,0004,BANCO DO BRASIL,JULIA,DEPOSITO,2022-02-11T21:43:31,4034.75
2679,0004,BANCO DO BRASIL,JULIA,SAQUE,2022-02-09T06:14:44,2948.67
4657,0003,ITAU,FELIPE,SAQUE,2022-02-16T07:15:00,4932.36
4657,0003,ITAU,FELIPE,SAQUE,2022-02-26T18:51:13,2066.14
2679,0004,BANCO DO BRASIL,JULIA,SAQUE,2022-02-12T02:29:56,4714.5
5506,0002,ITAU,MARIA,DEPOSITO,2022-02-14T16:54:11,4435.72
7912,0006,SANTANDER,CARLOS,SAQUE,2022-02-08T15:36:21,4505.74
2424,0005,BANCO DO BRASIL,ANA,DEPOSITO,2022-02-23T13:49:54,1324.37
4582,0008,ITAU,BRUNA,SAQUE,2022-02-08T17:46:37,1126.93
9279,0009,BANCO DO BRASIL,MARCOS,DEPOSITO,2022-02-10T10:53:46,177.71
2679,0004,BANCO DO BRASIL,JULIA,DEPOSITO,2022-02-23T01:06:38,2037.12
4582,0008,ITAU,BRUNA,SAQUE,2022-02-26T05:39:42,463.86
1488,0007,SANTANDER,LUCAS,DEPOSITO,2022-02-10T10:31:45,1236.76
2424,0005,BANCO DO BRASIL,ANA,SAQUE,2022-02-24T05:22:38,2680.01
2679,0004,BANCO DO BRASIL,JULIA,DEPOSITO,2022-02-26T04:50:09,1398.5
9279,0009,BANCO DO BRASIL,MARCOS,DEPOSITO,2022-02-09T16:13:24,1857.36
2679,0004,BANCO DO BRASIL,JULIA,DEPOSITO,2022-02-13T14:28:52,4282.1
5506,0002,ITAU,MARIA,SAQUE,2022-02-16T02:23:53,2667.14
4582,0008,ITAU,BRUNA,DEPOSITO,2022-02-22T22:59:25,2471.53
7912,0006,SANTANDER,CARLOS,SAQUE,2022-02-23T08:59:54,3292.26
4582,0008,ITAU,BRUNA,DEPOSITO,2022-02-01T17:24:49,819.14
2824,0001,SANTANDER,JOAO,SAQUE,2022-02-05T09:19:41,3490.22
2824,0001,SANTANDER,JOAO,DEPOSITO,2022-02-11T15:28:45,3655.08
5506,0002,ITAU,MARIA,SAQUE,2022-02-25T13:21:21,1724.74
2424,0005,BANCO DO BRASIL,ANA,SAQUE,2022-02-14T06:30:50,767.91
1434,0010,BANCO DO BRASIL,PAULA,DEPOSITO,2022-02-05T12:17:46,1869.38
1434,0010,BANCO DO BRASIL,PAULA,SAQUE,2022-02-11T06:15:36,4317.76
1434,0010,BANCO DO BRASIL,PAULA,SAQUE,2022-02-08T17:58:34,509.67
2824,0001,SANTANDER,JOAO,DEPOSITO,2022-02-01T22:43:32,3271.6
1488,0007,SANTANDER,LUCAS,DEPOSITO,2022-02-18T10:49:53,680.19
2424,0005,BANCO DO BRASIL,ANA,DEPOSITO,2022-02-08T12:56:21,3350.32
2424,0005,BANCO DO BRASIL,ANA,SAQUE,2022-02-09T04:26:23,2885.63
4582,0008,ITAU,BRUNA,DEPOSITO,2022-02-14T15:58:20,1959.78
4657,0003,ITAU,FELIPE,SAQUE,2022-02-24T07:34:20,1917.33
2424,0005,BANCO DO BRASIL,ANA,SAQUE,2022-02-05T00:40:34,4063.97
2824,0001,SANTANDER,JOAO,SAQUE,2022-02-06T06:09:24,4495.62
4657,0003,ITAU,FELIPE,SAQUE,2022-02-28T13:03:09,3496.6
7912,0006,SANTANDER,CARLOS,SAQUE,2022-02-22T12:45:49,3568.54
4582,0008,ITAU,BRUNA,SAQUE,2022-02-01T01:00:39,4665.14
4582,0008,ITAU,BRUNA,DEPOSITO,2022-02-06T09:30:26,3832.2
2679,0004,BANCO DO BRASIL,JULIA,DEPOSITO,2022-02-10T04:44:14,973.67
5506,0002,ITAU,MARIA,SAQUE,2022-02-03T18:25:30,1104.51
1434,0010,BANCO DO BRASIL,PAULA,SAQUE,2022-02-18T12:27:20,3943.68
2824,0001,SANTANDER,JOAO,SAQUE,2022-02-08T08:50:42,586.64
4657,0003,ITAU,FELIPE,DEPOSITO,2022-02-26T10:36:13,1000.33
2424,0005,BANCO DO BRASIL,ANA,SAQUE,2022-02-26T11:47:10,1518.57
2424,0005,BANCO DO BRASIL,ANA,DEPOSITO,2022-02-20T21:59:16,1600.08
2679,0004,BANCO DO BRASIL,JULIA,DEPOSITO,2022-02-03T01:14:21,2874.1
2679,0004,BANCO DO BRASIL,JULIA,SAQUE,2022-02-12T04:55:33,2145.16
9279,0009,BANCO DO BRASIL,MARCOS,SAQUE,2022-02-17T01:26:14,4031.55
2824,0001,SANTANDER,JOAO,SAQUE,2022-02-22T12:57:00,2571.05
1488,0007,SANTANDER,LUCAS,DEPOSITO,2022-02-06T22:34:43,3286.39
4657,0003,ITAU,FELIPE,DEPOSITO,2022-02-05T09:18:51,1432.5
7912,0006,SANTANDER,CARLOS,DEPOSITO,2022-02-13T18:47:40,3246.72
4582,0008,ITAU,BRUNA,SAQUE,2022-02-03T07:58:51,1579.76
1434,0010,BANCO DO BRASIL,PAULA,DEPOSITO,2022-02-28T06:30:52,3559.77
4582,0008,ITAU,BRUNA,SAQUE,2022-02-18T07:51:45,4619.01
9279,0009,BANCO DO BRASIL,MARCOS,DEPOSITO,2022-02-12T11:22:55,767.0
4657,0003,ITAU,FELIPE,SAQUE,2022-02-11T09:51:42,2546.63
1434,0010,BANCO DO BRASIL,PAULA,SAQUE,2022-02-15T17:15:06,1189.0
4657,0003,ITAU,FELIPE,SAQUE,2022-02-20T05:46:17,3131.77
1434,0010,BANCO DO BRASIL,PAULA,DEPOSITO,2022-02-02T15:03:47,3239.62
2424,0005,BANCO DO BRASIL,ANA,DEPOSITO,2022-02-09T14:05:05,1815.32
9279,0009,BANCO DO BRASIL,MARCOS,SAQUE,2022-02-27T20:33:22,4844.31
1488,0007,SANTANDER,LUCAS,SAQUE,2022-02-09T23:17:08,4908.61
4657,0003,ITAU,FELIPE,DEPOSITO,2022-02-15T21:28:29,3672.63
2679,0004,BANCO DO BRASIL,JULIA,DEPOSITO,2022-02-06T09:29:02,610.19
4657,0003,ITAU,FELIPE,SAQUE,2022-02-21T13:47:23,2235.61
4657,0003,ITAU,FELIPE,SAQUE,2022-02-28T22:57:49,3433.2
2824,0001,SANTANDER,JOAO,DEPOSITO,2022-02-17T01:46:20,4602.72
4582,0008,ITAU,BRUNA,SAQUE,2022-02-10T19:00:21,4254.33
1488,0007,SANTANDER,LUCAS,DEPOSITO,2022-02-10T00:24:00,3401.68
2424,0005,BANCO DO BRASIL,ANA,SAQUE,2022-02-18T02:01:43,1780.75
1434,0010,BANCO DO BRASIL,PAULA,SAQUE,2022-02-15T14:55:23,1745.79
2424,0005,BANCO DO BRASIL,ANA,DEPOSITO,2022-02-02T11:30:56,2243.75
5506,0002,ITAU,MARIA,SAQUE,2022-02-16T22:21:20,1752.0
7912,0006,SANTANDER,CARLOS,SAQUE,2022-02-08T02:58:35,3050.67
2824,0001,SANTANDER,JOAO,DEPOSITO,2022-02-09T08:01:05,1064.25
2824,0001,SANTANDER,JOAO,DEPOSITO,2022-02-09T12:38:32,606.02
2424,0005,BANCO DO BRASIL,ANA,SAQUE,2022-02-02T23:36:57,1144.51
4582,0008,ITAU,BRUNA,DEPOSITO,2022-02-03T09:54:15,3604.6
4582,0008,ITAU,BRUNA,SAQUE,2022-02-28T19:36:17,62.73
2424,0005,BANCO DO BRASIL,ANA,SAQUE,2022-02-05T01:55:42,396.71
4582,0008,ITAU,BRUNA,SAQUE,2022-02-08T12:40:09,4654.03
2424,0005,BANCO DO BRASIL,ANA,DEPOSITO,2022-02-20T15:41:51,1891.42
1488,0007,SANTANDER,LUCAS,SAQUE,2022-02-02T19:36:03,1236.31
7912,0006,SANTANDER,CARLOS,SAQUE,2022-02-26T15:31:41,4411.94
7912,0006,SANTANDER,CARLOS,SAQUE,2022-02-12T13:18:58,833.25
7912,0006,SANTANDER,CARLOS,SAQUE,2022-02-28T06:21:31,340.51
2424,0005,BANCO DO BRASIL,ANA,DEPOSITO,2022-02-02T01:46:43,2682.08
4582,0008,ITAU,BRUNA,DEPOSITO,2022-02-14T05:03:33,3505.36
7912,0006,SANTANDER,CARLOS,SAQUE,2022-02-07T05:20:04,4538.86
2679,0004,BANCO DO BRASIL,JULIA,SAQUE,2022-02-16T04:08:07,40.47
1434,0010,BANCO DO BRASIL,PAULA,DEPOSITO,2022-02-01T04:37:14,2456.06
9279,0009,BANCO DO BRASIL,MARCOS,DEPOSITO,2022-02-03T10:15:01,3351.35
2424,0005,BANCO DO BRASIL,ANA,DEPOSITO,2022-02-18T16:18:35,3003.23
2424,0005,BANCO DO BRASIL,ANA,SAQUE,2022-02-27T23:44:17,4280.69
9279,0009,BANCO DO BRASIL,MARCOS,SAQUE,2022-02-20T18:43:19,240.14
2824,0001,SANTANDER,JOAO,DEPOSITO,2022-02-07T03:14:08,3755.96
7912,0006,SANTANDER,CARLOS,SAQUE,2022-02-05T16:08:48,2620.77
4657,0003,ITAU,FELIPE,SAQUE,2022-02-18T02:50:22,3974.08
2424,0005,BANCO DO BRASIL,ANA,DEPOSITO,2022-02-21T06:51:36,619.56
7912,0006,SANTANDER,CARLOS,DEPOSITO,2022-02-08T13:08:48,1084.42
9279,0009,BANCO DO BRASIL,MARCOS,DEPOSITO,2022-02-15T16:26:47,4887.84
2824,0001,SANTANDER,JOAO,SAQUE,2022-02-08T01:35:10,4230.85
9279,0009,BANCO DO BRASIL,MARCOS,DEPOSITO,2022-02-15T23:20:16,1315.19
7912,0006,SANTANDER,CARLOS,DEPOSITO,2022-02-09T11:39:25,2291.41
2679,0004,BANCO DO BRASIL,JULIA,DEPOSITO,2022-02-07T02:31:28,509.04
7912,0006,SANTANDER,CARLOS,DEPOSITO,2022-02-21T19:00:51,851.51
4657,0003,ITAU,FELIPE,SAQUE,2022-02-19T21:14:17,1116.8
7912,0006,SANTANDER,CARLOS,DEPOSITO,2022-02-02T23:44:07,1913.69
4657,0003,ITAU,FELIPE,DEPOSITO,2022-02-04T13:02:29,93.28
2679,0004,BANCO DO BRASIL,JULIA,DEPOSITO,2022-02-25T09:16:04,3553.16
2679,0004,BANCO DO BRASIL,JULIA,SAQUE,2022-02-23T00:47:33,1168.24
9279,0009,BANCO DO BRASIL,MARCOS,SAQUE,2022-02-19T06:17:53,2104.96
4582,0008,ITAU,BRUNA,DEPOSITO,2022-02-07T14:11:24,432.47
4582,0008,ITAU,BRUNA,SAQUE,2022-02-27T11:51:06,1538.51
2679,0004,BANCO DO BRASIL,JULIA,SAQUE,2022-02-04T06:30:21,3866.45
4657,0003,ITAU,FELIPE,SAQUE,2022-02-20T11:20:04,2754.85
1488,0007,SANTANDER,LUCAS,SAQUE,2022-02-02T19:39:39,2918.07
2424,0005,BANCO DO BRASIL,ANA,SAQUE,2022-02-10T14:00:29,3630.69
5506,0002,ITAU,MARIA,SAQUE,2022-02-18T17:30:58,3396.79
2679,0004,BANCO DO BRASIL,JULIA,SAQUE,2022-02-19T02:35:24,3973.72
4657,0003,ITAU,FELIPE,DEPOSITO,2022-02-15T09:47:40,1931.63
2679,0004,BANCO DO BRASIL,JULIA,SAQUE,2022-02-03T09:51:28,4015.6
9279,0009,BANCO DO BRASIL,MARCOS,SAQUE,2022-02-20T11:06:40,353.94
2424,0005,BANCO DO BRASIL,ANA,DEPOSITO,2022-02-16T11:04:53,764.21
9279,0009,BANCO DO BRASIL,MARCOS,DEPOSITO,2022-02-22T16:42:40,4449.27
7912,0006,SANTANDER,CARLOS,DEPOSITO,2022-02-05T17:47:28,4125.82
5506,0002,ITAU,MARIA,SAQUE,2022-02-27T13:29:05,4040.64
4582,0008,ITAU,BRUNA,SAQUE,2022-02-06T10:59:19,2491.13
4582,0008,ITAU,BRUNA,SAQUE,2022-02-12T22:20:59,3012.28
5506,0002,ITAU,MARIA,DEPOSITO,2022-02-14T06:11:49,3764.63
2679,0004,BANCO DO BRASIL,JULIA,SAQUE,2022-02-16T07:51:10,2068.01
2424,0005,BANCO DO BRASIL,ANA,SAQUE,2022-02-05T03:07:35,2611.47
1434,0010,BANCO DO BRASIL,PAULA,DEPOSITO,2022-02-18T03:48:10,4803.96
7912,0006,SANTANDER,CARLOS,DEPOSITO,2022-02-11T15:12:23,3372.11
4657,0003,ITAU,FELIPE,DEPOSITO,2022-02-01T11:21:02,891.27
4582,0008,ITAU,BRUNA,SAQUE,2022-02-28T19:44:39,1524.29
2424,0005,BANCO DO BRASIL,ANA,DEPOSITO,2022-02-09T11:45:54,2783.51
2424,0005,BANCO DO BRASIL,ANA,SAQUE,2022-02-02T22:23:22,1458.53
4582,0008,ITAU,BRUNA,DEPOSITO,2022-02-23T12:13:53,3487.7
2679,0004,BANCO DO BRASIL,JULIA,SAQUE,2022-02-08T07:52:01,4879.17
7912,0006,SANTANDER,CARLOS,DEPOSITO,2022-02-11T10:20:24,1900.41
4657,0003,ITAU,FELIPE,DEPOSITO,2022-02-18T08:57:33,3577.45
7912,0006,SANTANDER,CARLOS,SAQUE,2022-02-26T06:51:39,3960.98
1434,0010,BANCO DO BRASIL,PAULA,SAQUE,2022-02-07T18:06:13,776.92
7912,0006,SANTANDER,CARLOS,DEPOSITO,2022-02-09T05:39:53,2598.91
5506,0002,ITAU,MARIA,SAQUE,2022-02-17T20:28:19,3608.33
9279,0009,BANCO DO BRASIL,MARCOS,DEPOSITO,2022-02-18T19:50:18,3896.63
4657,0003,ITAU,FELIPE,SAQUE,2022-02-04T07:42:19,2657.24
2824,0001,SANTANDER,JOAO,DEPOSITO,2022-02-22T11:59:10,4752.32
4657,0003,ITAU,FELIPE,DEPOSITO,2022-02-11T04:44:06,4302.96
4657,0003,ITAU,FELIPE,SAQUE,2022-02-26T15:45:09,1575.34
2424,0005,BANCO DO BRASIL,ANA,SAQUE,2022-02-04T00:16:24,3456.07
4582,0008,ITAU,BRUNA,DEPOSITO,2022-02-17T10:37:54,4023.12
1488,0007,SANTANDER,LUCAS,DEPOSITO,2022-02-22T03:22:59,550.95
4582,0008,ITAU,BRUNA,SAQUE,2022-02-19T04:42:47,583.39
1434,0010,BANCO DO BRASIL,PAULA,DEPOSITO,2022-02-25T17:03:51,1366.79
7912,0006,SANTANDER,CARLOS,DEPOSITO,2022-02-07T01:30:39,395.85
2824,0001,SANTANDER,JOAO,DEPOSITO,2022-02-21T05:16:00,2790.86
2679,0004,BANCO DO BRASIL,JULIA,DEPOSITO,2022-02-10T14:28:33,2131.44
2824,0001,SANTANDER,JOAO,SAQUE,2022-02-21T00:28:18,696.08
2679,0004,BANCO DO BRASIL,JULIA,SAQUE,2022-02-01T05:15:14,2859.7
4657,0003,ITAU,FELIPE,DEPOSITO,2022-02-09T15:21:48,2513.51
1434,0010,BANCO DO BRASIL,PAULA,DEPOSITO,2022-02-11T13:21:46,4616.05
1488,0007,SANTANDER,LUCAS,SAQUE,2022-02-25T02:21:13,3752.22
1488,0007,SANTANDER,LUCAS,DEPOSITO,2022-02-18T13:22:36,311.62
5506,0002,ITAU,MARIA,SAQUE,2022-02-26T18:11:57,2554.66
1434,0010,BANCO DO BRASIL,PAULA,SAQUE,2022-02-14T14:55:39,691.14
1488,0007,SANTANDER,LUCAS,SAQUE,2022-02-17T21:31:16,3264.56
2424,0005,BANCO DO BRASIL,ANA,DEPOSITO,2022-02-20T19:49:07,127.42
7912,0006,SANTANDER,CARLOS,DEPOSITO,2022-02-13T15:34:24,2932.0
4582,0008,ITAU,BRUNA,DEPOSITO,2022-02-26T21:13:39,2537.9
9279,0009,BANCO DO BRASIL,MARCOS,SAQUE,2022-02-06T03:39:03,3774.36
1488,0007,SANTANDER,LUCAS,DEPOSITO,2022-02-20T02:42:11,4044.29
2424,0005,BANCO DO BRASIL,ANA,DEPOSITO,2022-02-07T21:50:03,2958.5
9279,0009,BANCO DO BRASIL,MARCOS,SAQUE,2022-02-07T02:35:58,2444.34
2679,0004,BANCO DO BRASIL,JULIA,DEPOSITO,2022-02-27T17:32:42,3276.49
1488,0007,SANTANDER,LUCAS,SAQUE,2022-02-23T20:36:35,4050.79
4657,0003,ITAU,FELIPE,SAQUE,2022-02-23T22:39:47,1573.9
5506,0002,ITAU,MARIA,SAQUE,2022-02-24T17:59:47,3950.69
2424,0005,BANCO DO BRASIL,ANA,DEPOSITO,2022-02-26T21:22:25,4295.34
4582,0008,ITAU,BRUNA,DEPOSITO,2022-02-01T01:08:25,2215.93
1434,0010,BANCO DO BRASIL,PAULA,SAQUE,2022-02-09T07:27:47,3297.08
2824,0001,SANTANDER,JOAO,SAQUE,2022-02-23T05:11:35,745.05
2424,0005,BANCO DO BRASIL,ANA,SAQUE,2022-02-16T07:03:22,1253.96
4582,0008,ITAU,BRUNA,SAQUE,2022-02-14T06:56:35,2817.41
4657,0003,ITAU,FELIPE,DEPOSITO,2022-02-27T04:13:46,3624.92
4582,0008,ITAU,BRUNA,SAQUE,2022-02-04T22:50:48,3925.48
2679,0004,BANCO DO BRASIL,JULIA,DEPOSITO,2022-02-26T17:11:34,3043.61
4657,0003,ITAU,FELIPE,DEPOSITO,2022-02-18T02:29:14,4513.4
1488,0007,SANTANDER,LUCAS,DEPOSITO,2022-02-24T21:57:16,518.22
7912,0006,SANTANDER,CARLOS,DEPOSITO,2022-02-01T14:35:19,28.62
2679,0004,BANCO DO BRASIL,JULIA,DEPOSITO,2022-02-18T13:22:46,4124.11
9279,0009,BANCO DO BRASIL,MARCOS,DEPOSITO,2022-02-26T23:12:46,217.52
7912,0006,SANTANDER,CARLOS,SAQUE,2022-02-25T23:42:41,4727.16
4657,0003,ITAU,FELIPE,SAQUE,2022-02-18T10:35:27,4514.29
4657,0003,ITAU,FELIPE,SAQUE,2022-02-15T23:24:25,916.12
9279,0009,BANCO DO BRASIL,MARCOS,DEPOSITO,2022-02-28T05:30:44,256.14
4657,0003,ITAU,FELIPE,SAQUE,2022-02-15T20:05:39,3453.98
9279,0009,BANCO DO BRASIL,MARCOS,SAQUE,2022-02-03T11:49:04,903.96
7912,0006,SANTANDER,CARLOS,SAQUE,2022-02-20T15:14:45,4019.72
4657,0003,ITAU,FELIPE,SAQUE,2022-02-04T23:29:08,2720.65
4657,0003,ITAU,FELIPE,DEPOSITO,2022-02-25T10:56:34,573.39
2424,0005,BANCO DO BRASIL,ANA,DEPOSITO,2022-02-28T11:59:42,852.14
2824,0001,SANTANDER,JOAO,SAQUE,2022-02-18T18:45:48,4231.36
1488,0007,SANTANDER,LUCAS,SAQUE,2022-02-01T17:10:31,3715.83
9279,0009,BANCO DO BRASIL,MARCOS,DEPOSITO,2022-02-24T20:35:06,2028.73
2824,0001,SANTANDER,JOAO,SAQUE,2022-02-26T13:57:47,1305.76
2824,0001,SANTANDER,JOAO,SAQUE,2022-02-09T14:53:51,39.33
2824,0001,SANTANDER,JOAO,DEPOSITO,2022-02-09T07:06:52,600.16
7912,0006,SANTANDER,CARLOS,SAQUE,2022-02-16T20:47:11,2516.98
4657,0003,ITAU,FELIPE,DEPOSITO,2022-02-15T11:35:44,222.23
1488,0007,SANTANDER,LUCAS,SAQUE,2022-02-13T05:23:39,1510.82
2824,0001,SANTANDER,JOAO,SAQUE,2022-02-18T13:10:14,1995.63
2824,0001,SANTANDER,JOAO,DEPOSITO,2022-02-01T03:31:28,4431.09
4657,0003,ITAU,FELIPE,DEPOSITO,2022-02-01T11:28:06,156.36
2679,0004,BANCO DO BRASIL,JULIA,DEPOSITO,2022-02-22T07:19:20,136.3
2679,0004,BANCO DO BRASIL,JULIA,SAQUE,2022-02-18T23:22:47,4070.76
1434,0010,BANCO DO BRASIL,PAULA,SAQUE,2022-02-08T06:50:58,1911.64
2424,0005,BANCO DO BRASIL,ANA,SAQUE,2022-02-25T11:12:24,2243.52
2424,0005,BANCO DO BRASIL,ANA,DEPOSITO,2022-02-23T02:06:40,3789.2
7912,0006,SANTANDER,CARLOS,SAQUE,2022-02-16T05:13:59,1591.22
1434,0010,BANCO DO BRASIL,PAULA,SAQUE,2022-02-28T18:01:10,4855.35
1488,0007,SANTANDER,LUCAS,DEPOSITO,2022-02-15T02:34:27,2569.77
4657,0003,ITAU,FELIPE,SAQUE,2022-02-19T16:34:40,1769.52
4582,0008,ITAU,BRUNA,DEPOSITO,2022-02-23T13:26:25,2200.5
4657,0003,ITAU,FELIPE,DEPOSITO,2022-02-06T04:02:49,2650.13
5506,0002,ITAU,MARIA,DEPOSITO,2022-02-09T07:23:32,3011.14
1488,0007,SANTANDER,LUCAS,DEPOSITO,2022-02-22T01:36:44,1903.22
4582,0008,ITAU,BRUNA,SAQUE,2022-02-02T00:48:15,2499.55
2679,0004,BANCO DO BRASIL,JULIA,DEPOSITO,2022-02-23T03:20:10,69.13
4657,0003,ITAU,FELIPE,SAQUE,2022-02-28T05:47:29,1159.47
1434,0010,BANCO DO BRASIL,PAULA,DEPOSITO,2022-02-12T03:11:50,3569.78
4582,0008,ITAU,BRUNA,DEPOSITO,2022-02-20T12:07:22,2137.66
4657,0003,ITAU,FELIPE,DEPOSITO,2022-02-28T04:16:16,2137.58
4657,0003,ITAU,FELIPE,DEPOSITO,2022-02-07T18:55:52,3248.87
1488,0007,SANTANDER,LUCAS,SAQUE,2022-02-14T23:35:11,2766.57
4657,0003,ITAU,FELIPE,SAQUE,2022-02-19T06:46:42,2919.19
1434,0010,BANCO DO BRASIL,PAULA,SAQUE,2022-02-06T09:14:40,2301.05
5506,0002,ITAU,MARIA,SAQUE,2022-02-02T21:03:25,288.53
9279,0009,BANCO DO BRASIL,MARCOS,SAQUE,2022-02-08T18:19:15,3002.57
4582,0008,ITAU,BRUNA,SAQUE,2022-02-19T09:01:28,403.21
1488,0007,SANTANDER,LUCAS,DEPOSITO,2022-02-27T08:20:03,427.74
2424,0005,BANCO DO BRASIL,ANA,SAQUE,2022-02-10T01:16:27,1243.2
9279,0009,BANCO DO BRASIL,MARCOS,DEPOSITO,2022-02-25T17:11:59,2277.18
7912,0006,SANTANDER,CARLOS,SAQUE,2022-02-27T02:14:44,932.6
4657,0003,ITAU,FELIPE,DEPOSITO,2022-02-28T01:25:32,4047.4
7912,0006,SANTANDER,CARLOS,DEPOSITO,2022-02-24T07:11:26,4589.87
4582,0008,ITAU,BRUNA,DEPOSITO,2022-02-05T05:20:44,4835.17
4657,0003,ITAU,FELIPE,DEPOSITO,2022-02-03T01:36:07,861.86
2424,0005,BANCO DO BRASIL,ANA,DEPOSITO,2022-02-21T21:05:11,1421.8
2424,0005,BANCO DO BRASIL,ANA,DEPOSITO,2022-02-27T06:47:56,2522.19
2824,0001,SANTANDER,JOAO,SAQUE,2022-02-26T03:23:02,1709.32
7912,0006,SANTANDER,CARLOS,DEPOSITO,2022-02-28T04:47:15,3514.21
2424,0005,BANCO DO BRASIL,ANA,DEPOSITO,2022-02-25T05:15:26,4299.81
4657,0003,ITAU,FELIPE,SAQUE,2022-02-03T16:34:20,4079.53
1434,0010,BANCO DO BRASIL,PAULA,DEPOSITO,2022-02-12T14:12:23,1610.26
1434,0010,BANCO DO BRASIL,PAULA,DEPOSITO,2022-02-26T14:48:28,2577.32
2679,0004,BANCO DO BRASIL,JULIA,DEPOSITO,2022-02-23T01:18:32,498.96
1488,0007,SANTANDER,LUCAS,SAQUE,2022-02-25T22:01:52,4897.93
2679,0004,BANCO DO BRASIL,JULIA,SAQUE,2022-02-19T22:03:37,4143.85
1488,0007,SANTANDER,LUCAS,SAQUE,2022-02-28T23:06:08,2476.06
1434,0010,BANCO DO BRASIL,PAULA,DEPOSITO,2022-02-02T19:26:14,2543.57
1434,0010,BANCO DO BRASIL,PAULA,DEPOSITO,2022-02-09T20:57:33,4736.12
4582,0008,ITAU,BRUNA,DEPOSITO,2022-02-26T20:47:05,448.87
2824,0001,SANTANDER,JOAO,DEPOSITO,2022-02-02T16:46:10,4493.62
1434,0010,BANCO DO BRASIL,PAULA,DEPOSITO,2022-02-09T15:27:20,1942.78
5506,0002,ITAU,MARIA,SAQUE,2022-02-08T18:23:33,3962.48
5506,0002,ITAU,MARIA,DEPOSITO,2022-02-04T19:57:23,2158.73
1488,0007,SANTANDER,LUCAS,DEPOSITO,2022-02-15T01:59:33,1262.39
9279,0009,BANCO DO BRASIL,MARCOS,SAQUE,2022-02-12T21:42:54,2367.53
7912,0006,SANTANDER,CARLOS,SAQUE,2022-02-14T00:29:59,3069.51
9279,0009,BANCO DO BRASIL,MARCOS,SAQUE,2022-02-13T22:22:46,1244.34
1434,0010,BANCO DO BRASIL,PAULA,SAQUE,2022-02-23T21:55:28,3273.91
2679,0004,BANCO DO BRASIL,JULIA,SAQUE,2022-02-26T07:05:02,3074.84
1488,0007,SANTANDER,LUCAS,SAQUE,2022-02-12T14:37:55,3390.18
1434,0010,BANCO DO BRASIL,PAULA,DEPOSITO,2022-02-18T05:33:28,899.23
7912,0006,SANTANDER,CARLOS,SAQUE,2022-02-11T19:05:09,3288.72
5506,0002,ITAU,MARIA,DEPOSITO,2022-02-28T22:48:28,2152.13
2824,0001,SANTANDER,JOAO,DEPOSITO,2022-02-14T05:22:06,2829.58
1488,0007,SANTANDER,LUCAS,SAQUE,2022-02-05T15:26:47,4984.45
2424,0005,BANCO DO BRASIL,ANA,DEPOSITO,2022-02-18T14:06:10,2183.04
2424,0005,BANCO DO BRASIL,ANA,DEPOSITO,2022-02-21T18:53:07,3967.33
9279,0009,BANCO DO BRASIL,MARCOS,SAQUE,2022-02-16T19:19:49,662.53
4657,0003,ITAU,FELIPE,DEPOSITO,2022-02-17T00:12:05,767.3
2824,0001,SANTANDER,JOAO,DEPOSITO,2022-02-03T03:31:29,209.89
4582,0008,ITAU,BRUNA,DEPOSITO,2022-02-21T08:14:51,1001.77
4657,0003,ITAU,FELIPE,DEPOSITO,2022-02-27T03:05:42,2870.44
7912,0006,SANTANDER,CARLOS,SAQUE,2022-02-23T04:00:57,1920.83
1434,0010,BANCO DO BRASIL,PAULA,SAQUE,2022-02-13T21:00:03,4652.39
1488,0007,SANTANDER,LUCAS,DEPOSITO,2022-02-28T18:18:32,1162.42
2424,0005,BANCO DO BRASIL,ANA,SAQUE,2022-02-13T11:23:30,4571.1
4582,0008,ITAU,BRUNA,SAQUE,2022-02-05T08:54:47,2360.59
2424,0005,BANCO DO BRASIL,ANA,DEPOSITO,2022-02-02T05:02:58,3777.93
5506,0002,ITAU,MARIA,SAQUE,2022-02-04T08:08:22,1312.85
2424,0005,BANCO DO BRASIL,ANA,SAQUE,2022-02-01T19:25:37,1670.0
2824,0001,SANTANDER,JOAO,SAQUE,2022-02-19T20:16:23,2066.12
1488,0007,SANTANDER,LUCAS,DEPOSITO,2022-02-04T04:42:06,1300.54
2424,0005,BANCO DO BRASIL,ANA,SAQUE,2022-02-26T23:37:42,3919.82
9279,0009,BANCO DO BRASIL,MARCOS,SAQUE,2022-02-04T23:32:50,1676.97
4657,0003,ITAU,FELIPE,DEPOSITO,2022-02-09T17:55:39,2709.18
2824,0001,SANTANDER,JOAO,DEPOSITO,2022-02-05T19:26:24,4197.49
5506,0002,ITAU,MARIA,SAQUE,2022-02-23T14:51:38,4850.29
2424,0005,BANCO DO BRASIL,ANA,SAQUE,2022-02-09T10:29:29,3768.75
1488,0007,SANTANDER,LUCAS,SAQUE,2022-02-15T06:25:57,3070.97
5506,0002,ITAU,MARIA,DEPOSITO,2022-02-07T06:34:58,1347.19
4582,0008,ITAU,BRUNA,SAQUE,2022-02-14T01:51:10,2329.05
4657,0003,ITAU,FELIPE,DEPOSITO,2022-02-01T11:16:45,2504.0
4582,0008,ITAU,BRUNA,SAQUE,2022-02-05T07:44:48,2847.3
4582,0008,ITAU,BRUNA,SAQUE,2022-02-25T00:41:20,1114.73
2679,0004,BANCO DO BRASIL,JULIA,SAQUE,2022-02-28T09:46:51,1033.98
2679,0004,BANCO DO BRASIL,JULIA,SAQUE,2022-02-07T17:03:59,4649.19
9279,0009,BANCO DO BRASIL,MARCOS,DEPOSITO,2022-02-06T01:24:04,909.71
4657,0003,ITAU,FELIPE,DEPOSITO,2022-02-03T21:46:24,133.17
1434,0010,BANCO DO BRASIL,PAULA,DEPOSITO,2022-02-16T18:33:14,4737.62
7912,0006,SANTANDER,CARLOS,SAQUE,2022-02-12T09:48:23,4225.06
5506,0002,ITAU,MARIA,SAQUE,2022-02-05T20:21:44,2413.27
4657,0003,ITAU,FELIPE,DEPOSITO,2022-02-01T20:34:37,3086.17
4582,0008,ITAU,BRUNA,DEPOSITO,2022-02-02T01:21:51,1985.78
2679,0004,BANCO DO BRASIL,JULIA,DEPOSITO,2022-02-15T13:03:06,4175.38
1488,0007,SANTANDER,LUCAS,SAQUE,2022-02-15T01:15:08,326.32
1434,0010,BANCO DO BRASIL,PAULA,DEPOSITO,2022-02-10T08:18:34,2813.62
7912,0006,SANTANDER,CARLOS,DEPOSITO,2022-02-23T16:19:11,4875.16
2679,0004,BANCO DO BRASIL,JULIA,SAQUE,2022-02-01T19:09:40,4261.13
1488,0007,SANTANDER,LUCAS,SAQUE,2022-02-22T01:36:53,4147.88
1434,0010,BANCO DO BRASIL,PAULA,SAQUE,2022-02-28T03:27:59,3627.63
2424,0005,BANCO DO BRASIL,ANA,DEPOSITO,2022-02-26T08:25:58,4552.17
1434,0010,BANCO DO BRASIL,PAULA,DEPOSITO,2022-02-19T03:22:20,426.62
4657,0003,ITAU,FELIPE,DEPOSITO,2022-02-03T03:58:30,1461.45
1434,0010,BANCO DO BRASIL,PAULA,SAQUE,2022-02-03T23:27:20,2064.86
1434,0010,BANCO DO BRASIL,PAULA,DEPOSITO,2022-02-07T20:17:18,1865.91
1488,0007,SANTANDER,LUCAS,SAQUE,2022-02-14T09:48:30,3562.42
5506,0002,ITAU,MARIA,DEPOSITO,2022-02-18T09:33:18,3750.92
9279,0009,BANCO DO BRASIL,MARCOS,DEPOSITO,2022-02-06T16:57:53,3885.71
1488,0007,SANTANDER,LUCAS,SAQUE,2022-02-02T11:37:04,3607.76
2679,0004,BANCO DO BRASIL,JULIA,SAQUE,2022-02-10T14:16:21,671.81
9279,0009,BANCO DO BRASIL,MARCOS,SAQUE,2022-02-23T03:54:41,3158.93
4657,0003,ITAU,FELIPE,DEPOSITO,2022-02-16T01:39:22,2839.07
4657,0003,ITAU,FELIPE,DEPOSITO,2022-02-09T12:16:31,3180.41
9279,0009,BANCO DO BRASIL,MARCOS,DEPOSITO,2022-02-19T19:40:50,525.54
5506,0002,ITAU,MARIA,SAQUE,2022-02-17T13:18:15,3521.78
5506,0002,ITAU,MARIA,SAQUE,2022-02-25T10:51:12,2918.57
2424,0005,BANCO DO BRASIL,ANA,SAQUE,2022-02-12T22:28:56,4110.85
9279,0009,BANCO DO BRASIL,MARCOS,SAQUE,2022-02-19T14:18:38,2273.66
9279,0009,BANCO DO BRASIL,MARCOS,SAQUE,2022-02-27T14:29:39,2980.26
5506,0002,ITAU,MARIA,DEPOSITO,2022-02-28T04:39:36,2012.41
9279,0009,BANCO DO BRASIL,MARCOS,SAQUE,2022-02-03T10:55:15,3111.97
2424,0005,BANCO DO BRASIL,ANA,SAQUE,2022-02-22T17:45:39,3694.0
9279,0009,BANCO DO BRASIL,MARCOS,DEPOSITO,2022-02-15T18:13:25,1466.2
9279,0009,BANCO DO BRASIL,MARCOS,DEPOSITO,2022-02-19T23:12:52,287.71
5506,0002,ITAU,MARIA,SAQUE,2022-02-10T23:25:49,626.13
9279,0009,BANCO DO BRASIL,MARCOS,DEPOSITO,2022-02-08T19:14:04,3579.13
4582,0008,ITAU,BRUNA,DEPOSITO,2022-02-09T02:18:40,574.15
5506,0002,ITAU,MARIA,DEPOSITO,2022-02-27T23:57:41,3250.76
2824,0001,SANTANDER,JOAO,SAQUE,2022-02-23T12:23:29,4430.68
7912,0006,SANTANDER,CARLOS,DEPOSITO,2022-02-28T03:34:05,3215.95
2824,0001,SANTANDER,JOAO,DEPOSITO,2022-02-17T00:07:52,1646.01
2424,0005,BANCO DO BRASIL,ANA,DEPOSITO,2022-02-22T23:05:17,2243.02
2824,0001,SANTANDER,JOAO,DEPOSITO,2022-02-03T20:16:18,1067.57
2424,0005,BANCO DO BRASIL,ANA,SAQUE,2022-02-14T07:17:44,860.0
7912,0006,SANTANDER,CARLOS,DEPOSITO,2022-02-13T01:43:33,997.78
1434,0010,BANCO DO BRASIL,PAULA,SAQUE,2022-02-01T01:47:13,3797.87
4657,0003,ITAU,FELIPE,SAQUE,2022-02-22T04:59:18,3961.29
7912,0006,SANTANDER,CARLOS,DEPOSITO,2022-02-04T20:56:07,2786.69
9279,0009,BANCO DO BRASIL,MARCOS,DEPOSITO,2022-02-19T09:14:22,4907.97
1488,0007,SANTANDER,LUCAS,SAQUE,2022-02-21T17:12:07,147.18
2679,0004,BANCO DO BRASIL,JULIA,SAQUE,2022-02-28T17:11:32,1783.55
1488,0007,SANTANDER,LUCAS,SAQUE,2022-02-24T19:12:16,3564.88
7912,0006,SANTANDER,CARLOS,DEPOSITO,2022-02-07T07:28:12,4495.23
2424,0005,BANCO DO BRASIL,ANA,SAQUE,2022-02-02T14:30:34,1111.91
2424,0005,BANCO DO BRASIL,ANA,DEPOSITO,2022-02-13T14:23:13,4346.59
2424,0005,BANCO DO BRASIL,ANA,DEPOSITO,2022-02-21T23:14:57,2213.67
4657,0003,ITAU,FELIPE,SAQUE,2022-02-14T11:30:20,2053.8
7912,0006,SANTANDER,CARLOS,SAQUE,2022-02-27T16:47:06,1741.33
2824,0001,SANTANDER,JOAO,SAQUE,2022-02-04T01:26:10,3461.41
2424,0005,BANCO DO BRASIL,ANA,DEPOSITO,2022-02-20T04:44:19,1363.53
7912,0006,SANTANDER,CARLOS,SAQUE,2022-02-26T15:21:00,4596.57
2679,0004,BANCO DO BRASIL,JULIA,DEPOSITO,2022-02-05T09:57:16,4495.46
2679,0004,BANCO DO BRASIL,JULIA,DEPOSITO,2022-02-12T17:59:19,4518.61
5506,0002,ITAU,MARIA,DEPOSITO,2022-02-10T17:09:08,4147.16
2679,0004,BANCO DO BRASIL,JULIA,SAQUE,2022-02-01T18:53:51,165.18
2424,0005,BANCO DO BRASIL,ANA,SAQUE,2022-02-08T00:10:14,573.8
1434,0010,BANCO DO BRASIL,PAULA,SAQUE,2022-02-20T02:20:16,2424.9
9279,0009,BANCO DO BRASIL,MARCOS,DEPOSITO,2022-02-17T09:15:13,2859.7
5506,0002,ITAU,MARIA,SAQUE,2022-02-21T20:49:53,2707.06
1434,0010,BANCO DO BRASIL,PAULA,SAQUE,2022-02-22T17:10:52,4471.0
2679,0004,BANCO DO BRASIL,JULIA,DEPOSITO,2022-02-06T19:17:28,3716.98
5506,0002,ITAU,MARIA,SAQUE,2022-02-08T08:54:23,480.86
2424,0005,BANCO DO BRASIL,ANA,DEPOSITO,2022-02-18T15:51:54,1821.72
1488,0007,SANTANDER,LUCAS,SAQUE,2022-02-05T03:02:10,4232.93
1488,0007,SANTANDER,LUCAS,SAQUE,2022-02-07T19:48:21,879.42
4657,0003,ITAU,FELIPE,SAQUE,2022-02-20T10:30:09,3099.03
2424,0005,BANCO DO BRASIL,ANA,DEPOSITO,2022-02-21T08:27:26,2791.71
1434,0010,BANCO DO BRASIL,PAULA,SAQUE,2022-02-28T01:54:53,2909.34
1488,0007,SANTANDER,LUCAS,SAQUE,2022-02-07T17:45:37,1351.91
9279,0009,BANCO DO BRASIL,MARCOS,SAQUE,2022-02-27T10:14:24,75.51
5506,0002,ITAU,MARIA,SAQUE,2022-02-07T13:33:22,3915.63
2824,0001,SANTANDER,JOAO,DEPOSITO,2022-02-24T06:13:57,3660.55
2424,0005,BANCO DO BRASIL,ANA,SAQUE,2022-02-04T14:24:26,4574.0
1434,0010,BANCO DO BRASIL,PAULA,DEPOSITO,2022-02-07T07:07:36,3075.31
9279,0009,BANCO DO BRASIL,MARCOS,DEPOSITO,2022-02-24T23:06:52,3251.63
7912,0006,SANTANDER,CARLOS,DEPOSITO,2022-02-08T11:37:35,2595.31
1434,0010,BANCO DO BRASIL,PAULA,DEPOSITO,2022-02-08T05:07:34,2238.27
1434,0010,BANCO DO BRASIL,PAULA,SAQUE,2022-02-08T16:31:26,1560.64
2824,0001,SANTANDER,JOAO,DEPOSITO,2022-02-27T13:26:40,1458.06
1434,0010,BANCO DO BRASIL,PAULA,SAQUE,2022-02-16T23:37:26,129.03
5506,0002,ITAU,MARIA,DEPOSITO,2022-02-15T09:37:15,1014.45
5506,0002,ITAU,MARIA,DEPOSITO,2022-02-13T06:20:20,883.4
5506,0002,ITAU,MARIA,DEPOSITO,2022-02-20T22:06:08,3390.37
2424,0005,BANCO DO BRASIL,ANA,DEPOSITO,2022-02-23T03:29:44,1301.5
2824,0001,SANTANDER,JOAO,SAQUE,2022-02-24T04:55:35,43.57
7912,0006,SANTANDER,CARLOS,SAQUE,2022-02-02T15:52:31,3742.2
4657,0003,ITAU,FELIPE,SAQUE,2022-02-23T18:59:46,3909.81
4657,0003,ITAU,FELIPE,DEPOSITO,2022-02-12T18:31:47,1061.58
4582,0008,ITAU,BRUNA,SAQUE,2022-02-06T20:08:24,3294.69
9279,0009,BANCO DO BRASIL,MARCOS,SAQUE,2022-02-21T10:49:58,424.9
2824,0001,SANTANDER,JOAO,DEPOSITO,2022-02-11T04:49:13,2319.22
7912,0006,SANTANDER,CARLOS,SAQUE,2022-02-23T08:13:04,2909.36
5506,0002,ITAU,MARIA,SAQUE,2022-02-07T05:35:12,3302.16
2424,0005,BANCO DO BRASIL,ANA,SAQUE,2022-02-09T15:02:42,3646.87
1434,0010,BANCO DO BRASIL,PAULA,SAQUE,2022-02-04T01:31:42,4024.22
2824,0001,SANTANDER,JOAO,SAQUE,2022-02-02T00:13:24,2735.06
5506,0002,ITAU,MARIA,SAQUE,2022-02-03T22:00:33,3199.17
4582,0008,ITAU,BRUNA,DEPOSITO,2022-02-12T01:48:01,1785.5
7912,0006,SANTANDER,CARLOS,SAQUE,2022-02-15T19:44:22,2266.06
2679,0004,BANCO DO BRASIL,JULIA,DEPOSITO,2022-02-10T09:49:37,2681.73
1434,0010,BANCO DO BRASIL,PAULA,SAQUE,2022-02-12T18:29:02,4170.58
1434,0010,BANCO DO BRASIL,PAULA,DEPOSITO,2022-02-09T22:14:10,3213.21
9279,0009,BANCO DO BRASIL,MARCOS,SAQUE,2022-02-17T21:04:47,2449.66
4582,0008,ITAU,BRUNA,SAQUE,2022-02-16T01:59:46,1524.21
7912,0006,SANTANDER,CARLOS,SAQUE,2022-02-13T18:49:28,1248.81
2424,0005,BANCO DO BRASIL,ANA,DEPOSITO,2022-02-26T18:43:57,4430.05
2424,0005,BANCO DO BRASIL,ANA,SAQUE,2022-02-12T06:11:09,4098.82
4582,0008,ITAU,BRUNA,SAQUE,2022-02-06T11:50:44,2893.44
2424,0005,BANCO DO BRASIL,ANA,SAQUE,2022-02-06T12:10:37,139.31
4657,0003,ITAU,FELIPE,SAQUE,2022-02-09T23:38:32,400.32
9279,0009,BANCO DO BRASIL,MARCOS,SAQUE,2022-02-07T13:46:50,4875.02
4582,0008,ITAU,BRUNA,SAQUE,2022-02-15T14:11:43,66.63
2424,0005,BANCO DO BRASIL,ANA,DEPOSITO,2022-02-12T06:56:30,191.78
5506,0002,ITAU,MARIA,SAQUE,2022-02-22T03:55:01,3080.45
5506,0002,ITAU,MARIA,DEPOSITO,2022-02-14T17:55:06,2742.05
1434,0010,BANCO DO BRASIL,PAULA,SAQUE,2022-02-15T02:17:20,3105.29
5506,0002,ITAU,MARIA,DEPOSITO,2022-02-26T19:16:17,1717.78
1488,0007,SANTANDER,LUCAS,SAQUE,2022-02-17T03:46:31,2149.23
1488,0007,SANTANDER,LUCAS,DEPOSITO,2022-02-22T09:46:15,347.93
9279,0009,BANCO DO BRASIL,MARCOS,DEPOSITO,2022-02-04T03:52:36,4899.57
1434,0010,BANCO DO BRASIL,PAULA,DEPOSITO,2022-02-11T14:36:05,4941.75
1488,0007,SANTANDER,LUCAS,DEPOSITO,2022-02-10T17:06:23,2077.43
5506,0002,ITAU,MARIA,SAQUE,2022-02-22T05:37:56,67.58
4582,0008,ITAU,BRUNA,SAQUE,2022-02-16T18:31:10,1597.31
4582,0008,ITAU,BRUNA,DEPOSITO,2022-02-27T11:59:44,2204.92
1488,0007,SANTANDER,LUCAS,DEPOSITO,2022-02-23T07:32:18,189.55
2424,0005,BANCO DO BRASIL,ANA,DEPOSITO,2022-02-18T01:21:29,1547.35
4582,0008,ITAU,BRUNA,DEPOSITO,2022-02-14T13:54:25,917.34
1434,0010,BANCO DO BRASIL,PAULA,DEPOSITO,2022-02-22T14:39:36,2015.0
2824,0001,SANTANDER,JOAO,DEPOSITO,2022-02-14T17:47:14,925.31
2424,0005,BANCO DO BRASIL,ANA,DEPOSITO,2022-02-25T17:30:02,2004.4
2424,0005,BANCO DO BRASIL,ANA,DEPOSITO,2022-02-10T21:19:13,2072.01
4582,0008,ITAU,BRUNA,DEPOSITO,2022-02-16T07:48:14,4809.2
5506,0002,ITAU,MARIA,SAQUE,2022-02-20T17:24:34,2809.37
9279,0009,BANCO DO BRASIL,MARCOS,DEPOSITO,2022-02-13T01:34:02,1848.47
1434,0010,BANCO DO BRASIL,PAULA,DEPOSITO,2022-02-10T19:34:32,1399.32
1434,0010,BANCO DO BRASIL,PAULA,SAQUE,2022-02-03T10:27:25,4170.06
1434,0010,BANCO DO BRASIL,PAULA,DEPOSITO,2022-02-17T19:25:05,346.57
9279,0009,BANCO DO BRASIL,MARCOS,SAQUE,2022-02-16T14:58:24,2309.89
9279,0009,BANCO DO BRASIL,MARCOS,SAQUE,2022-02-05T00:53:32,3449.59
4582,0008,ITAU,BRUNA,SAQUE,2022-02-11T05:09:13,3437.0
1434,0010,BANCO DO BRASIL,PAULA,DEPOSITO,2022-02-18T15:29:05,1203.7
1488,0007,SANTANDER,LUCAS,SAQUE,2022-02-27T22:33:04,4746.09
4657,0003,ITAU,FELIPE,DEPOSITO,2022-02-27T14:00:53,62.78
2824,0001,SANTANDER,JOAO,DEPOSITO,2022-02-01T16:16:09,2919.98
5506,0002,ITAU,MARIA,SAQUE,2022-02-02T13:39:30,3413.3
7912,0006,SANTANDER,CARLOS,DEPOSITO,2022-02-18T11:47:56,3121.12
1488,0007,SANTANDER,LUCAS,SAQUE,2022-02-26T15:03:00,1593.74
7912,0006,SANTANDER,CARLOS,SAQUE,2022-02-05T12:31:04,3657.35
2824,0001,SANTANDER,JOAO,SAQUE,2022-02-20T12:36:11,1911.68
4582,0008,ITAU,BRUNA,SAQUE,2022-02-06T22:31:20,2742.21
4582,0008,ITAU,BRUNA,DEPOSITO,2022-02-15T23:59:58,2944.11
2679,0004,BANCO DO BRASIL,JULIA,SAQUE,2022-02-27T12:20:53,4802.77
1434,0010,BANCO DO BRASIL,PAULA,SAQUE,2022-02-04T02:50:32,4270.79
9279,0009,BANCO DO BRASIL,MARCOS,DEPOSITO,2022-02-22T17:52:57,4720.62
7912,0006,SANTANDER,CARLOS,SAQUE,2022-02-23T15:48:57,1216.22
1434,0010,BANCO DO BRASIL,PAULA,DEPOSITO,2022-02-21T04:29:42,3512.68
4582,0008,ITAU,BRUNA,SAQUE,2022-02-16T10:08:00,2087.35
7912,0006,SANTANDER,CARLOS,SAQUE,2022-02-10T22:26:13,1848.29
1434,0010,BANCO DO BRASIL,PAULA,SAQUE,2022-02-12T20:43:48,3445.1
9279,0009,BANCO DO BRASIL,MARCOS,DEPOSITO,2022-02-20T09:07:28,3097.04
1488,0007,SANTANDER,LUCAS,SAQUE,2022-02-04T11:35:31,1201.82
4657,0003,ITAU,FELIPE,SAQUE,2022-02-15T02:27:45,3614.53
9279,0009,BANCO DO BRASIL,MARCOS,DEPOSITO,2022-02-07T16:04:07,2163.75
5506,0002,ITAU,MARIA,SAQUE,2022-02-04T11:07:38,1807.58
4657,0003,ITAU,FELIPE,SAQUE,2022-02-18T21:10:18,1110.35
4582,0008,ITAU,BRUNA,DEPOSITO,2022-02-02T19:02:21,1384.54
1488,0007,SANTANDER,LUCAS,SAQUE,2022-02-03T13:28:03,3922.46
1434,0010,BANCO DO BRASIL,PAULA,SAQUE,2022-02-07T12:57:53,3151.41
5506,0002,ITAU,MARIA,DEPOSITO,2022-02-21T23:37:34,2471.35
2424,0005,BANCO DO BRASIL,ANA,DEPOSITO,2022-02-07T02:58:07,4228.67
2824,0001,SANTANDER,JOAO,DEPOSITO,2022-02-24T13:11:57,4587.45
5506,0002,ITAU,MARIA,SAQUE,2022-02-05T12:38:12,4783.19
1434,0010,BANCO DO BRASIL,PAULA,DEPOSITO,2022-02-12T17:48:53,3985.8
1488,0007,SANTANDER,LUCAS,DEPOSITO,2022-02-10T08:43:29,4415.22
1434,0010,BANCO DO BRASIL,PAULA,SAQUE,2022-02-06T09:08:37,3481.31
2679,0004,BANCO DO BRASIL,JULIA,DEPOSITO,2022-02-21T11:28:00,4078.26
2824,0001,SANTANDER,JOAO,SAQUE,2022-02-09T20:46:52,2109.12
7912,0006,SANTANDER,CARLOS,DEPOSITO,2022-02-03T15:04:35,4021.82
1488,0007,SANTANDER,LUCAS,SAQUE,2022-02-09T18:34:14,3388.15
1488,0007,SANTANDER,LUCAS,SAQUE,2022-02-02T18:32:29,1397.38
2679,0004,BANCO DO BRASIL,JULIA,SAQUE,2022-02-05T12:38:15,2563.17
1488,0007,SANTANDER,LUCAS,DEPOSITO,2022-02-23T20:12:13,2110.32
5506,0002,ITAU,MARIA,DEPOSITO,2022-02-19T07:18:01,126.63
2824,0001,SANTANDER,JOAO,SAQUE,2022-02-07T05:08:15,676.86
5506,0002,ITAU,MARIA,DEPOSITO,2022-02-07T00:58:14,4832.9
1434,0010,BANCO DO BRASIL,PAULA,SAQUE,2022-02-17T15:53:13,1891.28
4657,0003,ITAU,FELIPE,SAQUE,2022-02-25T17:49:31,1200.55
7912,0006,SANTANDER,CARLOS,SAQUE,2022-02-20T01:49:30,4953.17
1434,0010,BANCO DO BRASIL,PAULA,SAQUE,2022-02-26T08:46:24,1524.91
2824,0001,SANTANDER,JOAO,SAQUE,2022-02-25T20:49:41,1873.64
2679,0004,BANCO DO BRASIL,JULIA,SAQUE,2022-02-28T10:44:09,3726.8
1434,0010,BANCO DO BRASIL,PAULA,SAQUE,2022-02-04T23:43:14,3168.63
2679,0004,BANCO DO BRASIL,JULIA,SAQUE,2022-02-17T15:57:40,708.16
2424,0005,BANCO DO BRASIL,ANA,SAQUE,2022-02-05T05:27:02,1673.12
4657,0003,ITAU,FELIPE,SAQUE,2022-02-11T13:50:39,781.23
9279,0009,BANCO DO BRASIL,MARCOS,DEPOSITO,2022-02-14T22:41:31,2663.22
1488,0007,SANTANDER,LUCAS,DEPOSITO,2022-02-02T13:01:08,2446.07
4582,0008,ITAU,BRUNA,DEPOSITO,2022-02-06T03:18:47,2127.83
4582,0008,ITAU,BRUNA,SAQUE,2022-02-06T08:20:29,307.29
9279,0009,BANCO DO BRASIL,MARCOS,SAQUE,2022-02-28T13:48:04,4234.71
2679,0004,BANCO DO BRASIL,JULIA,SAQUE,2022-02-03T03:02:37,647.88
2679,0004,BANCO DO BRASIL,JULIA,DEPOSITO,2022-02-26T04:33:35,4475.68
2679,0004,BANCO DO BRASIL,JULIA,DEPOSITO,2022-02-18T07:23:44,3221.68
4582,0008,ITAU,BRUNA,DEPOSITO,2022-02-10T03:31:56,832.77
7912,0006,SANTANDER,CARLOS,DEPOSITO,2022-02-14T04:16:21,3430.36
4657,0003,ITAU,FELIPE,SAQUE,2022-02-23T10:30:58,3613.01
2824,0001,SANTANDER,JOAO,DEPOSITO,2022-02-09T08:14:48,4008.6
5506,0002,ITAU,MARIA,DEPOSITO,2022-02-12T19:21:31,438.01
4657,0003,ITAU,FELIPE,DEPOSITO,2022-02-10T02:51:31,356.58
2824,0001,SANTANDER,JOAO,DEPOSITO,2022-02-09T12:38:32,606.02
1434,0010,BANCO DO BRASIL,PAULA,SAQUE,2022-02-17T21:21:41,1766.4
7912,0006,SANTANDER,CARLOS,SAQUE,2022-02-28T22:57:56,3252.83
5506,0002,ITAU,MARIA,DEPOSITO,2022-02-11T20:13:03,1409.94
9279,0009,BANCO DO BRASIL,MARCOS,DEPOSITO,2022-02-25T04:53:48,2599.27
5506,0002,ITAU,MARIA,SAQUE,2022-02-06T18:54:29,2659.27
2824,0001,SANTANDER,JOAO,SAQUE,2022-02-02T09:34:08,724.38
9279,0009,BANCO DO BRASIL,MARCOS,SAQUE,2022-02-21T13:18:15,2547.36
2424,0005,BANCO DO BRASIL,ANA,DEPOSITO,2022-02-22T09:56:13,3358.91
4657,0003,ITAU,FELIPE,DEPOSITO,2022-02-13T09:11:35,1432.57
9279,0009,BANCO DO BRASIL,MARCOS,DEPOSITO,2022-02-24T03:35:03,2965.63
4657,0003,ITAU,FELIPE,SAQUE,2022-02-14T23:21:41,1376.5
5506,0002,ITAU,MARIA,DEPOSITO,2022-02-25T03:06:20,4046.73
2679,0004,BANCO DO BRASIL,JULIA,SAQUE,2022-02-05T22:15:47,1974.32
4657,0003,ITAU,FELIPE,SAQUE,2022-02-20T21:03:38,1564.88
7912,0006,SANTANDER,CARLOS,DEPOSITO,2022-02-03T22:54:48,789.81
4582,0008,ITAU,BRUNA,SAQUE,2022-02-05T04:40:31,3955.67
5506,0002,ITAU,MARIA,DEPOSITO,2022-02-23T18:06:07,2332.71
2679,0004,BANCO DO BRASIL,JULIA,SAQUE,2022-02-20T06:17:04,4951.85
4582,0008,ITAU,BRUNA,DEPOSITO,2022-02-18T00:22:58,2949.35
1488,0007,SANTANDER,LUCAS,DEPOSITO,2022-02-27T00:19:22,4425.63
4582,0008,ITAU,BRUNA,SAQUE,2022-02-21T04:43:01,935.85
4657,0003,ITAU,FELIPE,SAQUE,2022-02-27T17:12:25,4889.77
7912,0006,SANTANDER,CARLOS,SAQUE,2022-02-27T08:57:17,4500.56
2824,0001,SANTANDER,JOAO,DEPOSITO,2022-02-21T04:54:14,397.1
2824,0001,SANTANDER,JOAO,SAQUE,2022-02-22T15:21:38,65.59
4582,0008,ITAU,BRUNA,SAQUE,2022-02-03T10:55:41,1432.43
5506,0002,ITAU,MARIA,DEPOSITO,2022-02-09T10:51:34,3134.79
2679,0004,BANCO DO BRASIL,JULIA,DEPOSITO,2022-02-14T07:00:28,1364.99
1434,0010,BANCO DO BRASIL,PAULA,SAQUE,2022-02-09T15:27:50,2148.86
4582,0008,ITAU,BRUNA,SAQUE,2022-02-04T02:28:34,559.89
5506,0002,ITAU,MARIA,SAQUE,2022-02-18T07:21:15,2498.96
7912,0006,SANTANDER,CARLOS,DEPOSITO,2022-02-28T08:05:23,1568.92
1488,0007,SANTANDER,LUCAS,DEPOSITO,2022-02-13T01:29:01,3741.18
2824,0001,SANTANDER,JOAO,SAQUE,2022-02-08T04:03:22,4345.07
9279,0009,BANCO DO BRASIL,MARCOS,DEPOSITO,2022-02-06T12:30:28,1869.86
7912,0006,SANTANDER,CARLOS,DEPOSITO,2022-02-20T19:30:52,4487.99
4582,0008,ITAU,BRUNA,SAQUE,2022-02-18T16:07:57,1815.94
2424,0005,BANCO DO BRASIL,ANA,DEPOSITO,2022-02-25T00:30:17,2741.8
1488,0007,SANTANDER,LUCAS,DEPOSITO,2022-02-13T05:58:40,2597.12
1434,0010,BANCO DO BRASIL,PAULA,DEPOSITO,2022-02-27T03:56:33,3667.9
2679,0004,BANCO DO BRASIL,JULIA,DEPOSITO,2022-02-19T16:33:09,2061.54
1434,0010,BANCO DO BRASIL,PAULA,SAQUE,2022-02-23T00:23:18,2144.65
2424,0005,BANCO DO BRASIL,ANA,SAQUE,2022-02-12T05:55:13,3335.5
5506,0002,ITAU,MARIA,SAQUE,2022-02-08T23:15:17,2467.19
9279,0009,BANCO DO BRASIL,MARCOS,SAQUE,2022-02-15T14:16:08,457.68
4582,0008,ITAU,BRUNA,DEPOSITO,2022-02-27T11:08:03,1952.1
4657,0003,ITAU,FELIPE,SAQUE,2022-02-05T15:54:13,1784.36
4657,0003,ITAU,FELIPE,SAQUE,2022-02-21T01:49:57,1509.5
4582,0008,ITAU,BRUNA,SAQUE,2022-02-28T19:25:48,267.58
2824,0001,SANTANDER,JOAO,DEPOSITO,2022-02-20T13:31:10,2911.84
1434,0010,BANCO DO BRASIL,PAULA,DEPOSITO,2022-02-10T20:28:49,2517.35
2424,0005,BANCO DO BRASIL,ANA,SAQUE,2022-02-05T15:49:06,4977.19
2424,0005,BANCO DO BRASIL,ANA,SAQUE,2022-02-02T02:11:06,2230.81
4582,0008,ITAU,BRUNA,DEPOSITO,2022-02-19T11:49:25,1043.02
7912,0006,SANTANDER,CARLOS,DEPOSITO,2022-02-01T05:55:02,4225.26
2824,0001,SANTANDER,JOAO,DEPOSITO,2022-02-10T02:39:23,1004.35
7912,0006,SANTANDER,CARLOS,DEPOSITO,2022-02-02T04:12:10,3850.71
2424,0005,BANCO DO BRASIL,ANA,SAQUE,2022-02-24T15:13:31,4056.2
2424,0005,BANCO DO BRASIL,ANA,SAQUE,2022-02-17T23:54:58,2315.56
5506,0002,ITAU,MARIA,SAQUE,2022-02-13T12:22:42,2514.7
2424,0005,BANCO DO BRASIL,ANA,SAQUE,2022-02-07T12:21:49,3014.7
5506,0002,ITAU,MARIA,SAQUE,2022-02-14T13:34:52,2886.67
9279,0009,BANCO DO BRASIL,MARCOS,DEPOSITO,2022-02-13T07:40:20,4942.66
5506,0002,ITAU,MARIA,DEPOSITO,2022-02-03T15:22:46,4685.21
7912,0006,SANTANDER,CARLOS,DEPOSITO,2022-02-03T13:36:30,2038.67
2824,0001,SANTANDER,JOAO,DEPOSITO,2022-02-12T19:56:05,803.75
5506,0002,ITAU,MARIA,SAQUE,2022-02-11T03:30:35,2946.95
9279,0009,BANCO DO BRASIL,MARCOS,DEPOSITO,2022-02-07T10:15:05,175.53
5506,0002,ITAU,MARIA,SAQUE,2022-02-27T18:51:23,3854.61
2679,0004,BANCO DO BRASIL,JULIA,DEPOSITO,2022-02-08T01:07:00,3252.2
2424,0005,BANCO DO BRASIL,ANA,DEPOSITO,2022-02-27T23:12:18,3406.37
1434,0010,BANCO DO BRASIL,PAULA,DEPOSITO,2022-02-13T03:56:52,4656.5
5506,0002,ITAU,MARIA,SAQUE,2022-02-04T17:07:35,1056.44
1488,0007,SANTANDER,LUCAS,SAQUE,2022-02-15T23:13:37,2427.92
5506,0002,ITAU,MARIA,DEPOSITO,2022-02-25T09:19:04,1083.03
5506,0002,ITAU,MARIA,DEPOSITO,2022-02-24T20:55:34,379.67
4657,0003,ITAU,FELIPE,DEPOSITO,2022-02-09T10:07:03,3440.46
2424,0005,BANCO DO BRASIL,ANA,SAQUE,2022-02-23T15:03:27,2583.67
1488,0007,SANTANDER,LUCAS,DEPOSITO,2022-02-10T17:22:42,2593.54
1434,0010,BANCO DO BRASIL,PAULA,DEPOSITO,2022-02-08T22:27:32,3433.53
1488,0007,SANTANDER,LUCAS,SAQUE,2022-02-13T14:24:43,3511.73
2824,0001,SANTANDER,JOAO,SAQUE,2022-02-20T17:16:09,1822.92
4582,0008,ITAU,BRUNA,DEPOSITO,2022-02-07T00:12:45,2726.45
2424,0005,BANCO DO BRASIL,ANA,DEPOSITO,2022-02-08T22:16:51,2006.3
2679,0004,BANCO DO BRASIL,JULIA,SAQUE,2022-02-01T06:27:36,4464.37
9279,0009,BANCO DO BRASIL,MARCOS,SAQUE,2022-02-23T12:05:42,3107.41
7912,0006,SANTANDER,CARLOS,SAQUE,2022-02-25T15:04:42,1299.27
1434,0010,BANCO DO BRASIL,PAULA,SAQUE,2022-02-04T11:55:30,194.02
4582,0008,ITAU,BRUNA,SAQUE,2022-02-16T01:12:40,1829.32
1488,0007,SANTANDER,LUCAS,DEPOSITO,2022-02-03T15:30:36,1521.74
7912,0006,SANTANDER,CARLOS,SAQUE,2022-02-02T04:59:58,2407.12
1488,0007,SANTANDER,LUCAS,SAQUE,2022-02-08T23:52:26,1400.62
4657,0003,ITAU,FELIPE,SAQUE,2022-02-27T20:05:12,259.82
4582,0008,ITAU,BRUNA,SAQUE,2022-02-03T15:51:46,2361.77
1434,0010,BANCO DO BRASIL,PAULA,SAQUE,2022-02-20T01:12:22,217.88
9279,0009,BANCO DO BRASIL,MARCOS,SAQUE,2022-02-03T17:12:55,2238.7
1434,0010,BANCO DO BRASIL,PAULA,DEPOSITO,2022-02-22T19:52:11,143.65
4582,0008,ITAU,BRUNA,SAQUE,2022-02-25T08:29:21,2286.82
7912,0006,SANTANDER,CARLOS,DEPOSITO,2022-02-03T01:45:30,3409.91
9279,0009,BANCO DO BRASIL,MARCOS,DEPOSITO,2022-02-28T08:41:16,2558.61
1488,0007,SANTANDER,LUCAS,DEPOSITO,2022-02-04T13:06:57,485.44
5506,0002,ITAU,MARIA,SAQUE,2022-02-14T15:18:28,3548.61
7912,0006,SANTANDER,CARLOS,DEPOSITO,2022-02-18T21:42:31,717.35
4582,0008,ITAU,BRUNA,DEPOSITO,2022-02-19T17:51:29,325.66
4582,0008,ITAU,BRUNA,DEPOSITO,2022-02-24T08:44:30,3470.17
4582,0008,ITAU,BRUNA,DEPOSITO,2022-02-17T11:52:06,4939.2
5506,0002,ITAU,MARIA,SAQUE,2022-02-17T14:14:07,858.82
2679,0004,BANCO DO BRASIL,JULIA,DEPOSITO,2022-02-12T17:55:05,869.79
9279,0009,BANCO DO BRASIL,MARCOS,SAQUE,2022-02-16T17:59:19,4319.95
4657,0003,ITAU,FELIPE,DEPOSITO,2022-02-28T02:16:52,3324.96
4657,0003,ITAU,FELIPE,DEPOSITO,2022-02-26T09:46:13,533.01
2679,0004,BANCO DO BRASIL,JULIA,SAQUE,2022-02-19T18:26:12,3048.32
4582,0008,ITAU,BRUNA,SAQUE,2022-02-05T03:07:58,2450.72
5506,0002,ITAU,MARIA,SAQUE,2022-02-16T11:10:59,3444.58
2424,0005,BANCO DO BRASIL,ANA,DEPOSITO,2022-02-10T08:00:14,4787.11
4582,0008,ITAU,BRUNA,SAQUE,2022-02-09T15:31:08,203.68
4582,0008,ITAU,BRUNA,SAQUE,2022-02-15T22:53:15,4779.86
4582,0008,ITAU,BRUNA,DEPOSITO,2022-02-19T22:21:45,3081.71
5506,0002,ITAU,MARIA,SAQUE,2022-02-13T17:28:04,1086.56
7912,0006,SANTANDER,CARLOS,DEPOSITO,2022-02-02T14:08:18,1793.81
1434,0010,BANCO DO BRASIL,PAULA,DEPOSITO,2022-02-19T17:59:42,617.3
2424,0005,BANCO DO BRASIL,ANA,DEPOSITO,2022-02-17T10:25:36,3701.44
1488,0007,SANTANDER,LUCAS,SAQUE,2022-02-05T02:43:48,2888.24
4582,0008,ITAU,BRUNA,DEPOSITO,2022-02-03T19:13:50,3258.02
2424,0005,BANCO DO BRASIL,ANA,DEPOSITO,2022-02-27T03:15:26,2329.42
2824,0001,SANTANDER,JOAO,DEPOSITO,2022-02-13T14:38:17,3138.68
2424,0005,BANCO DO BRASIL,ANA,DEPOSITO,2022-02-05T09:42:48,930.99
4657,0003,ITAU,FELIPE,SAQUE,2022-02-27T23:56:12,3850.22
2679,0004,BANCO DO BRASIL,JULIA,DEPOSITO,2022-02-20T18:54:28,390.39
4657,0003,ITAU,FELIPE,DEPOSITO,2022-02-02T06:41:46,3483.65
5506,0002,ITAU,MARIA,DEPOSITO,2022-02-05T02:37:09,2683.56
4657,0003,ITAU,FELIPE,SAQUE,2022-02-03T15:10:56,933.25
1434,0010,BANCO DO BRASIL,PAULA,SAQUE,2022-02-04T04:05:37,2136.16
9279,0009,BANCO DO BRASIL,MARCOS,SAQUE,2022-02-04T05:42:04,798.14
2679,0004,BANCO DO BRASIL,JULIA,SAQUE,2022-02-28T18:02:20,4501.55
2824,0001,SANTANDER,JOAO,DEPOSITO,2022-02-09T06:15:35,2978.61
2424,0005,BANCO DO BRASIL,ANA,SAQUE,2022-02-14T04:34:15,1685.88
2424,0005,BANCO DO BRASIL,ANA,DEPOSITO,2022-02-01T10:31:24,3822.34
2824,0001,SANTANDER,JOAO,DEPOSITO,2022-02-27T21:32:40,4817.74
9279,0009,BANCO DO BRASIL,MARCOS,SAQUE,2022-02-16T22:06:28,4657.53
2424,0005,BANCO DO BRASIL,ANA,DEPOSITO,2022-02-21T00:03:04,1203.88
5506,0002,ITAU,MARIA,DEPOSITO,2022-02-15T12:34:03,2420.79
1434,0010,BANCO DO BRASIL,PAULA,DEPOSITO,2022-02-25T01:07:59,104.05
1434,0010,BANCO DO BRASIL,PAULA,SAQUE,2022-02-16T14:02:21,2259.79
5506,0002,ITAU,MARIA,DEPOSITO,2022-02-28T12:42:36,4073.71
1488,0007,SANTANDER,LUCAS,SAQUE,2022-02-16T08:26:32,1367.89
2424,0005,BANCO DO BRASIL,ANA,SAQUE,2022-02-14T04:03:56,274.9
1434,0010,BANCO DO BRASIL,PAULA,DEPOSITO,2022-02-09T04:38:05,2781.69
2679,0004,BANCO DO BRASIL,JULIA,DEPOSITO,2022-02-08T05:54:56,3990.52
1488,0007,SANTANDER,LUCAS,SAQUE,2022-02-19T09:11:33,2756.23
1434,0010,BANCO DO BRASIL,PAULA,DEPOSITO,2022-02-23T07:12:35,325.25
2679,0004,BANCO DO BRASIL,JULIA,SAQUE,2022-02-07T20:07:00,3846.44
7912,0006,SANTANDER,CARLOS,SAQUE,2022-02-14T09:54:39,1574.7
7912,0006,SANTANDER,CARLOS,DEPOSITO,2022-02-23T01:50:59,1874.83
1488,0007,SANTANDER,LUCAS,SAQUE,2022-02-18T17:58:42,1826.67
4582,0008,ITAU,BRUNA,DEPOSITO,2022-02-05T22:35:01,4566.57
9279,0009,BANCO DO BRASIL,MARCOS,SAQUE,2022-02-07T21:06:08,4201.66
4582,0008,ITAU,BRUNA,SAQUE,2022-02-14T07:43:01,2111.97
1488,0007,SANTANDER,LUCAS,SAQUE,2022-02-12T11:14:44,95.74
7912,0006,SANTANDER,CARLOS,SAQUE,2022-02-02T12:05:40,2855.44
2824,0001,SANTANDER,JOAO,SAQUE,2022-02-01T14:18:59,1230.31
1488,0007,SANTANDER,LUCAS,DEPOSITO,2022-02-20T13:27:25,171.01
2824,0001,SANTANDER,JOAO,SAQUE,2022-02-27T02:36:09,3766.0
2824,0001,SANTANDER,JOAO,SAQUE,2022-02-05T10:08:54,813.38
7912,0006,SANTANDER,CARLOS,DEPOSITO,2022-02-28T00:23:53,4902.92
5506,0002,ITAU,MARIA,SAQUE,2022-02-03T12:02:40,1349.62
2824,0001,SANTANDER,JOAO,SAQUE,2022-02-02T15:44:44,4178.54
2679,0004,BANCO DO BRASIL,JULIA,SAQUE,2022-02-10T11:57:16,3679.24
9279,0009,BANCO DO BRASIL,MARCOS,DEPOSITO,2022-02-26T10:57:17,13.27
2424,0005,BANCO DO BRASIL,ANA,DEPOSITO,2022-02-01T02:11:29,1509.91
4657,0003,ITAU,FELIPE,DEPOSITO,2022-02-19T13:05:05,2780.77
4582,0008,ITAU,BRUNA,SAQUE,2022-02-19T16:23:33,1476.38
2679,0004,BANCO DO BRASIL,JULIA,DEPOSITO,2022-02-15T04:36:42,3559.93
2824,0001,SANTANDER,JOAO,SAQUE,2022-02-21T05:47:24,4968.74
1488,0007,SANTANDER,LUCAS,SAQUE,2022-02-09T00:56:53,2339.79
2824,0001,SANTANDER,JOAO,SAQUE,2022-02-02T23:14:14,1116.79
4657,0003,ITAU,FELIPE,SAQUE,2022-02-06T17:20:08,3631.46
2679,0004,BANCO DO BRASIL,JULIA,DEPOSITO,2022-02-07T05:21:12,2887.31
4582,0008,ITAU,BRUNA,SAQUE,2022-02-02T04:38:43,4638.58
2824,0001,SANTANDER,JOAO,SAQUE,2022-02-27T20:38:03,1946.67
9279,0009,BANCO DO BRASIL,MARCOS,SAQUE,2022-02-04T04:06:08,1067.43
9279,0009,BANCO DO BRASIL,MARCOS,DEPOSITO,2022-02-03T05:06:46,3905.56
2424,0005,BANCO DO BRASIL,ANA,DEPOSITO,2022-02-23T00:59:05,365.19
1488,0007,SANTANDER,LUCAS,DEPOSITO,2022-02-20T10:15:15,4763.99
9279,0009,BANCO DO BRASIL,MARCOS,DEPOSITO,2022-02-07T09:26:59,1646.44
9279,0009,BANCO DO BRASIL,MARCOS,SAQUE,2022-02-27T14:14:17,3555.07
4582,0008,ITAU,BRUNA,DEPOSITO,2022-02-15T03:08:04,4487.12
9279,0009,BANCO DO BRASIL,MARCOS,DEPOSITO,2022-02-25T06:37:58,210.87
4582,0008,ITAU,BRUNA,DEPOSITO,2022-02-15T16:22:31,486.61
2824,0001,SANTANDER,JOAO,DEPOSITO,2022-02-08T18:43:16,4279.32
4657,0003,ITAU,FELIPE,SAQUE,2022-02-15T19:16:47,3712.12
2824,0001,SANTANDER,JOAO,DEPOSITO,2022-02-13T20:21:24,897.87
5506,0002,ITAU,MARIA,DEPOSITO,2022-02-18T07:11:15,1818.59
2424,0005,BANCO DO BRASIL,ANA,DEPOSITO,2022-02-13T16:50:51,1316.82
4582,0008,ITAU,BRUNA,DEPOSITO,2022-02-03T12:58:20,1581.34
7912,0006,SANTANDER,CARLOS,DEPOSITO,2022-02-03T15:23:49,1603.4
7912,0006,SANTANDER,CARLOS,DEPOSITO,2022-02-20T20:22:24,3157.85
1488,0007,SANTANDER,LUCAS,DEPOSITO,2022-02-24T07:34:50,773.15
5506,0002,ITAU,MARIA,SAQUE,2022-02-20T06:39:43,4967.42
4657,0003,ITAU,FELIPE,SAQUE,2022-02-27T17:40:16,1728.51
4657,0003,ITAU,FELIPE,DEPOSITO,2022-02-10T05:40:00,2236.16
7912,0006,SANTANDER,CARLOS,DEPOSITO,2022-02-01T08:26:02,4341.2
2679,0004,BANCO DO BRASIL,JULIA,DEPOSITO,2022-02-22T07:29:32,3428.93
5506,0002,ITAU,MARIA,DEPOSITO,2022-02-17T22:34:29,1387.35
4582,0008,ITAU,BRUNA,SAQUE,2022-02-05T08:57:42,689.89
1488,0007,SANTANDER,LUCAS,DEPOSITO,2022-02-22T08:28:32,3659.93
5506,0002,ITAU,MARIA,DEPOSITO,2022-02-13T21:53:28,4188.72
1488,0007,SANTANDER,LUCAS,DEPOSITO,2022-02-05T13:51:03,1270.38
7912,0006,SANTANDER,CARLOS,SAQUE,2022-02-13T02:21:17,2027.56
5506,0002,ITAU,MARIA,DEPOSITO,2022-02-03T15:22:46,4685.21
1488,0007,SANTANDER,LUCAS,DEPOSITO,2022-02-11T12:54:01,3164.53
9279,0009,BANCO DO BRASIL,MARCOS,SAQUE,2022-02-24T21:08:30,4735.32
2679,0004,BANCO DO BRASIL,JULIA,DEPOSITO,2022-02-02T04:07:29,2247.31
2679,0004,BANCO DO BRASIL,JULIA,SAQUE,2022-02-21T01:35:16,1554.61
9279,0009,BANCO DO BRASIL,MARCOS,DEPOSITO,2022-02-25T21:08:24,3263.29
1434,0010,BANCO DO BRASIL,PAULA,DEPOSITO,2022-02-12T10:53:16,4678.15
2679,0004,BANCO DO BRASIL,JULIA,SAQUE,2022-02-25T07:32:40,2614.69
9279,0009,BANCO DO BRASIL,MARCOS,SAQUE,2022-02-04T05:31:39,4387.95
5506,0002,ITAU,MARIA,DEPOSITO,2022-02-16T07:23:36,4643.04
2679,0004,BANCO DO BRASIL,JULIA,SAQUE,2022-02-24T01:17:17,69.88
4582,0008,ITAU,BRUNA,DEPOSITO,2022-02-03T14:53:42,3436.82
7912,0006,SANTANDER,CARLOS,DEPOSITO,2022-02-27T20:10:06,326.69
2424,0005,BANCO DO BRASIL,ANA,DEPOSITO,2022-02-24T10:09:09,4901.42
1488,0007,SANTANDER,LUCAS,SAQUE,2022-02-18T12:07:22,3615.63
2424,0005,BANCO DO BRASIL,ANA,SAQUE,2022-02-18T03:28:37,3278.02
4657,0003,ITAU,FELIPE,SAQUE,2022-02-09T17:42:56,3588.82
2679,0004,BANCO DO BRASIL,JULIA,SAQUE,2022-02-08T03:52:13,1618.22
9279,0009,BANCO DO BRASIL,MARCOS,SAQUE,2022-02-21T15:57:23,2782.17
4657,0003,ITAU,FELIPE,DEPOSITO,2022-02-05T06:34:32,655.74
4657,0003,ITAU,FELIPE,SAQUE,2022-02-10T21:33:00,2648.52
2679,0004,BANCO DO BRASIL,JULIA,SAQUE,2022-02-07T15:16:22,2829.03
4657,0003,ITAU,FELIPE,SAQUE,2022-02-24T03:28:46,820.94
4657,0003,ITAU,FELIPE,DEPOSITO,2022-02-28T03:45:43,2843.42
1434,0010,BANCO DO BRASIL,PAULA,DEPOSITO,2022-02-03T00:52:54,2771.5
5506,0002,ITAU,MARIA,SAQUE,2022-02-06T10:55:03,4814.97
9279,0009,BANCO DO BRASIL,MARCOS,DEPOSITO,2022-02-01T02:53:22,4864.29
7912,0006,SANTANDER,CARLOS,SAQUE,2022-02-07T17:12:28,1625.13
1488,0007,SANTANDER,LUCAS,DEPOSITO,2022-02-01T17:25:07,4184.64
4582,0008,ITAU,BRUNA,SAQUE,2022-02-10T02:47:44,3825.8
4582,0008,ITAU,BRUNA,DEPOSITO,2022-02-15T12:32:23,3198.3
2824,0001,SANTANDER,JOAO,SAQUE,2022-02-06T00:50:04,2085.98
7912,0006,SANTANDER,CARLOS,DEPOSITO,2022-02-01T11:50:10,1492.13
9279,0009,BANCO DO BRASIL,MARCOS,SAQUE,2022-02-07T19:22:06,3478.4
4582,0008,ITAU,BRUNA,SAQUE,2022-02-20T10:34:14,357.7
7912,0006,SANTANDER,CARLOS,DEPOSITO,2022-02-06T12:05:25,1935.52
4582,0008,ITAU,BRUNA,SAQUE,2022-02-10T21:23:17,4696.77
5506,0002,ITAU,MARIA,SAQUE,2022-02-11T19:43:15,706.09
4657,0003,ITAU,FELIPE,SAQUE,2022-02-15T15:53:48,444.19
2424,0005,BANCO DO BRASIL,ANA,DEPOSITO,2022-02-05T05:10:21,2650.41
7912,0006,SANTANDER,CARLOS,DEPOSITO,2022-02-03T02:22:05,424.14
4582,0008,ITAU,BRUNA,SAQUE,2022-02-26T21:52:02,2311.07
7912,0006,SANTANDER,CARLOS,DEPOSITO,2022-02-19T19:43:22,3192.65
4582,0008,ITAU,BRUNA,SAQUE,2022-02-23T20:12:53,277.85
2824,0001,SANTANDER,JOAO,DEPOSITO,2022-02-19T05:06:44,420.95
9279,0009,BANCO DO BRASIL,MARCOS,DEPOSITO,2022-02-05T19:35:45,3440.84
1434,0010,BANCO DO BRASIL,PAULA,SAQUE,2022-02-14T19:24:08,701.69
5506,0002,ITAU,MARIA,DEPOSITO,2022-02-24T07:04:18,2275.74
1434,0010,BANCO DO BRASIL,PAULA,SAQUE,2022-02-20T05:10:21,3485.43
4657,0003,ITAU,FELIPE,SAQUE,2022-02-26T01:36:35,3570.68
7912,0006,SANTANDER,CARLOS,DEPOSITO,2022-02-25T01:15:47,1448.21
1434,0010,BANCO DO BRASIL,PAULA,DEPOSITO,2022-02-25T07:03:29,4373.41
7912,0006,SANTANDER,CARLOS,SAQUE,2022-02-09T14:29:39,683.37
9279,0009,BANCO DO BRASIL,MARCOS,DEPOSITO,2022-02-04T08:36:46,3538.76
4582,0008,ITAU,BRUNA,SAQUE,2022-02-13T08:16:01,1244.6
1434,0010,BANCO DO BRASIL,PAULA,DEPOSITO,2022-02-20T13:16:27,3406.92
9279,0009,BANCO DO BRASIL,MARCOS,DEPOSITO,2022-02-26T04:10:16,3916.87
4582,0008,ITAU,BRUNA,DEPOSITO,2022-02-23T13:35:35,769.95
9279,0009,BANCO DO BRASIL,MARCOS,SAQUE,2022-02-02T02:49:41,2938.38
1434,0010,BANCO DO BRASIL,PAULA,DEPOSITO,2022-02-01T05:31:50,1537.62
1488,0007,SANTANDER,LUCAS,SAQUE,2022-02-01T05:08:24,2406.91
2424,0005,BANCO DO BRASIL,ANA,DEPOSITO,2022-02-09T14:01:42,970.26
1434,0010,BANCO DO BRASIL,PAULA,DEPOSITO,2022-02-03T00:47:08,2767.19
2424,0005,BANCO DO BRASIL,ANA,DEPOSITO,2022-02-26T19:18:38,4974.59
1488,0007,SANTANDER,LUCAS,DEPOSITO,2022-02-19T09:50:28,3902.86
9279,0009,BANCO DO BRASIL,MARCOS,DEPOSITO,2022-02-01T17:12:41,1892.54
1488,0007,SANTANDER,LUCAS,DEPOSITO,2022-02-19T09:56:25,2672.53
4582,0008,ITAU,BRUNA,SAQUE,2022-02-11T11:18:11,3641.99
5506,0002,ITAU,MARIA,SAQUE,2022-02-13T04:25:45,2028.46
4657,0003,ITAU,FELIPE,DEPOSITO,2022-02-05T07:32:25,1675.48
2824,0001,SANTANDER,JOAO,DEPOSITO,2022-02-12T08:28:32,3505.13
2424,0005,BANCO DO BRASIL,ANA,DEPOSITO,2022-02-12T03:28:20,2935.79
1488,0007,SANTANDER,LUCAS,SAQUE,2022-02-24T15:24:45,4640.48
9279,0009,BANCO DO BRASIL,MARCOS,DEPOSITO,2022-02-10T05:49:49,4208.74
2824,0001,SANTANDER,JOAO,SAQUE,2022-02-19T18:54:59,4811.96
4657,0003,ITAU,FELIPE,SAQUE,2022-02-28T17:32:35,3704.88
1488,0007,SANTANDER,LUCAS,DEPOSITO,2022-02-20T05:43:56,4032.26
5506,0002,ITAU,MARIA,DEPOSITO,2022-02-14T18:50:09,4386.12
5506,0002,ITAU,MARIA,SAQUE,2022-02-16T16:39:05,3533.06
1434,0010,BANCO DO BRASIL,PAULA,SAQUE,2022-02-24T08:52:54,103.52
1488,0007,SANTANDER,LUCAS,DEPOSITO,2022-02-20T17:51:45,1487.02
4582,0008,ITAU,BRUNA,SAQUE,2022-02-26T21:44:20,1514.78
5506,0002,ITAU,MARIA,DEPOSITO,2022-02-14T19:03:18,1267.46
2679,0004,BANCO DO BRASIL,JULIA,DEPOSITO,2022-02-25T14:57:55,2969.95
2824,0001,SANTANDER,JOAO,DEPOSITO,2022-02-16T06:42:27,2123.72
4582,0008,ITAU,BRUNA,DEPOSITO,2022-02-16T18:48:49,3837.6
5506,0002,ITAU,MARIA,DEPOSITO,2022-02-15T13:59:00,751.55
1434,0010,BANCO DO BRASIL,PAULA,SAQUE,2022-02-23T22:10:32,4448.24
1434,0010,BANCO DO BRASIL,PAULA,SAQUE,2022-02-03T18:16:20,4693.14
1488,0007,SANTANDER,LUCAS,SAQUE,2022-02-12T19:53:47,225.29
1488,0007,SANTANDER,LUCAS,DEPOSITO,2022-02-19T12:33:19,2181.6
4657,0003,ITAU,FELIPE,SAQUE,2022-02-19T04:12:23,1997.8
2824,0001,SANTANDER,JOAO,SAQUE,2022-02-17T08:46:09,4104.43
7912,0006,SANTANDER,CARLOS,DEPOSITO,2022-02-07T22:48:29,2651.74
2424,0005,BANCO DO BRASIL,ANA,DEPOSITO,2022-02-19T00:58:56,2823.41
2824,0001,SANTANDER,JOAO,SAQUE,2022-02-15T17:41:24,3446.29
4657,0003,ITAU,FELIPE,DEPOSITO,2022-02-16T20:55:52,772.16
2424,0005,BANCO DO BRASIL,ANA,SAQUE,2022-02-21T21:54:11,4242.13
2824,0001,SANTANDER,JOAO,DEPOSITO,2022-02-15T21:38:26,2515.41
9279,0009,BANCO DO BRASIL,MARCOS,DEPOSITO,2022-02-26T23:20:00,3990.03
2424,0005,BANCO DO BRASIL,ANA,SAQUE,2022-02-23T01:43:17,296.69
4657,0003,ITAU,FELIPE,DEPOSITO,2022-02-04T01:27:45,4130.2
9279,0009,BANCO DO BRASIL,MARCOS,DEPOSITO,2022-02-14T09:20:19,1069.27
1488,0007,SANTANDER,LUCAS,SAQUE,2022-02-23T01:54:38,449.42
2824,0001,SANTANDER,JOAO,SAQUE,2022-02-23T23:51:28,1713.19
4582,0008,ITAU,BRUNA,SAQUE,2022-02-26T04:12:20,970.97
1434,0010,BANCO DO BRASIL,PAULA,SAQUE,2022-02-14T06:14:02,2046.35
1434,0010,BANCO DO BRASIL,PAULA,SAQUE,2022-02-28T08:48:14,4932.6
1488,0007,SANTANDER,LUCAS,SAQUE,2022-02-02T04:33:10,1325.83
1434,0010,BANCO DO BRASIL,PAULA,SAQUE,2022-02-26T12:15:34,2239.27
2424,0005,BANCO DO BRASIL,ANA,DEPOSITO,2022-02-25T19:52:14,2444.06
1488,0007,SANTANDER,LUCAS,SAQUE,2022-02-09T17:12:33,2214.03
7912,0006,SANTANDER,CARLOS,SAQUE,2022-02-14T14:48:17,3521.68
4582,0008,ITAU,BRUNA,DEPOSITO,2022-02-27T22:05:12,4672.12
5506,0002,ITAU,MARIA,SAQUE,2022-02-26T16:08:30,1092.82
9279,0009,BANCO DO BRASIL,MARCOS,DEPOSITO,2022-02-12T12:49:07,2559.5
2679,0004,BANCO DO BRASIL,JULIA,DEPOSITO,2022-02-26T08:16:58,646.1
7912,0006,SANTANDER,CARLOS,SAQUE,2022-02-25T11:50:31,3234.17
7912,0006,SANTANDER,CARLOS,DEPOSITO,2022-02-09T18:57:33,1922.78
4657,0003,ITAU,FELIPE,DEPOSITO,2022-02-15T00:15:41,3325.55
4582,0008,ITAU,BRUNA,SAQUE,2022-02-24T06:17:51,2219.04
7912,0006,SANTANDER,CARLOS,DEPOSITO,2022-02-02T05:53:42,4758.63
5506,0002,ITAU,MARIA,DEPOSITO,2022-02-19T16:45:59,953.5
5506,0002,ITAU,MARIA,DEPOSITO,2022-02-23T03:42:01,1184.44
4582,0008,ITAU,BRUNA,SAQUE,2022-02-27T18:52:34,976.91
1488,0007,SANTANDER,LUCAS,SAQUE,2022-02-14T07:04:18,4952.09
2424,0005,BANCO DO BRASIL,ANA,SAQUE,2022-02-18T11:21:50,2194.87
7912,0006,SANTANDER,CARLOS,DEPOSITO,2022-02-24T23:34:25,118.77
4582,0008,ITAU,BRUNA,SAQUE,2022-02-03T07:06:07,1439.72
1434,0010,BANCO DO BRASIL,PAULA,SAQUE,2022-02-21T23:26:38,4500.68
4657,0003,ITAU,FELIPE,SAQUE,2022-02-08T21:50:03,3758.56
9279,0009,BANCO DO BRASIL,MARCOS,DEPOSITO,2022-02-23T02:30:53,4664.93
4582,0008,ITAU,BRUNA,DEPOSITO,2022-02-15T05:53:46,2371.79
2679,0004,BANCO DO BRASIL,JULIA,DEPOSITO,2022-02-15T08:19:53,3234.39
1488,0007,SANTANDER,LUCAS,DEPOSITO,2022-02-05T14:46:58,1569.62
1488,0007,SANTANDER,LUCAS,DEPOSITO,2022-02-11T10:33:17,3201.63
1488,0007,SANTANDER,LUCAS,SAQUE,2022-02-09T13:35:47,3667.55
4582,0008,ITAU,BRUNA,DEPOSITO,2022-02-05T23:31:16,2201.0
2824,0001,SANTANDER,JOAO,SAQUE,2022-02-04T21:39:19,2006.31
2424,0005,BANCO DO BRASIL,ANA,SAQUE,2022-02-01T01:07:06,222.48
5506,0002,ITAU,MARIA,DEPOSITO,2022-02-28T13:37:07,3036.85
5506,0002,ITAU,MARIA,SAQUE,2022-02-28T12:13:08,4105.6
4657,0003,ITAU,FELIPE,SAQUE,2022-02-12T01:15:12,304.79
4582,0008,ITAU,BRUNA,DEPOSITO,2022-02-01T05:26:23,198.25
2824,0001,SANTANDER,JOAO,SAQUE,2022-02-09T22:47:39,4279.28
5506,0002,ITAU,MARIA,DEPOSITO,2022-02-03T16:07:07,3044.67
9279,0009,BANCO DO BRASIL,MARCOS,DEPOSITO,2022-02-19T15:32:13,1438.05
7912,0006,SANTANDER,CARLOS,DEPOSITO,2022-02-27T23:25:09,1210.89
4657,0003,ITAU,FELIPE,SAQUE,2022-02-28T10:52:52,4991.47
2424,0005,BANCO DO BRASIL,ANA,SAQUE,2022-02-19T19:52:45,3230.58
4657,0003,ITAU,FELIPE,DEPOSITO,2022-02-23T08:27:42,3289.02
1434,0010,BANCO DO BRASIL,PAULA,DEPOSITO,2022-02-01T22:39:49,3237.19
2424,0005,BANCO DO BRASIL,ANA,DEPOSITO,2022-02-03T21:19:19,635.94
7912,0006,SANTANDER,CARLOS,DEPOSITO,2022-02-09T02:31:33,1865.63
1488,0007,SANTANDER,LUCAS,DEPOSITO,2022-02-13T10:45:23,352.75
4582,0008,ITAU,BRUNA,SAQUE,2022-02-07T05:09:29,337.91
7912,0006,SANTANDER,CARLOS,DEPOSITO,2022-02-18T09:03:37,1939.89
7912,0006,SANTANDER,CARLOS,DEPOSITO,2022-02-26T08:08:48,2890.79
2424,0005,BANCO DO BRASIL,ANA,DEPOSITO,2022-02-02T21:52:42,289.85
5506,0002,ITAU,MARIA,DEPOSITO,2022-02-10T22:29:07,1361.8
9279,0009,BANCO DO BRASIL,MARCOS,SAQUE,2022-02-23T11:30:01,4463.54
9279,0009,BANCO DO BRASIL,MARCOS,DEPOSITO,2022-02-07T10:19:23,4666.96
5506,0002,ITAU,MARIA,SAQUE,2022-02-12T18:22:36,4070.31
9279,0009,BANCO DO BRASIL,MARCOS,SAQUE,2022-02-03T19:59:15,162.82
7912,0006,SANTANDER,CARLOS,SAQUE,2022-02-01T07:18:34,3177.67
2679,0004,BANCO DO BRASIL,JULIA,SAQUE,2022-02-17T20:00:15,880.84
1488,0007,SANTANDER,LUCAS,DEPOSITO,2022-02-08T20:48:41,4086.29
1434,0010,BANCO DO BRASIL,PAULA,DEPOSITO,2022-02-01T05:31:50,1537.62
5506,0002,ITAU,MARIA,SAQUE,2022-02-25T23:38:49,2074.23
1434,0010,BANCO DO BRASIL,PAULA,SAQUE,2022-02-27T14:38:37,2001.96
2679,0004,BANCO DO BRASIL,JULIA,SAQUE,2022-02-03T05:58:51,2136.17
2679,0004,BANCO DO BRASIL,JULIA,SAQUE,2022-02-20T17:30:24,2433.35
4657,0003,ITAU,FELIPE,SAQUE,2022-02-17T12:43:30,1889.1
5506,0002,ITAU,MARIA,SAQUE,2022-02-27T05:46:11,4066.85
2424,0005,BANCO DO BRASIL,ANA,SAQUE,2022-02-21T16:56:08,1262.24
1488,0007,SANTANDER,LUCAS,DEPOSITO,2022-02-08T18:08:39,3713.99
4657,0003,ITAU,FELIPE,SAQUE,2022-02-05T13:20:37,1959.52
7912,0006,SANTANDER,CARLOS,DEPOSITO,2022-02-11T17:01:34,4811.56
5506,0002,ITAU,MARIA,SAQUE,2022-02-14T16:22:25,316.56
1434,0010,BANCO DO BRASIL,PAULA,DEPOSITO,2022-02-27T12:58:55,4341.71
4657,0003,ITAU,FELIPE,DEPOSITO,2022-02-24T20:03:32,836.85
4582,0008,ITAU,BRUNA,SAQUE,2022-02-18T08:00:53,1740.12
1488,0007,SANTANDER,LUCAS,DEPOSITO,2022-02-14T12:35:45,4323.12
4582,0008,ITAU,BRUNA,DEPOSITO,2022-02-25T11:42:32,3709.84
1434,0010,BANCO DO BRASIL,PAULA,SAQUE,2022-02-09T01:32:22,4727.99
2824,0001,SANTANDER,JOAO,DEPOSITO,2022-02-28T18:01:41,3262.67
9279,0009,BANCO DO BRASIL,MARCOS,DEPOSITO,2022-02-09T14:04:34,1596.42
2424,0005,BANCO DO BRASIL,ANA,DEPOSITO,2022-02-14T00:39:21,245.27
9279,0009,BANCO DO BRASIL,MARCOS,SAQUE,2022-02-17T10:11:57,1238.65
2679,0004,BANCO DO BRASIL,JULIA,SAQUE,2022-02-15T08:25:18,3669.77
2824,0001,SANTANDER,JOAO,DEPOSITO,2022-02-09T09:26:05,1103.13
7912,0006,SANTANDER,CARLOS,SAQUE,2022-02-11T21:17:38,4902.8
2424,0005,BANCO DO BRASIL,ANA,SAQUE,2022-02-16T04:43:53,4634.83
5506,0002,ITAU,MARIA,SAQUE,2022-02-04T17:47:15,72.26
2424,0005,BANCO DO BRASIL,ANA,DEPOSITO,2022-02-15T20:51:31,3026.44
4582,0008,ITAU,BRUNA,SAQUE,2022-02-16T08:45:57,1894.91
4582,0008,ITAU,BRUNA,SAQUE,2022-02-06T01:39:33,3704.68
5506,0002,ITAU,MARIA,DEPOSITO,2022-02-05T06:37:59,4797.09
1434,0010,BANCO DO BRASIL,PAULA,DEPOSITO,2022-02-15T17:24:24,1316.39
1434,0010,BANCO DO BRASIL,PAULA,SAQUE,2022-02-02T02:36:40,3896.93
9279,0009,BANCO DO BRASIL,MARCOS,DEPOSITO,2022-02-23T08:15:36,1819.25
5506,0002,ITAU,MARIA,DEPOSITO,2022-02-24T16:38:24,2999.59
1434,0010,BANCO DO BRASIL,PAULA,DEPOSITO,2022-02-14T18:59:29,2404.89
9279,0009,BANCO DO BRASIL,MARCOS,DEPOSITO,2022-02-04T01:12:35,184.32
9279,0009,BANCO DO BRASIL,MARCOS,DEPOSITO,2022-02-14T10:53:51,281.76
9279,0009,BANCO DO BRASIL,MARCOS,SAQUE,2022-02-04T07:13:07,2393.67
4657,0003,ITAU,FELIPE,SAQUE,2022-02-12T14:13:36,3505.57
9279,0009,BANCO DO BRASIL,MARCOS,SAQUE,2022-02-14T14:36:32,468.59
5506,0002,ITAU,MARIA,DEPOSITO,2022-02-27T21:00:59,1119.08
4657,0003,ITAU,FELIPE,DEPOSITO,2022-02-16T08:57:24,1809.89
2824,0001,SANTANDER,JOAO,DEPOSITO,2022-02-24T04:35:41,579.29
7912,0006,SANTANDER,CARLOS,DEPOSITO,2022-02-17T01:26:17,3091.23
2824,0001,SANTANDER,JOAO,DEPOSITO,2022-02-26T22:16:27,2230.15
9279,0009,BANCO DO BRASIL,MARCOS,SAQUE,2022-02-28T04:22:11,3555.97
9279,0009,BANCO DO BRASIL,MARCOS,SAQUE,2022-02-14T06:16:19,2130.01
4582,0008,ITAU,BRUNA,DEPOSITO,2022-02-17T12:41:17,1997.89
9279,0009,BANCO DO BRASIL,MARCOS,DEPOSITO,2022-02-20T22:52:43,1034.76
1488,0007,SANTANDER,LUCAS,DEPOSITO,2022-02-04T23:28:31,470.32
9279,0009,BANCO DO BRASIL,MARCOS,DEPOSITO,2022-02-02T18:54:09,2022.33
2679,0004,BANCO DO BRASIL,JULIA,DEPOSITO,2022-02-23T11:09:28,1403.06
5506,0002,ITAU,MARIA,DEPOSITO,2022-02-18T22:35:21,1898.61
1434,0010,BANCO DO BRASIL,PAULA,SAQUE,2022-02-12T06:30:44,1162.25
2824,0001,SANTANDER,JOAO,SAQUE,2022-02-19T23:18:08,1890.58
7912,0006,SANTANDER,CARLOS,SAQUE,2022-02-20T16:27:03,599.75
4657,0003,ITAU,FELIPE,DEPOSITO,2022-02-13T02:01:21,1674.12
2424,0005,BANCO DO BRASIL,ANA,DEPOSITO,2022-02-04T19:14:02,1750.86
2824,0001,SANTANDER,JOAO,DEPOSITO,2022-02-07T18:44:13,2934.72
2679,0004,BANCO DO BRASIL,JULIA,DEPOSITO,2022-02-21T17:16:59,444.67
9279,0009,BANCO DO BRASIL,MARCOS,SAQUE,2022-02-16T15:20:37,1207.96
1488,0007,SANTANDER,LUCAS,DEPOSITO,2022-02-10T22:41:53,4701.96
2824,0001,SANTANDER,JOAO,DEPOSITO,2022-02-17T12:49:23,1605.02
2424,0005,BANCO DO BRASIL,ANA,SAQUE,2022-02-03T11:49:59,2921.78
7912,0006,SANTANDER,CARLOS,DEPOSITO,2022-02-16T17:18:11,4058.28
2424,0005,BANCO DO BRASIL,ANA,DEPOSITO,2022-02-02T08:56:42,4628.31
2824,0001,SANTANDER,JOAO,SAQUE,2022-02-11T14:28:00,4255.32
7912,0006,SANTANDER,CARLOS,DEPOSITO,2022-02-18T10:04:28,914.6
4582,0008,ITAU,BRUNA,DEPOSITO,2022-02-16T05:52:31,2038.5
1488,0007,SANTANDER,LUCAS,SAQUE,2022-02-22T01:56:56,3235.18
7912,0006,SANTANDER,CARLOS,DEPOSITO,2022-02-24T17:34:24,1217.06
2679,0004,BANCO DO BRASIL,JULIA,SAQUE,2022-02-08T08:39:20,3945.58
9279,0009,BANCO DO BRASIL,MARCOS,SAQUE,2022-02-21T21:03:40,4978.47
7912,0006,SANTANDER,CARLOS,SAQUE,2022-02-12T16:27:22,2699.2
1488,0007,SANTANDER,LUCAS,SAQUE,2022-02-04T19:57:50,1772.64
9279,0009,BANCO DO BRASIL,MARCOS,DEPOSITO,2022-02-16T15:15:01,113.37
7912,0006,SANTANDER,CARLOS,SAQUE,2022-02-11T04:43:39,4361.31
4657,0003,ITAU,FELIPE,SAQUE,2022-02-07T21:08:11,355.6
2824,0001,SANTANDER,JOAO,DEPOSITO,2022-02-24T14:32:33,802.95
1488,0007,SANTANDER,LUCAS,DEPOSITO,2022-02-01T05:27:34,1722.15
9279,0009,BANCO DO BRASIL,MARCOS,DEPOSITO,2022-02-13T23:57:50,2896.19
2824,0001,SANTANDER,JOAO,DEPOSITO,2022-02-07T10:36:47,2370.68
7912,0006,SANTANDER,CARLOS,SAQUE,2022-02-12T15:04:21,1418.21
4582,0008,ITAU,BRUNA,DEPOSITO,2022-02-26T05:00:00,1340.94
9279,0009,BANCO DO BRASIL,MARCOS,SAQUE,2022-02-11T01:28:08,2248.01
1434,0010,BANCO DO BRASIL,PAULA,SAQUE,2022-02-06T01:44:11,2618.37
4657,0003,ITAU,FELIPE,SAQUE,2022-02-10T18:28:08,2014.51
1434,0010,BANCO DO BRASIL,PAULA,DEPOSITO,2022-02-05T13:01:50,4541.4
2424,0005,BANCO DO BRASIL,ANA,DEPOSITO,2022-02-05T12:48:14,4093.93
2679,0004,BANCO DO BRASIL,JULIA,SAQUE,2022-02-18T00:30:52,4306.63
4582,0008,ITAU,BRUNA,DEPOSITO,2022-02-05T02:48:06,613.59
1434,0010,BANCO DO BRASIL,PAULA,DEPOSITO,2022-02-07T10:03:51,148.27
4657,0003,ITAU,FELIPE,SAQUE,2022-02-08T03:31:46,2415.91
2679,0004,BANCO DO BRASIL,JULIA,SAQUE,2022-02-02T02:44:01,4384.22
1434,0010,BANCO DO BRASIL,PAULA,DEPOSITO,2022-02-01T07:53:37,4854.73
1488,0007,SANTANDER,LUCAS,DEPOSITO,2022-02-24T19:15:02,4973.25
1434,0010,BANCO DO BRASIL,PAULA,SAQUE,2022-02-13T23:35:57,154.48
2824,0001,SANTANDER,JOAO,DEPOSITO,2022-02-15T06:17:37,638.0
2679,0004,BANCO DO BRASIL,JULIA,DEPOSITO,2022-02-01T14:01:32,351.38
1434,0010,BANCO DO BRASIL,PAULA,DEPOSITO,2022-02-27T19:11:36,2561.56
4582,0008,ITAU,BRUNA,SAQUE,2022-02-18T18:28:11,2832.06
1488,0007,SANTANDER,LUCAS,DEPOSITO,2022-02-07T12:35:37,4286.01
1434,0010,BANCO DO BRASIL,PAULA,DEPOSITO,2022-02-12T01:26:25,3872.31
9279,0009,BANCO DO BRASIL,MARCOS,DEPOSITO,2022-02-12T08:28:27,3142.56
9279,0009,BANCO DO BRASIL,MARCOS,SAQUE,2022-02-03T04:01:30,386.83
5506,0002,ITAU,MARIA,SAQUE,2022-02-24T02:46:10,2563.56
4582,0008,ITAU,BRUNA,SAQUE,2022-02-22T18:10:39,2375.69
2679,0004,BANCO DO BRASIL,JULIA,DEPOSITO,2022-02-15T11:42:29,1194.75
4582,0008,ITAU,BRUNA,DEPOSITO,2022-02-24T07:00:41,1750.53
4582,0008,ITAU,BRUNA,DEPOSITO,2022-02-23T13:35:35,769.95
5506,0002,ITAU,MARIA,SAQUE,2022-02-09T02:27:53,1991.26
2679,0004,BANCO DO BRASIL,JULIA,SAQUE,2022-02-02T06:32:45,4670.18
2824,0001,SANTANDER,JOAO,DEPOSITO,2022-02-11T23:48:57,477.05
1434,0010,BANCO DO BRASIL,PAULA,DEPOSITO,2022-02-10T16:21:46,1307.19
2824,0001,SANTANDER,JOAO,DEPOSITO,2022-02-19T12:04:38,3931.16
1434,0010,BANCO DO BRASIL,PAULA,DEPOSITO,2022-02-27T10:37:03,2107.58
2824,0001,SANTANDER,JOAO,DEPOSITO,2022-02-03T07:39:06,4035.29
7912,0006,SANTANDER,CARLOS,SAQUE,2022-02-15T06:44:03,2567.37
5506,0002,ITAU,MARIA,SAQUE,2022-02-07T05:57:47,4285.51
2679,0004,BANCO DO BRASIL,JULIA,SAQUE,2022-02-22T02:31:15,1966.41
4657,0003,ITAU,FELIPE,SAQUE,2022-02-25T11:04:42,2717.03
2679,0004,BANCO DO BRASIL,JULIA,DEPOSITO,2022-02-16T06:03:00,896.41
1488,0007,SANTANDER,LUCAS,DEPOSITO,2022-02-26T12:37:34,3123.61
2424,0005,BANCO DO BRASIL,ANA,SAQUE,2022-02-10T07:30:35,2108.03
2424,0005,BANCO DO BRASIL,ANA,SAQUE,2022-02-28T22:59:12,4475.02
2679,0004,BANCO DO BRASIL,JULIA,DEPOSITO,2022-02-05T08:14:46,955.64
2679,0004,BANCO DO BRASIL,JULIA,DEPOSITO,2022-02-23T05:21:36,923.69
9279,0009,BANCO DO BRASIL,MARCOS,SAQUE,2022-02-13T23:51:20,2538.32
9279,0009,BANCO DO BRASIL,MARCOS,DEPOSITO,2022-02-21T08:55:20,3338.22
2824,0001,SANTANDER,JOAO,SAQUE,2022-02-26T05:24:06,3226.91
1488,0007,SANTANDER,LUCAS,DEPOSITO,2022-02-06T19:15:29,2193.36
4582,0008,ITAU,BRUNA,DEPOSITO,2022-02-21T14:48:30,451.72
4582,0008,ITAU,BRUNA,DEPOSITO,2022-02-07T12:13:49,384.44
4657,0003,ITAU,FELIPE,DEPOSITO,2022-02-21T10:33:55,3722.18
1434,0010,BANCO DO BRASIL,PAULA,SAQUE,2022-02-04T11:33:45,2363.61
4657,0003,ITAU,FELIPE,SAQUE,2022-02-09T03:25:15,575.15
7912,0006,SANTANDER,CARLOS,SAQUE,2022-02-06T17:29:52,3344.86
4582,0008,ITAU,BRUNA,DEPOSITO,2022-02-08T03:01:39,4201.98
7912,0006,SANTANDER,CARLOS,DEPOSITO,2022-02-27T22:35:19,3293.95
2824,0001,SANTANDER,JOAO,SAQUE,2022-02-16T00:19:47,3966.39
5506,0002,ITAU,MARIA,SAQUE,2022-02-28T05:28:43,854.59
1488,0007,SANTANDER,LUCAS,DEPOSITO,2022-02-16T16:01:25,2299.15
2679,0004,BANCO DO BRASIL,JULIA,SAQUE,2022-02-19T20:07:37,930.55
2679,0004,BANCO DO BRASIL,JULIA,SAQUE,2022-02-07T00:53:05,2791.62
4657,0003,ITAU,FELIPE,DEPOSITO,2022-02-26T23:45:15,3570.89
1434,0010,BANCO DO BRASIL,PAULA,DEPOSITO,2022-02-05T19:05:58,4774.21
9279,0009,BANCO DO BRASIL,MARCOS,SAQUE,2022-02-01T08:55:10,3959.81
7912,0006,SANTANDER,CARLOS,DEPOSITO,2022-02-06T07:46:48,3437.17
5506,0002,ITAU,MARIA,DEPOSITO,2022-02-21T15:33:39,4701.59
7912,0006,SANTANDER,CARLOS,DEPOSITO,2022-02-12T10:09:51,1305.94
1434,0010,BANCO DO BRASIL,PAULA,SAQUE,2022-02-16T14:40:45,4183.77
4582,0008,ITAU,BRUNA,DEPOSITO,2022-02-21T00:09:07,263.92
7912,0006,SANTANDER,CARLOS,SAQUE,2022-02-09T09:39:33,3316.44
1434,0010,BANCO DO BRASIL,PAULA,DEPOSITO,2022-02-06T03:53:03,2174.66
2424,0005,BANCO DO BRASIL,ANA,DEPOSITO,2022-02-14T12:29:40,1488.37
5506,0002,ITAU,MARIA,SAQUE,2022-02-07T23:46:02,3609.48
4657,0003,ITAU,FELIPE,SAQUE,2022-02-18T19:06:35,3558.44
2824,0001,SANTANDER,JOAO,DEPOSITO,2022-02-11T15:37:34,4600.57
2824,0001,SANTANDER,JOAO,DEPOSITO,2022-02-07T09:44:20,1105.04
2679,0004,BANCO DO BRASIL,JULIA,DEPOSITO,2022-02-01T10:37:38,4611.3
4582,0008,ITAU,BRUNA,SAQUE,2022-02-15T15:14:21,3057.59
2424,0005,BANCO DO BRASIL,ANA,SAQUE,2022-02-14T01:53:00,2362.01
2679,0004,BANCO DO BRASIL,JULIA,SAQUE,2022-02-23T12:11:31,461.28
4657,0003,ITAU,FELIPE,SAQUE,2022-02-18T22:04:14,1817.78
1488,0007,SANTANDER,LUCAS,SAQUE,2022-02-28T20:10:52,4170.97
2424,0005,BANCO DO BRASIL,ANA,SAQUE,2022-02-19T20:49:17,2003.14
5506,0002,ITAU,MARIA,DEPOSITO,2022-02-01T18:54:07,4981.83
2824,0001,SANTANDER,JOAO,DEPOSITO,2022-02-12T20:36:46,38.04
9279,0009,BANCO DO BRASIL,MARCOS,DEPOSITO,2022-02-11T13:03:24,166.24
2824,0001,SANTANDER,JOAO,DEPOSITO,2022-02-11T09:18:37,870.23
9279,0009,BANCO DO BRASIL,MARCOS,DEPOSITO,2022-02-06T13:51:03,3815.4
1488,0007,SANTANDER,LUCAS,DEPOSITO,2022-02-06T01:06:33,1033.92
4657,0003,ITAU,FELIPE,SAQUE,2022-02-23T01:18:01,4381.77
2679,0004,BANCO DO BRASIL,JULIA,DEPOSITO,2022-02-08T09:47:50,952.35
7912,0006,SANTANDER,CARLOS,DEPOSITO,2022-02-05T22:10:22,4145.75
1434,0010,BANCO DO BRASIL,PAULA,DEPOSITO,2022-02-02T13:22:50,4799.34
4657,0003,ITAU,FELIPE,DEPOSITO,2022-02-11T17:02:54,3729.87
2424,0005,BANCO DO BRASIL,ANA,DEPOSITO,2022-02-19T12:51:28,3565.69
2679,0004,BANCO DO BRASIL,JULIA,DEPOSITO,2022-02-12T14:39:26,1395.89
9279,0009,BANCO DO BRASIL,MARCOS,DEPOSITO,2022-02-27T03:23:40,4669.82
7912,0006,SANTANDER,CARLOS,DEPOSITO,2022-02-04T17:23:53,3226.89
1488,0007,SANTANDER,LUCAS,SAQUE,2022-02-05T22:38:15,3391.05
4582,0008,ITAU,BRUNA,DEPOSITO,2022-02-10T15:10:31,15.47
4657,0003,ITAU,FELIPE,DEPOSITO,2022-02-05T15:39:31,4096.08
7912,0006,SANTANDER,CARLOS,SAQUE,2022-02-27T14:10:23,1463.15
9279,0009,BANCO DO BRASIL,MARCOS,SAQUE,2022-02-17T04:19:50,3617.1
2824,0001,SANTANDER,JOAO,DEPOSITO,2022-02-07T15:31:21,3482.57
2679,0004,BANCO DO BRASIL,JULIA,DEPOSITO,2022-02-14T19:06:09,4105.56
5506,0002,ITAU,MARIA,DEPOSITO,2022-02-22T06:29:11,4447.45
2679,0004,BANCO DO BRASIL,JULIA,DEPOSITO,2022-02-14T12:41:04,331.7
4582,0008,ITAU,BRUNA,DEPOSITO,2022-02-22T09:11:00,1710.12
1434,0010,BANCO DO BRASIL,PAULA,SAQUE,2022-02-19T05:36:37,1512.62
1488,0007,SANTANDER,LUCAS,SAQUE,2022-02-09T04:25:00,3588.96
5506,0002,ITAU,MARIA,DEPOSITO,2022-02-20T12:53:25,231.11
2424,0005,BANCO DO BRASIL,ANA,DEPOSITO,2022-02-20T07:30:49,333.71
7912,0006,SANTANDER,CARLOS,DEPOSITO,2022-02-08T12:00:17,3584.58
9279,0009,BANCO DO BRASIL,MARCOS,DEPOSITO,2022-02-14T20:24:50,4629.39
1488,0007,SANTANDER,LUCAS,SAQUE,2022-02-10T12:45:55,548.01
1488,0007,SANTANDER,LUCAS,SAQUE,2022-02-09T16:36:12,384.77
4657,0003,ITAU,FELIPE,SAQUE,2022-02-22T16:22:10,2198.81
2679,0004,BANCO DO BRASIL,JULIA,SAQUE,2022-02-28T05:22:18,88.23
4657,0003,ITAU,FELIPE,DEPOSITO,2022-02-20T07:20:39,3578.51
5506,0002,ITAU,MARIA,SAQUE,2022-02-23T06:35:45,3344.21
9279,0009,BANCO DO BRASIL,MARCOS,DEPOSITO,2022-02-24T03:42:55,3096.12
2824,0001,SANTANDER,JOAO,DEPOSITO,2022-02-11T07:53:02,4532.45
2424,0005,BANCO DO BRASIL,ANA,DEPOSITO,2022-02-14T05:11:23,2507.36
4657,0003,ITAU,FELIPE,SAQUE,2022-02-21T09:45:25,1878.56
7912,0006,SANTANDER,CARLOS,SAQUE,2022-02-27T16:25:13,3855.55
7912,0006,SANTANDER,CARLOS,DEPOSITO,2022-02-12T02:41:25,4627.51
2679,0004,BANCO DO BRASIL,JULIA,SAQUE,2022-02-12T18:56:24,518.49
9279,0009,BANCO DO BRASIL,MARCOS,SAQUE,2022-02-05T23:57:09,1904.27
5506,0002,ITAU,MARIA,DEPOSITO,2022-02-20T01:03:53,1555.45
2679,0004,BANCO DO BRASIL,JULIA,DEPOSITO,2022-02-05T08:11:37,3143.74
7912,0006,SANTANDER,CARLOS,SAQUE,2022-02-04T12:37:55,1083.77
2824,0001,SANTANDER,JOAO,SAQUE,2022-02-13T11:15:40,3610.75
1434,0010,BANCO DO BRASIL,PAULA,SAQUE,2022-02-07T09:37:05,2194.87
5506,0002,ITAU,MARIA,SAQUE,2022-02-03T10:51:44,707.15
9279,0009,BANCO DO BRASIL,MARCOS,SAQUE,2022-02-21T11:40:15,2886.25
2679,0004,BANCO DO BRASIL,JULIA,SAQUE,2022-02-08T22:31:24,4472.23
9279,0009,BANCO DO BRASIL,MARCOS,DEPOSITO,2022-02-01T23:18:17,3434.26
2824,0001,SANTANDER,JOAO,SAQUE,2022-02-20T05:17:04,3042.43
2824,0001,SANTANDER,JOAO,SAQUE,2022-02-28T17:40:33,243.91
1434,0010,BANCO DO BRASIL,PAULA,SAQUE,2022-02-07T12:03:37,1572.8
2824,0001,SANTANDER,JOAO,SAQUE,2022-02-01T19:59:11,1818.37
2679,0004,BANCO DO BRASIL,JULIA,SAQUE,2022-02-06T09:47:40,708.32
2424,0005,BANCO DO BRASIL,ANA,DEPOSITO,2022-02-28T10:50:52,1958.69
7912,0006,SANTANDER,CARLOS,SAQUE,2022-02-19T18:00:11,2118.59
2824,0001,SANTANDER,JOAO,SAQUE,2022-02-18T13:52:28,2682.01
1488,0007,SANTANDER,LUCAS,SAQUE,2022-02-21T16:52:47,4380.51
2424,0005,BANCO DO BRASIL,ANA,SAQUE,2022-02-04T04:01:54,2122.17
1434,0010,BANCO DO BRASIL,PAULA,DEPOSITO,2022-02-28T11:44:32,2895.16
2824,0001,SANTANDER,JOAO,SAQUE,2022-02-10T19:52:05,745.46
5506,0002,ITAU,MARIA,SAQUE,2022-02-06T20:36:42,2814.29
2679,0004,BANCO DO BRASIL,JULIA,DEPOSITO,2022-02-17T16:03:12,893.49
4582,0008,ITAU,BRUNA,SAQUE,2022-02-20T05:48:15,2195.91
2824,0001,SANTANDER,JOAO,SAQUE,2022-02-18T06:12:29,3226.43
2424,0005,BANCO DO BRASIL,ANA,DEPOSITO,2022-02-12T12:52:01,2533.28
4582,0008,ITAU,BRUNA,SAQUE,2022-02-28T12:53:13,2681.17
5506,0002,ITAU,MARIA,SAQUE,2022-02-06T16:51:58,4833.98
2679,0004,BANCO DO BRASIL,JULIA,DEPOSITO,2022-02-20T12:18:57,233.34
9279,0009,BANCO DO BRASIL,MARCOS,SAQUE,2022-02-21T07:16:26,3850.99
5506,0002,ITAU,MARIA,SAQUE,2022-02-12T22:09:24,1859.97
4657,0003,ITAU,FELIPE,DEPOSITO,2022-02-15T17:18:02,516.48
2824,0001,SANTANDER,JOAO,DEPOSITO,2022-02-10T11:22:35,641.42
2824,0001,SANTANDER,JOAO,DEPOSITO,2022-02-07T21:09:58,3939.11
5506,0002,ITAU,MARIA,DEPOSITO,2022-02-27T03:16:52,744.1
4657,0003,ITAU,FELIPE,DEPOSITO,2022-02-03T04:56:51,4779.46
9279,0009,BANCO DO BRASIL,MARCOS,DEPOSITO,2022-02-10T08:31:51,1442.46
1488,0007,SANTANDER,LUCAS,DEPOSITO,2022-02-23T08:15:09,3523.14
1434,0010,BANCO DO BRASIL,PAULA,DEPOSITO,2022-02-27T18:35:35,1362.56
2824,0001,SANTANDER,JOAO,DEPOSITO,2022-02-11T14:28:54,891.62
4657,0003,ITAU,FELIPE,SAQUE,2022-02-12T22:21:36,3239.92
2424,0005,BANCO DO BRASIL,ANA,SAQUE,2022-02-17T11:01:32,1037.98
1488,0007,SANTANDER,LUCAS,DEPOSITO,2022-02-22T22:58:53,2225.03
2679,0004,BANCO DO BRASIL,JULIA,DEPOSITO,2022-02-09T22:52:22,3303.03
7912,0006,SANTANDER,CARLOS,SAQUE,2022-02-06T23:41:35,743.95
9279,0009,BANCO DO BRASIL,MARCOS,DEPOSITO,2022-02-28T11:50:12,1419.94
2424,0005,BANCO DO BRASIL,ANA,DEPOSITO,2022-02-24T01:09:31,802.32
5506,0002,ITAU,MARIA,DEPOSITO,2022-02-14T19:40:26,3596.73
2679,0004,BANCO DO BRASIL,JULIA,DEPOSITO,2022-02-28T03:11:29,3287.08
2824,0001,SANTANDER,JOAO,SAQUE,2022-02-12T18:10:08,793.58
5506,0002,ITAU,MARIA,SAQUE,2022-02-05T04:41:01,936.44
1434,0010,BANCO DO BRASIL,PAULA,SAQUE,2022-02-22T19:11:28,2130.18
2424,0005,BANCO DO BRASIL,ANA,DEPOSITO,2022-02-28T21:44:19,2379.97
4582,0008,ITAU,BRUNA,SAQUE,2022-02-07T09:38:34,4539.49
2679,0004,BANCO DO BRASIL,JULIA,SAQUE,2022-02-02T05:57:20,3623.85
7912,0006,SANTANDER,CARLOS,DEPOSITO,2022-02-22T04:14:41,113.83
9279,0009,BANCO DO BRASIL,MARCOS,DEPOSITO,2022-02-07T03:51:04,1077.33
9279,0009,BANCO DO BRASIL,MARCOS,DEPOSITO,2022-02-04T02:29:08,2599.32
4582,0008,ITAU,BRUNA,DEPOSITO,2022-02-17T13:41:00,4833.93
4657,0003,ITAU,FELIPE,SAQUE,2022-02-25T09:52:27,3304.58
7912,0006,SANTANDER,CARLOS,SAQUE,2022-02-24T21:39:32,4678.61
1488,0007,SANTANDER,LUCAS,SAQUE,2022-02-02T10:03:26,2602.55
7912,0006,SANTANDER,CARLOS,DEPOSITO,2022-02-15T16:41:21,3728.6
5506,0002,ITAU,MARIA,DEPOSITO,2022-02-18T07:19:18,2387.25
1488,0007,SANTANDER,LUCAS,SAQUE,2022-02-08T10:51:00,1485.22
2424,0005,BANCO DO BRASIL,ANA,DEPOSITO,2022-02-09T10:54:20,4713.92
7912,0006,SANTANDER,CARLOS,DEPOSITO,2022-02-02T08:13:56,971.1
1434,0010,BANCO DO BRASIL,PAULA,SAQUE,2022-02-17T16:12:48,4509.17
1434,0010,BANCO DO BRASIL,PAULA,DEPOSITO,2022-02-08T15:47:46,88.0
4657,0003,ITAU,FELIPE,DEPOSITO,2022-02-17T02:13:40,2072.84
2424,0005,BANCO DO BRASIL,ANA,SAQUE,2022-02-05T17:31:57,565.35
2424,0005,BANCO DO BRASIL,ANA,DEPOSITO,2022-02-18T22:42:14,2762.13
1434,0010,BANCO DO BRASIL,PAULA,SAQUE,2022-02-12T21:18:38,1630.33
1434,0010,BANCO DO BRASIL,PAULA,DEPOSITO,2022-02-25T15:50:07,1708.26
7912,0006,SANTANDER,CARLOS,DEPOSITO,2022-02-19T05:34:29,1204.65
1434,0010,BANCO DO BRASIL,PAULA,SAQUE,2022-02-01T10:02:35,2218.5
1488,0007,SANTANDER,LUCAS,SAQUE,2022-02-08T21:48:03,4270.57
2679,0004,BANCO DO BRASIL,JULIA,DEPOSITO,2022-02-11T00:54:52,1153.75
1434,0010,BANCO DO BRASIL,PAULA,SAQUE,2022-02-15T14:52:14,2457.85
1434,0010,BANCO DO BRASIL,PAULA,SAQUE,2022-02-08T10:38:32,4665.41
1434,0010,BANCO DO BRASIL,PAULA,DEPOSITO,2022-02-17T09:36:47,2247.87
1434,0010,BANCO DO BRASIL,PAULA,SAQUE,2022-02-12T06:28:28,1627.65
1434,0010,BANCO DO BRASIL,PAULA,DEPOSITO,2022-02-21T21:19:14,506.26
2824,0001,SANTANDER,JOAO,SAQUE,2022-02-23T05:28:31,993.4
2824,0001,SANTANDER,JOAO,SAQUE,2022-02-15T16:58:11,750.33
1434,0010,BANCO DO BRASIL,PAULA,SAQUE,2022-02-20T15:05:02,138.91
4657,0003,ITAU,FELIPE,SAQUE,2022-02-27T02:16:27,4763.54
2679,0004,BANCO DO BRASIL,JULIA,SAQUE,2022-02-14T12:00:37,1080.38
2824,0001,SANTANDER,JOAO,SAQUE,2022-02-10T21:56:56,2739.97
9279,0009,BANCO DO BRASIL,MARCOS,DEPOSITO,2022-02-16T06:47:33,4393.69
2824,0001,SANTANDER,JOAO,SAQUE,2022-02-02T05:29:48,4604.67
1488,0007,SANTANDER,LUCAS,DEPOSITO,2022-02-17T11:50:25,2555.86
2679,0004,BANCO DO BRASIL,JULIA,SAQUE,2022-02-22T02:30:27,3839.93
9279,0009,BANCO DO BRASIL,MARCOS,DEPOSITO,2022-02-06T00:41:13,4695.26
4657,0003,ITAU,FELIPE,SAQUE,2022-02-21T07:26:35,2850.78
5506,0002,ITAU,MARIA,DEPOSITO,2022-02-13T14:57:48,1527.53
7912,0006,SANTANDER,CARLOS,SAQUE,2022-02-05T22:59:58,1900.05
2679,0004,BANCO DO BRASIL,JULIA,DEPOSITO,2022-02-27T05:34:32,1791.8
2824,0001,SANTANDER,JOAO,DEPOSITO,2022-02-12T06:26:03,2240.96
1488,0007,SANTANDER,LUCAS,SAQUE,2022-02-23T14:45:44,3747.94
9279,0009,BANCO DO BRASIL,MARCOS,SAQUE,2022-02-16T09:26:02,156.34
1488,0007,SANTANDER,LUCAS,SAQUE,2022-02-28T02:31:05,4461.39
7912,0006,SANTANDER,CARLOS,DEPOSITO,2022-02-16T00:07:57,22.26
7912,0006,SANTANDER,CARLOS,SAQUE,2022-02-12T13:02:32,4304.91
4582,0008,ITAU,BRUNA,SAQUE,2022-02-25T19:30:49,1408.53
2424,0005,BANCO DO BRASIL,ANA,SAQUE,2022-02-25T07:14:17,2004.64
4657,0003,ITAU,FELIPE,SAQUE,2022-02-16T11:17:52,4401.86
1434,0010,BANCO DO BRASIL,PAULA,SAQUE,2022-02-06T02:45:37,2232.02
1434,0010,BANCO DO BRASIL,PAULA,DEPOSITO,2022-02-12T01:58:27,2631.09
4582,0008,ITAU,BRUNA,DEPOSITO,2022-02-15T08:06:37,233.58
4657,0003,ITAU,FELIPE,DEPOSITO,2022-02-04T13:04:52,916.55
2824,0001,SANTANDER,JOAO,DEPOSITO,2022-02-19T07:07:34,4769.7
2679,0004,BANCO DO BRASIL,JULIA,DEPOSITO,2022-02-16T13:56:08,3724.86
2824,0001,SANTANDER,JOAO,SAQUE,2022-02-06T02:29:31,4967.77
5506,0002,ITAU,MARIA,DEPOSITO,2022-02-22T00:06:56,2262.57
9279,0009,BANCO DO BRASIL,MARCOS,DEPOSITO,2022-02-12T01:51:04,698.59
7912,0006,SANTANDER,CARLOS,DEPOSITO,2022-02-22T22:13:13,4862.29
4582,0008,ITAU,BRUNA,DEPOSITO,2022-02-25T18:26:37,2785.19
4657,0003,ITAU,FELIPE,DEPOSITO,2022-02-03T04:06:12,4554.2
5506,0002,ITAU,MARIA,DEPOSITO,2022-02-20T10:41:09,2730.11
7912,0006,SANTANDER,CARLOS,DEPOSITO,2022-02-23T04:23:37,4876.68
1488,0007,SANTANDER,LUCAS,DEPOSITO,2022-02-27T09:07:20,2409.99
7912,0006,SANTANDER,CARLOS,SAQUE,2022-02-05T09:00:46,4549.04
9279,0009,BANCO DO BRASIL,MARCOS,SAQUE,2022-02-17T04:08:38,4051.96
4582,0008,ITAU,BRUNA,DEPOSITO,2022-02-20T08:10:55,3335.25
2824,0001,SANTANDER,JOAO,SAQUE,2022-02-12T06:34:55,1742.31
7912,0006,SANTANDER,CARLOS,SAQUE,2022-02-08T12:12:17,3002.59
2679,0004,BANCO DO BRASIL,JULIA,SAQUE,2022-02-25T17:14:15,823.84
9279,0009,BANCO DO BRASIL,MARCOS,SAQUE,2022-02-09T22:31:59,1594.81
7912,0006,SANTANDER,CARLOS,DEPOSITO,2022-02-09T05:26:30,3123.29
2824,0001,SANTANDER,JOAO,SAQUE,2022-02-06T10:40:56,250.64
7912,0006,SANTANDER,CARLOS,DEPOSITO,2022-02-22T19:50:37,3425.08
2824,0001,SANTANDER,JOAO,SAQUE,2022-02-21T11:22:48,4196.26
1488,0007,SANTANDER,LUCAS,DEPOSITO,2022-02-28T00:25:06,3752.03
5506,0002,ITAU,MARIA,SAQUE,2022-02-20T22:32:56,284.06
7912,0006,SANTANDER,CARLOS,DEPOSITO,2022-02-06T17:44:37,1546.96
4582,0008,ITAU,BRUNA,DEPOSITO,2022-02-09T22:20:53,4262.13
1488,0007,SANTANDER,LUCAS,DEPOSITO,2022-02-02T18:43:17,524.45
2424,0005,BANCO DO BRASIL,ANA,DEPOSITO,2022-02-15T22:02:02,2407.2
5506,0002,ITAU,MARIA,DEPOSITO,2022-02-07T01:24:02,3868.3
5506,0002,ITAU,MARIA,DEPOSITO,2022-02-15T19:15:46,4955.19
2424,0005,BANCO DO BRASIL,ANA,DEPOSITO,2022-02-04T08:12:47,1516.61
7912,0006,SANTANDER,CARLOS,SAQUE,2022-02-17T12:30:53,2050.15
2824,0001,SANTANDER,JOAO,DEPOSITO,2022-02-04T13:43:19,2437.72
4657,0003,ITAU,FELIPE,SAQUE,2022-02-28T11:48:42,3290.15
4582,0008,ITAU,BRUNA,SAQUE,2022-02-19T00:55:34,2265.01
1488,0007,SANTANDER,LUCAS,DEPOSITO,2022-02-09T00:27:15,3666.75
1434,0010,BANCO DO BRASIL,PAULA,DEPOSITO,2022-02-03T21:06:32,516.19
1434,0010,BANCO DO BRASIL,PAULA,DEPOSITO,2022-02-23T05:24:30,1929.48
2824,0001,SANTANDER,JOAO,SAQUE,2022-02-26T11:10:12,4000.48
7912,0006,SANTANDER,CARLOS,SAQUE,2022-02-12T04:25:36,4886.86
9279,0009,BANCO DO BRASIL,MARCOS,SAQUE,2022-02-22T11:02:06,3486.74
4657,0003,ITAU,FELIPE,SAQUE,2022-02-21T08:50:14,4171.98
7912,0006,SANTANDER,CARLOS,SAQUE,2022-02-18T23:17:31,1782.8
7912,0006,SANTANDER,CARLOS,SAQUE,2022-02-28T17:21:55,4914.45
2679,0004,BANCO DO BRASIL,JULIA,DEPOSITO,2022-02-20T10:13:34,3698.63
2679,0004,BANCO DO BRASIL,JULIA,DEPOSITO,2022-02-13T20:18:33,1035.86
2824,0001,SANTANDER,JOAO,DEPOSITO,2022-02-03T18:40:23,3772.2
1434,0010,BANCO DO BRASIL,PAULA,SAQUE,2022-02-08T05:15:09,1913.8
4582,0008,ITAU,BRUNA,DEPOSITO,2022-02-06T20:36:58,4843.87
9279,0009,BANCO DO BRASIL,MARCOS,DEPOSITO,2022-02-13T12:21:52,953.21
1434,0010,BANCO DO BRASIL,PAULA,SAQUE,2022-02-13T19:03:11,123.45
1434,0010,BANCO DO BRASIL,PAULA,DEPOSITO,2022-02-04T09:20:28,276.33
5506,0002,ITAU,MARIA,DEPOSITO,2022-02-25T13:31:35,134.42
1434,0010,BANCO DO BRASIL,PAULA,DEPOSITO,2022-02-22T04:07:10,1272.93
1434,0010,BANCO DO BRASIL,PAULA,DEPOSITO,2022-02-25T00:07:21,3801.47
1434,0010,BANCO DO BRASIL,PAULA,SAQUE,2022-02-05T01:53:00,1424.99
2424,0005,BANCO DO BRASIL,ANA,DEPOSITO,2022-02-26T16:00:14,3743.59
7912,0006,SANTANDER,CARLOS,DEPOSITO,2022-02-25T09:47:48,4608.6
9279,0009,BANCO DO BRASIL,MARCOS,DEPOSITO,2022-02-09T06:37:02,193.29
4657,0003,ITAU,FELIPE,SAQUE,2022-02-19T10:58:25,2667.59
1434,0010,BANCO DO BRASIL,PAULA,SAQUE,2022-02-22T06:54:50,2409.23
7912,0006,SANTANDER,CARLOS,SAQUE,2022-02-28T21:09:56,4019.28
2824,0001,SANTANDER,JOAO,SAQUE,2022-02-08T23:21:35,2397.3
2824,0001,SANTANDER,JOAO,DEPOSITO,2022-02-06T22:07:47,1976.91
4657,0003,ITAU,FELIPE,SAQUE,2022-02-18T17:07:42,582.79
1488,0007,SANTANDER,LUCAS,DEPOSITO,2022-02-20T05:43:56,4032.26
7912,0006,SANTANDER,CARLOS,SAQUE,2022-02-02T19:39:34,952.66
5506,0002,ITAU,MARIA,SAQUE,2022-02-09T09:24:45,3540.75
9279,0009,BANCO DO BRASIL,MARCOS,SAQUE,2022-02-19T02:53:17,3296.42
1434,0010,BANCO DO BRASIL,PAULA,SAQUE,2022-02-03T07:52:40,3313.23
7912,0006,SANTANDER,CARLOS,SAQUE,2022-02-12T08:25:20,2362.67
2424,0005,BANCO DO BRASIL,ANA,DEPOSITO,2022-02-15T02:44:01,1914.99
2424,0005,BANCO DO BRASIL,ANA,SAQUE,2022-02-18T23:41:55,1094.18
2679,0004,BANCO DO BRASIL,JULIA,DEPOSITO,2022-02-13T01:18:41,1854.49
9279,0009,BANCO DO BRASIL,MARCOS,DEPOSITO,2022-02-07T14:55:14,1125.48
1434,0010,BANCO DO BRASIL,PAULA,DEPOSITO,2022-02-08T13:24:30,2694.36
2824,0001,SANTANDER,JOAO,SAQUE,2022-02-10T07:34:58,596.36
4582,0008,ITAU,BRUNA,SAQUE,2022-02-11T21:32:33,3570.68
1434,0010,BANCO DO BRASIL,PAULA,DEPOSITO,2022-02-01T00:06:29,2141.26
7912,0006,SANTANDER,CARLOS,DEPOSITO,2022-02-23T10:03:55,678.41
2824,0001,SANTANDER,JOAO,SAQUE,2022-02-28T19:58:44,3064.14
2824,0001,SANTANDER,JOAO,SAQUE,2022-02-15T16:29:23,1139.17
7912,0006,SANTANDER,CARLOS,SAQUE,2022-02-02T12:48:53,4953.65
2824,0001,SANTANDER,JOAO,SAQUE,2022-02-23T09:18:47,2301.37
2424,0005,BANCO DO BRASIL,ANA,SAQUE,2022-02-18T23:59:26,1994.35
2424,0005,BANCO DO BRASIL,ANA,SAQUE,2022-02-12T03:04:48,4101.4
9279,0009,BANCO DO BRASIL,MARCOS,DEPOSITO,2022-02-08T12:01:56,4428.21
4657,0003,ITAU,FELIPE,SAQUE,2022-02-09T21:41:17,2108.94
7912,0006,SANTANDER,CARLOS,SAQUE,2022-02-23T06:38:56,3124.47
4657,0003,ITAU,FELIPE,DEPOSITO,2022-02-28T19:20:44,3122.64
2679,0004,BANCO DO BRASIL,JULIA,DEPOSITO,2022-02-01T06:44:40,3477.19
2679,0004,BANCO DO BRASIL,JULIA,DEPOSITO,2022-02-16T00:58:21,2696.59
4582,0008,ITAU,BRUNA,DEPOSITO,2022-02-26T07:22:39,3310.77
7912,0006,SANTANDER,CARLOS,SAQUE,2022-02-14T14:11:55,2093.26
7912,0006,SANTANDER,CARLOS,SAQUE,2022-02-03T00:57:47,4422.25
2424,0005,BANCO DO BRASIL,ANA,DEPOSITO,2022-02-02T03:23:41,3351.51
7912,0006,SANTANDER,CARLOS,SAQUE,2022-02-03T03:47:42,1220.27
1434,0010,BANCO DO BRASIL,PAULA,DEPOSITO,2022-02-16T18:13:38,4926.45
1488,0007,SANTANDER,LUCAS,DEPOSITO,2022-02-26T10:20:03,328.72
1434,0010,BANCO DO BRASIL,PAULA,DEPOSITO,2022-02-21T17:36:51,1056.6
1488,0007,SANTANDER,LUCAS,SAQUE,2022-02-05T02:42:17,1554.81
7912,0006,SANTANDER,CARLOS,SAQUE,2022-02-15T09:33:08,2135.25
2424,0005,BANCO DO BRASIL,ANA,SAQUE,2022-02-10T08:40:51,3034.49
4582,0008,ITAU,BRUNA,SAQUE,2022-02-07T02:09:35,3418.61
1434,0010,BANCO DO BRASIL,PAULA,SAQUE,2022-02-02T13:52:00,2911.94
2824,0001,SANTANDER,JOAO,SAQUE,2022-02-22T08:31:08,836.37
5506,0002,ITAU,MARIA,SAQUE,2022-02-19T02:00:17,4554.49
9279,0009,BANCO DO BRASIL,MARCOS,DEPOSITO,2022-02-08T01:41:17,4260.17
7912,0006,SANTANDER,CARLOS,SAQUE,2022-02-08T00:14:48,1441.45
2679,0004,BANCO DO BRASIL,JULIA,SAQUE,2022-02-18T04:03:55,3902.78
4582,0008,ITAU,BRUNA,DEPOSITO,2022-02-21T18:32:57,4846.29
2824,0001,SANTANDER,JOAO,SAQUE,2022-02-19T20:48:15,3305.26
1434,0010,BANCO DO BRASIL,PAULA,SAQUE,2022-02-16T16:56:58,777.34
2824,0001,SANTANDER,JOAO,SAQUE,2022-02-02T03:56:47,2329.78
7912,0006,SANTANDER,CARLOS,SAQUE,2022-02-06T18:33:37,2449.91
4657,0003,ITAU,FELIPE,DEPOSITO,2022-02-18T09:47:52,3060.68
2824,0001,SANTANDER,JOAO,SAQUE,2022-02-17T19:07:39,2233.88
2824,0001,SANTANDER,JOAO,SAQUE,2022-02-26T22:22:17,3044.61
9279,0009,BANCO DO BRASIL,MARCOS,SAQUE,2022-02-28T09:45:15,556.58
4657,0003,ITAU,FELIPE,SAQUE,2022-02-11T16:42:59,1404.56
7912,0006,SANTANDER,CARLOS,DEPOSITO,2022-02-09T15:07:22,2515.14
5506,0002,ITAU,MARIA,DEPOSITO,2022-02-10T01:50:21,4915.29
1488,0007,SANTANDER,LUCAS,DEPOSITO,2022-02-25T23:41:45,4155.7
2424,0005,BANCO DO BRASIL,ANA,SAQUE,2022-02-14T15:54:33,237.5
2679,0004,BANCO DO BRASIL,JULIA,SAQUE,2022-02-12T13:21:52,4617.81
4582,0008,ITAU,BRUNA,DEPOSITO,2022-02-26T20:41:09,2589.82
1488,0007,SANTANDER,LUCAS,SAQUE,2022-02-24T10:39:51,4022.93
9279,0009,BANCO DO BRASIL,MARCOS,DEPOSITO,2022-02-06T19:31:20,3128.48
2679,0004,BANCO DO BRASIL,JULIA,SAQUE,2022-02-13T18:14:45,3395.09
5506,0002,ITAU,MARIA,DEPOSITO,2022-02-13T18:47:57,1107.14
1488,0007,SANTANDER,LUCAS,SAQUE,2022-02-23T08:41:22,4591.92
1434,0010,BANCO DO BRASIL,PAULA,DEPOSITO,2022-02-09T01:38:18,3834.09
4657,0003,ITAU,FELIPE,SAQUE,2022-02-25T22:20:39,792.82
1434,0010,BANCO DO BRASIL,PAULA,DEPOSITO,2022-02-16T05:56:16,547.65
7912,0006,SANTANDER,CARLOS,DEPOSITO,2022-02-04T04:54:57,4054.22
2679,0004,BANCO DO BRASIL,JULIA,DEPOSITO,2022-02-06T19:40:40,4708.56
9279,0009,BANCO DO BRASIL,MARCOS,SAQUE,2022-02-27T17:57:27,662.28
9279,0009,BANCO DO BRASIL,MARCOS,DEPOSITO,2022-02-22T01:16:38,3664.06
4582,0008,ITAU,BRUNA,DEPOSITO,2022-02-10T22:15:25,1683.15
7912,0006,SANTANDER,CARLOS,SAQUE,2022-02-07T16:18:54,201.13
2424,0005,BANCO DO BRASIL,ANA,DEPOSITO,2022-02-11T05:18:19,1211.0
4582,0008,ITAU,BRUNA,DEPOSITO,2022-02-06T03:18:14,3066.7
4582,0008,ITAU,BRUNA,SAQUE,2022-02-05T04:59:55,4484.0
5506,0002,ITAU,MARIA,DEPOSITO,2022-02-16T12:03:36,2863.81
2824,0001,SANTANDER,JOAO,SAQUE,2022-02-15T06:48:33,1115.77
2424,0005,BANCO DO BRASIL,ANA,DEPOSITO,2022-02-13T04:54:23,1160.38
4582,0008,ITAU,BRUNA,SAQUE,2022-02-25T06:03:29,4815.85
2679,0004,BANCO DO BRASIL,JULIA,DEPOSITO,2022-02-13T00:30:56,2519.49
9279,0009,BANCO DO BRASIL,MARCOS,SAQUE,2022-02-28T19:12:02,13.96
1488,0007,SANTANDER,LUCAS,DEPOSITO,2022-02-15T05:10:47,928.11
2824,0001,SANTANDER,JOAO,SAQUE,2022-02-26T19:00:05,3190.75
9279,0009,BANCO DO BRASIL,MARCOS,SAQUE,2022-02-11T06:05:49,410.71
4657,0003,ITAU,FELIPE,SAQUE,2022-02-03T05:50:34,1231.76
4582,0008,ITAU,BRUNA,SAQUE,2022-02-23T01:44:39,460.0
2424,0005,BANCO DO BRASIL,ANA,DEPOSITO,2022-02-09T22:57:14,1033.73
1488,0007,SANTANDER,LUCAS,SAQUE,2022-02-13T06:59:59,4425.01
7912,0006,SANTANDER,CARLOS,SAQUE,2022-02-17T06:21:45,2699.98
1488,0007,SANTANDER,LUCAS,DEPOSITO,2022-02-02T16:25:46,317.9
2824,0001,SANTANDER,JOAO,SAQUE,2022-02-03T18:27:52,1311.3
2424,0005,BANCO DO BRASIL,ANA,SAQUE,2022-02-17T21:00:41,1542.08
9279,0009,BANCO DO BRASIL,MARCOS,SAQUE,2022-02-18T16:20:55,2162.17
1434,0010,BANCO DO BRASIL,PAULA,SAQUE,2022-02-11T16:34:18,45.88
7912,0006,SANTANDER,CARLOS,DEPOSITO,2022-02-14T21:41:31,4623.43
2679,0004,BANCO DO BRASIL,JULIA,SAQUE,2022-02-04T16:17:23,949.11
2824,0001,SANTANDER,JOAO,DEPOSITO,2022-02-18T15:21:04,604.34
4582,0008,ITAU,BRUNA,SAQUE,2022-02-02T22:29:32,4903.14
1434,0010,BANCO DO BRASIL,PAULA,SAQUE,2022-02-04T06:14:27,2200.0
2424,0005,BANCO DO BRASIL,ANA,SAQUE,2022-02-04T15:13:49,1264.13
4582,0008,ITAU,BRUNA,DEPOSITO,2022-02-19T14:12:12,4601.93
1434,0010,BANCO DO BRASIL,PAULA,SAQUE,2022-02-21T20:38:12,4153.73
1434,0010,BANCO DO BRASIL,PAULA,SAQUE,2022-02-20T03:04:00,2963.54
9279,0009,BANCO DO BRASIL,MARCOS,SAQUE,2022-02-25T10:34:35,1628.25
5506,0002,ITAU,MARIA,DEPOSITO,2022-02-06T22:16:24,3914.46
1434,0010,BANCO DO BRASIL,PAULA,DEPOSITO,2022-02-02T07:15:09,4240.98
2679,0004,BANCO DO BRASIL,JULIA,DEPOSITO,2022-02-18T02:56:19,4490.69
2824,0001,SANTANDER,JOAO,DEPOSITO,2022-02-04T06:29:45,467.04
5506,0002,ITAU,MARIA,SAQUE,2022-02-08T09:40:29,1907.49
1488,0007,SANTANDER,LUCAS,DEPOSITO,2022-02-06T20:05:34,2744.49
7912,0006,SANTANDER,CARLOS,SAQUE,2022-02-15T23:44:04,342.8
2424,0005,BANCO DO BRASIL,ANA,DEPOSITO,2022-02-28T16:13:27,1314.88
2824,0001,SANTANDER,JOAO,SAQUE,2022-02-11T00:40:48,2717.22
4657,0003,ITAU,FELIPE,DEPOSITO,2022-02-17T18:13:29,2916.31
5506,0002,ITAU,MARIA,DEPOSITO,2022-02-11T06:26:07,759.7
1434,0010,BANCO DO BRASIL,PAULA,SAQUE,2022-02-27T15:27:28,2311.71
7912,0006,SANTANDER,CARLOS,DEPOSITO,2022-02-12T06:36:07,1495.61
2679,0004,BANCO DO BRASIL,JULIA,SAQUE,2022-02-03T08:05:32,58.52
4657,0003,ITAU,FELIPE,DEPOSITO,2022-02-08T22:16:06,273.91
1434,0010,BANCO DO BRASIL,PAULA,DEPOSITO,2022-02-07T16:30:52,2184.35
9279,0009,BANCO DO BRASIL,MARCOS,DEPOSITO,2022-02-21T02:26:38,1111.14
1488,0007,SANTANDER,LUCAS,SAQUE,2022-02-17T03:51:10,614.23
4657,0003,ITAU,FELIPE,SAQUE,2022-02-19T13:31:10,919.78
1488,0007,SANTANDER,LUCAS,DEPOSITO,2022-02-16T02:33:38,2922.49
2679,0004,BANCO DO BRASIL,JULIA,SAQUE,2022-02-20T09:41:39,1346.32
7912,0006,SANTANDER,CARLOS,DEPOSITO,2022-02-15T13:33:54,1262.36
1488,0007,SANTANDER,LUCAS,DEPOSITO,2022-02-20T12:22:26,1627.93
1488,0007,SANTANDER,LUCAS,DEPOSITO,2022-02-28T21:09:00,2040.3
4657,0003,ITAU,FELIPE,SAQUE,2022-02-13T01:52:20,4899.11
2679,0004,BANCO DO BRASIL,JULIA,DEPOSITO,2022-02-07T11:58:58,2328.86
2679,0004,BANCO DO BRASIL,JULIA,DEPOSITO,2022-02-03T23:18:17,1090.4
1488,0007,SANTANDER,LUCAS,SAQUE,2022-02-21T08:14:20,54.48
2679,0004,BANCO DO BRASIL,JULIA,SAQUE,2022-02-18T01:45:15,2466.46
7912,0006,SANTANDER,CARLOS,SAQUE,2022-02-02T19:36:51,4589.3
2679,0004,BANCO DO BRASIL,JULIA,SAQUE,2022-02-16T18:17:37,3966.59
7912,0006,SANTANDER,CARLOS,DEPOSITO,2022-02-06T07:15:04,3188.57
2424,0005,BANCO DO BRASIL,ANA,DEPOSITO,2022-02-03T23:33:50,150.45
2424,0005,BANCO DO BRASIL,ANA,DEPOSITO,2022-02-26T06:07:08,1399.32
9279,0009,BANCO DO BRASIL,MARCOS,SAQUE,2022-02-22T22:26:49,4494.58
1488,0007,SANTANDER,LUCAS,SAQUE,2022-02-05T13:53:51,493.68
1434,0010,BANCO DO BRASIL,PAULA,SAQUE,2022-02-02T22:27:37,3415.93
1434,0010,BANCO DO BRASIL,PAULA,DEPOSITO,2022-02-24T09:32:23,4795.04
2824,0001,SANTANDER,JOAO,DEPOSITO,2022-02-15T03:42:38,3102.36
7912,0006,SANTANDER,CARLOS,DEPOSITO,2022-02-10T06:30:32,1059.53
4657,0003,ITAU,FELIPE,DEPOSITO,2022-02-15T13:43:21,4780.57
2679,0004,BANCO DO BRASIL,JULIA,DEPOSITO,2022-02-09T14:17:14,4935.56
9279,0009,BANCO DO BRASIL,MARCOS,DEPOSITO,2022-02-09T03:20:15,1313.14
2679,0004,BANCO DO BRASIL,JULIA,DEPOSITO,2022-02-06T05:33:22,3788.18
4582,0008,ITAU,BRUNA,DEPOSITO,2022-02-16T11:34:25,2929.53
7912,0006,SANTANDER,CARLOS,DEPOSITO,2022-02-19T04:05:32,4768.43
2424,0005,BANCO DO BRASIL,ANA,SAQUE,2022-02-04T04:18:47,4346.01
7912,0006,SANTANDER,CARLOS,DEPOSITO,2022-02-19T22:56:27,4394.06
1488,0007,SANTANDER,LUCAS,SAQUE,2022-02-06T21:36:06,618.08
9279,0009,BANCO DO BRASIL,MARCOS,DEPOSITO,2022-02-25T09:32:35,4144.86
4582,0008,ITAU,BRUNA,SAQUE,2022-02-07T12:49:48,158.32
2424,0005,BANCO DO BRASIL,ANA,DEPOSITO,2022-02-02T12:34:58,923.03
2824,0001,SANTANDER,JOAO,SAQUE,2022-02-17T21:28:03,3328.97
4657,0003,ITAU,FELIPE,SAQUE,2022-02-21T22:15:32,2379.47
2824,0001,SANTANDER,JOAO,SAQUE,2022-02-26T23:24:49,4396.25
4657,0003,ITAU,FELIPE,DEPOSITO,2022-02-18T14:43:52,4187.06
2679,0004,BANCO DO BRASIL,JULIA,DEPOSITO,2022-02-10T07:31:23,4239.86
7912,0006,SANTANDER,CARLOS,SAQUE,2022-02-27T05:47:41,3061.2
2424,0005,BANCO DO BRASIL,ANA,SAQUE,2022-02-21T23:30:29,701.69
1488,0007,SANTANDER,LUCAS,SAQUE,2022-02-10T11:21:24,619.62
1488,0007,SANTANDER,LUCAS,SAQUE,2022-02-04T21:01:02,1626.39
1488,0007,SANTANDER,LUCAS,SAQUE,2022-02-14T11:07:59,2849.82
2424,0005,BANCO DO BRASIL,ANA,SAQUE,2022-02-06T06:17:37,1988.49
4582,0008,ITAU,BRUNA,DEPOSITO,2022-02-06T09:14:37,4873.55
1434,0010,BANCO DO BRASIL,PAULA,SAQUE,2022-02-13T14:22:57,822.61
2679,0004,BANCO DO BRASIL,JULIA,DEPOSITO,2022-02-21T06:08:19,3425.12
4657,0003,ITAU,FELIPE,SAQUE,2022-02-01T10:11:25,1634.13
1488,0007,SANTANDER,LUCAS,DEPOSITO,2022-02-07T15:52:09,4694.07
7912,0006,SANTANDER,CARLOS,DEPOSITO,2022-02-12T11:46:40,2636.07
9279,0009,BANCO DO BRASIL,MARCOS,DEPOSITO,2022-02-22T00:28:41,1763.91
2424,0005,BANCO DO BRASIL,ANA,SAQUE,2022-02-15T15:31:20,2521.24
4657,0003,ITAU,FELIPE,DEPOSITO,2022-02-25T23:59:43,2812.64
1488,0007,SANTANDER,LUCAS,DEPOSITO,2022-02-03T20:03:23,1729.56
2824,0001,SANTANDER,JOAO,DEPOSITO,2022-02-23T17:52:59,29.6
2824,0001,SANTANDER,JOAO,DEPOSITO,2022-02-15T23:27:12,3842.35
9279,0009,BANCO DO BRASIL,MARCOS,SAQUE,2022-02-07T06:01:31,1033.1
1488,0007,SANTANDER,LUCAS,SAQUE,2022-02-02T16:44:00,4467.57
2424,0005,BANCO DO BRASIL,ANA,DEPOSITO,2022-02-23T01:50:04,4674.41
1488,0007,SANTANDER,LUCAS,SAQUE,2022-02-28T21:24:13,343.06
9279,0009,BANCO DO BRASIL,MARCOS,DEPOSITO,2022-02-15T02:48:30,2027.36
7912,0006,SANTANDER,CARLOS,SAQUE,2022-02-06T08:18:50,1637.4
4582,0008,ITAU,BRUNA,DEPOSITO,2022-02-12T12:48:14,4677.47
5506,0002,ITAU,MARIA,DEPOSITO,2022-02-12T00:56:08,1203.93
1488,0007,SANTANDER,LUCAS,DEPOSITO,2022-02-05T20:36:37,1486.6
1434,0010,BANCO DO BRASIL,PAULA,SAQUE,2022-02-22T13:25:04,2521.77
4657,0003,ITAU,FELIPE,DEPOSITO,2022-02-18T19:16:26,2567.27
9279,0009,BANCO DO BRASIL,MARCOS,DEPOSITO,2022-02-18T06:39:03,4886.38
2824,0001,SANTANDER,JOAO,DEPOSITO,2022-02-08T21:55:10,4003.71
9279,0009,BANCO DO BRASIL,MARCOS,SAQUE,2022-02-27T12:57:24,2709.8
9279,0009,BANCO DO BRASIL,MARCOS,SAQUE,2022-02-25T14:41:33,769.52
4582,0008,ITAU,BRUNA,DEPOSITO,2022-02-19T00:54:25,4413.09
2424,0005,BANCO DO BRASIL,ANA,SAQUE,2022-02-01T02:36:11,3692.75
7912,0006,SANTANDER,CARLOS,SAQUE,2022-02-09T13:40:46,386.18
4657,0003,ITAU,FELIPE,DEPOSITO,2022-02-21T09:34:01,3744.6
1488,0007,SANTANDER,LUCAS,DEPOSITO,2022-02-18T11:43:41,3981.9
9279,0009,BANCO DO BRASIL,MARCOS,SAQUE,2022-02-26T08:28:11,2868.53
4582,0008,ITAU,BRUNA,DEPOSITO,2022-02-09T22:04:11,4397.92
1434,0010,BANCO DO BRASIL,PAULA,SAQUE,2022-02-16T05:25:58,3698.89
4657,0003,ITAU,FELIPE,SAQUE,2022-02-14T23:54:05,3707.09
9279,0009,BANCO DO BRASIL,MARCOS,SAQUE,2022-02-06T01:33:09,1654.43
4657,0003,ITAU,FELIPE,DEPOSITO,2022-02-04T06:06:59,4966.62
4657,0003,ITAU,FELIPE,DEPOSITO,2022-02-23T13:14:10,4772.88
7912,0006,SANTANDER,CARLOS,SAQUE,2022-02-19T20:49:03,3496.02
2679,0004,BANCO DO BRASIL,JULIA,DEPOSITO,2022-02-25T02:32:42,2868.95
4582,0008,ITAU,BRUNA,DEPOSITO,2022-02-27T12:02:21,4995.5
1488,0007,SANTANDER,LUCAS,DEPOSITO,2022-02-01T09:23:44,3067.32
2824,0001,SANTANDER,JOAO,DEPOSITO,2022-02-26T14:56:15,525.28
2679,0004,BANCO DO BRASIL,JULIA,DEPOSITO,2022-02-22T22:44:22,4963.57
1434,0010,BANCO DO BRASIL,PAULA,DEPOSITO,2022-02-01T18:29:42,4570.95
7912,0006,SANTANDER,CARLOS,SAQUE,2022-02-12T20:37:27,2842.61
4582,0008,ITAU,BRUNA,SAQUE,2022-02-02T22:52:28,4897.09
2679,0004,BANCO DO BRASIL,JULIA,SAQUE,2022-02-16T21:58:09,2587.09
2824,0001,SANTANDER,JOAO,DEPOSITO,2022-02-25T06:45:55,2980.94
2679,0004,BANCO DO BRASIL,JULIA,SAQUE,2022-02-03T19:47:41,3945.94
2424,0005,BANCO DO BRASIL,ANA,DEPOSITO,2022-02-25T18:57:30,1663.33
9279,0009,BANCO DO BRASIL,MARCOS,DEPOSITO,2022-02-08T15:15:01,1214.29
4582,0008,ITAU,BRUNA,SAQUE,2022-02-18T14:33:35,505.78
1488,0007,SANTANDER,LUCAS,DEPOSITO,2022-02-13T22:38:00,111.81
2424,0005,BANCO DO BRASIL,ANA,SAQUE,2022-02-13T11:38:05,4956.03
2824,0001,SANTANDER,JOAO,SAQUE,2022-02-03T06:43:04,1396.89
1488,0007,SANTANDER,LUCAS,DEPOSITO,2022-02-20T10:16:04,3832.03
1434,0010,BANCO DO BRASIL,PAULA,SAQUE,2022-02-24T21:58:55,2742.34
4657,0003,ITAU,FELIPE,SAQUE,2022-02-23T09:05:13,1812.42
4657,0003,ITAU,FELIPE,SAQUE,2022-02-16T03:02:49,3559.58
1434,0010,BANCO DO BRASIL,PAULA,DEPOSITO,2022-02-10T08:37:32,4419.13
9279,0009,BANCO DO BRASIL,MARCOS,DEPOSITO,2022-02-19T02:48:37,311.65
9279,0009,BANCO DO BRASIL,MARCOS,DEPOSITO,2022-02-05T19:41:10,779.94
7912,0006,SANTANDER,CARLOS,SAQUE,2022-02-25T21:16:54,4131.26
4582,0008,ITAU,BRUNA,SAQUE,2022-02-10T03:47:44,1504.85
5506,0002,ITAU,MARIA,DEPOSITO,2022-02-02T03:24:05,3875.23
2424,0005,BANCO DO BRASIL,ANA,DEPOSITO,2022-02-13T04:37:53,3483.17
1434,0010,BANCO DO BRASIL,PAULA,DEPOSITO,2022-02-16T20:58:19,1921.56
9279,0009,BANCO DO BRASIL,MARCOS,SAQUE,2022-02-19T01:58:54,2696.25
4582,0008,ITAU,BRUNA,SAQUE,2022-02-09T03:59:09,1919.57
7912,0006,SANTANDER,CARLOS,DEPOSITO,2022-02-13T18:37:10,3845.37
2679,0004,BANCO DO BRASIL,JULIA,SAQUE,2022-02-13T11:50:22,1051.35
4582,0008,ITAU,BRUNA,SAQUE,2022-02-18T00:29:40,4838.4
2679,0004,BANCO DO BRASIL,JULIA,DEPOSITO,2022-02-28T05:05:35,2191.16
1488,0007,SANTANDER,LUCAS,SAQUE,2022-02-21T05:14:49,4162.3
7912,0006,SANTANDER,CARLOS,SAQUE,2022-02-20T11:45:12,2654.54
2424,0005,BANCO DO BRASIL,ANA,SAQUE,2022-02-05T09:22:42,1622.04
4582,0008,ITAU,BRUNA,SAQUE,2022-02-18T00:04:47,2163.26
7912,0006,SANTANDER,CARLOS,SAQUE,2022-02-16T10:19:24,4092.4
5506,0002,ITAU,MARIA,DEPOSITO,2022-02-28T20:43:32,2396.63
1488,0007,SANTANDER,LUCAS,SAQUE,2022-02-02T19:17:45,2492.14
4582,0008,ITAU,BRUNA,DEPOSITO,2022-02-15T05:35:45,1401.12
2824,0001,SANTANDER,JOAO,SAQUE,2022-02-14T21:07:05,433.04
2824,0001,SANTANDER,JOAO,DEPOSITO,2022-02-04T08:30:24,2515.34
1488,0007,SANTANDER,LUCAS,SAQUE,2022-02-13T08:16:06,3058.15
7912,0006,SANTANDER,CARLOS,DEPOSITO,2022-02-05T20:58:09,4123.76
7912,0006,SANTANDER,CARLOS,DEPOSITO,2022-02-12T18:14:25,1037.03
5506,0002,ITAU,MARIA,SAQUE,2022-02-01T03:43:32,2177.25
7912,0006,SANTANDER,CARLOS,DEPOSITO,2022-02-18T20:51:25,2318.77
2824,0001,SANTANDER,JOAO,DEPOSITO,2022-02-17T15:49:17,1944.86
2679,0004,BANCO DO BRASIL,JULIA,SAQUE,2022-02-21T12:44:16,1356.54
1434,0010,BANCO DO BRASIL,PAULA,DEPOSITO,2022-02-05T07:02:58,43.03
2424,0005,BANCO DO BRASIL,ANA,SAQUE,2022-02-18T07:33:12,1677.6
4582,0008,ITAU,BRUNA,SAQUE,2022-02-17T20:59:13,2388.37
5506,0002,ITAU,MARIA,SAQUE,2022-02-12T15:57:51,4649.7
1488,0007,SANTANDER,LUCAS,SAQUE,2022-02-02T14:03:45,2765.32
5506,0002,ITAU,MARIA,SAQUE,2022-02-13T07:16:18,2268.47
1488,0007,SANTANDER,LUCAS,SAQUE,2022-02-14T22:00:19,4457.29
9279,0009,BANCO DO BRASIL,MARCOS,SAQUE,2022-02-01T08:07:31,918.49
2824,0001,SANTANDER,JOAO,SAQUE,2022-02-24T00:39:40,4322.58
2424,0005,BANCO DO BRASIL,ANA,SAQUE,2022-02-28T10:32:32,3645.43
5506,0002,ITAU,MARIA,SAQUE,2022-02-28T19:07:04,598.19
4582,0008,ITAU,BRUNA,SAQUE,2022-02-23T17:14:18,2997.73
7912,0006,SANTANDER,CARLOS,DEPOSITO,2022-02-20T02:10:36,2307.92
9279,0009,BANCO DO BRASIL,MARCOS,DEPOSITO,2022-02-04T06:32:05,3998.37
5506,0002,ITAU,MARIA,SAQUE,2022-02-25T16:31:40,4547.4
1488,0007,SANTANDER,LUCAS,SAQUE,2022-02-19T22:35:10,1495.28
2424,0005,BANCO DO BRASIL,ANA,SAQUE,2022-02-24T20:19:54,1194.38
2824,0001,SANTANDER,JOAO,SAQUE,2022-02-19T06:54:48,3248.64
2679,0004,BANCO DO BRASIL,JULIA,DEPOSITO,2022-02-10T19:42:16,4747.33
9279,0009,BANCO DO BRASIL,MARCOS,DEPOSITO,2022-02-01T13:48:26,93.46
4657,0003,ITAU,FELIPE,DEPOSITO,2022-02-15T08:41:39,1864.14
7912,0006,SANTANDER,CARLOS,DEPOSITO,2022-02-07T11:27:24,3485.68
1488,0007,SANTANDER,LUCAS,SAQUE,2022-02-21T14:42:31,3175.69
4657,0003,ITAU,FELIPE,DEPOSITO,2022-02-12T23:39:14,3979.83
4657,0003,ITAU,FELIPE,DEPOSITO,2022-02-07T02:04:43,1097.26
1434,0010,BANCO DO BRASIL,PAULA,SAQUE,2022-02-03T20:39:42,3839.37
2679,0004,BANCO DO BRASIL,JULIA,DEPOSITO,2022-02-22T17:59:37,522.12
2424,0005,BANCO DO BRASIL,ANA,SAQUE,2022-02-07T22:31:00,4119.49
4657,0003,ITAU,FELIPE,SAQUE,2022-02-03T07:31:25,74.2
4582,0008,ITAU,BRUNA,SAQUE,2022-02-16T01:00:31,1893.76
5506,0002,ITAU,MARIA,SAQUE,2022-02-10T23:03:37,3625.61
2824,0001,SANTANDER,JOAO,DEPOSITO,2022-02-12T14:14:31,1031.15
1434,0010,BANCO DO BRASIL,PAULA,SAQUE,2022-02-16T17:10:32,3323.67
1434,0010,BANCO DO BRASIL,PAULA,SAQUE,2022-02-28T22:43:40,1908.1
2424,0005,BANCO DO BRASIL,ANA,DEPOSITO,2022-02-02T21:20:33,3729.21
4657,0003,ITAU,FELIPE,SAQUE,2022-02-09T20:16:30,3536.28
5506,0002,ITAU,MARIA,DEPOSITO,2022-02-17T00:05:00,2419.4
7912,0006,SANTANDER,CARLOS,DEPOSITO,2022-02-06T17:26:16,416.71
4657,0003,ITAU,FELIPE,DEPOSITO,2022-02-02T05:27:27,153.82
4582,0008,ITAU,BRUNA,SAQUE,2022-02-07T07:46:29,202.57
2824,0001,SANTANDER,JOAO,DEPOSITO,2022-02-28T07:18:40,3210.99
9279,0009,BANCO DO BRASIL,MARCOS,DEPOSITO,2022-02-21T23:10:41,1037.82
2824,0001,SANTANDER,JOAO,DEPOSITO,2022-02-25T15:42:03,2677.66
4582,0008,ITAU,BRUNA,DEPOSITO,2022-02-28T08:47:57,3801.79
4657,0003,ITAU,FELIPE,DEPOSITO,2022-02-18T15:00:34,3106.04
7912,0006,SANTANDER,CARLOS,DEPOSITO,2022-02-24T05:53:59,4311.34
4582,0008,ITAU,BRUNA,SAQUE,2022-02-24T20:00:35,625.2
5506,0002,ITAU,MARIA,SAQUE,2022-02-21T23:30:31,653.26
5506,0002,ITAU,MARIA,DEPOSITO,2022-02-15T19:26:19,1961.23
1488,0007,SANTANDER,LUCAS,DEPOSITO,2022-02-21T20:17:12,2341.67
1488,0007,SANTANDER,LUCAS,DEPOSITO,2022-02-03T08:29:31,174.56
2424,0005,BANCO DO BRASIL,ANA,SAQUE,2022-02-06T11:28:24,170.76
1434,0010,BANCO DO BRASIL,PAULA,SAQUE,2022-02-06T22:39:47,640.36
4657,0003,ITAU,FELIPE,SAQUE,2022-02-23T15:40:53,1677.89
4582,0008,ITAU,BRUNA,SAQUE,2022-02-12T20:03:28,288.82
5506,0002,ITAU,MARIA,SAQUE,2022-02-01T03:51:12,1928.28
1434,0010,BANCO DO BRASIL,PAULA,SAQUE,2022-02-27T18:53:34,4493.63
5506,0002,ITAU,MARIA,SAQUE,2022-02-21T12:01:06,2736.37
2424,0005,BANCO DO BRASIL,ANA,SAQUE,2022-02-10T13:05:15,2304.24
2824,0001,SANTANDER,JOAO,SAQUE,2022-02-01T12:01:43,4302.31
1488,0007,SANTANDER,LUCAS,SAQUE,2022-02-08T10:14:49,4431.74
9279,0009,BANCO DO BRASIL,MARCOS,DEPOSITO,2022-02-18T06:03:38,2110.82
9279,0009,BANCO DO BRASIL,MARCOS,SAQUE,2022-02-23T18:31:13,603.42
1488,0007,SANTANDER,LUCAS,SAQUE,2022-02-09T23:20:53,4733.06
4582,0008,ITAU,BRUNA,SAQUE,2022-02-14T20:43:16,3472.96
4657,0003,ITAU,FELIPE,DEPOSITO,2022-02-02T06:22:22,3802.83
9279,0009,BANCO DO BRASIL,MARCOS,DEPOSITO,2022-02-15T06:07:30,1870.51
2424,0005,BANCO DO BRASIL,ANA,SAQUE,2022-02-16T06:05:59,525.77
1488,0007,SANTANDER,LUCAS,DEPOSITO,2022-02-12T01:07:52,3386.73
2824,0001,SANTANDER,JOAO,DEPOSITO,2022-02-26T03:31:24,2306.5
2824,0001,SANTANDER,JOAO,DEPOSITO,2022-02-08T14:22:18,1960.06
2679,0004,BANCO DO BRASIL,JULIA,DEPOSITO,2022-02-14T13:18:38,4348.09
4582,0008,ITAU,BRUNA,SAQUE,2022-02-02T18:25:42,1042.4
9279,0009,BANCO DO BRASIL,MARCOS,DEPOSITO,2022-02-22T19:32:32,2218.29
1434,0010,BANCO DO BRASIL,PAULA,DEPOSITO,2022-02-14T14:42:41,1972.47
5506,0002,ITAU,MARIA,DEPOSITO,2022-02-08T15:30:25,4029.77
1434,0010,BANCO DO BRASIL,PAULA,DEPOSITO,2022-02-21T18:07:51,3915.24
1434,0010,BANCO DO BRASIL,PAULA,DEPOSITO,2022-02-06T17:40:47,234.82
7912,0006,SANTANDER,CARLOS,DEPOSITO,2022-02-19T23:34:42,2949.85
5506,0002,ITAU,MARIA,SAQUE,2022-02-23T05:27:43,445.67
1488,0007,SANTANDER,LUCAS,DEPOSITO,2022-02-23T04:15:08,4228.07
2679,0004,BANCO DO BRASIL,JULIA,DEPOSITO,2022-02-24T14:04:09,2258.72
2824,0001,SANTANDER,JOAO,DEPOSITO,2022-02-16T20:46:37,1513.78
1434,0010,BANCO DO BRASIL,PAULA,SAQUE,2022-02-04T21:25:07,456.43
2679,0004,BANCO DO BRASIL,JULIA,DEPOSITO,2022-02-06T21:16:12,3802.04
2824,0001,SANTANDER,JOAO,SAQUE,2022-02-27T17:54:53,593.21
2679,0004,BANCO DO BRASIL,JULIA,DEPOSITO,2022-02-09T08:07:50,4509.28
4657,0003,ITAU,FELIPE,SAQUE,2022-02-01T05:39:42,144.05
1488,0007,SANTANDER,LUCAS,DEPOSITO,2022-02-07T21:10:18,3088.01
4582,0008,ITAU,BRUNA,DEPOSITO,2022-02-03T05:05:39,4365.56
2824,0001,SANTANDER,JOAO,SAQUE,2022-02-18T06:30:13,542.11
1488,0007,SANTANDER,LUCAS,SAQUE,2022-02-24T16:49:42,1104.91
2424,0005,BANCO DO BRASIL,ANA,SAQUE,2022-02-25T05:16:29,479.63
1488,0007,SANTANDER,LUCAS,SAQUE,2022-02-02T02:57:47,2902.43
1434,0010,BANCO DO BRASIL,PAULA,DEPOSITO,2022-02-11T11:49:05,1746.95
7912,0006,SANTANDER,CARLOS,SAQUE,2022-02-12T13:36:37,1141.96
5506,0002,ITAU,MARIA,SAQUE,2022-02-11T14:00:43,509.75
2824,0001,SANTANDER,JOAO,SAQUE,2022-02-16T03:06:59,4675.81
4657,0003,ITAU,FELIPE,DEPOSITO,2022-02-23T13:44:45,2004.56
2679,0004,BANCO DO BRASIL,JULIA,DEPOSITO,2022-02-26T22:05:10,3239.9
2679,0004,BANCO DO BRASIL,JULIA,DEPOSITO,2022-02-24T14:32:48,968.11
5506,0002,ITAU,MARIA,DEPOSITO,2022-02-23T08:46:21,1732.36
2424,0005,BANCO DO BRASIL,ANA,SAQUE,2022-02-10T06:35:29,839.41
2679,0004,BANCO DO BRASIL,JULIA,DEPOSITO,2022-02-20T20:44:34,4936.09
9279,0009,BANCO DO BRASIL,MARCOS,DEPOSITO,2022-02-09T08:51:01,945.28
7912,0006,SANTANDER,CARLOS,SAQUE,2022-02-09T02:59:20,3974.01
4582,0008,ITAU,BRUNA,DEPOSITO,2022-02-26T10:59:26,2407.4
1488,0007,SANTANDER,LUCAS,DEPOSITO,2022-02-13T20:55:26,4610.89
9279,0009,BANCO DO BRASIL,MARCOS,DEPOSITO,2022-02-02T08:09:25,585.56
2424,0005,BANCO DO BRASIL,ANA,DEPOSITO,2022-02-21T06:57:59,3619.46
7912,0006,SANTANDER,CARLOS,DEPOSITO,2022-02-24T03:52:07,1324.82
1434,0010,BANCO DO BRASIL,PAULA,SAQUE,2022-02-02T07:21:07,1418.74
4582,0008,ITAU,BRUNA,SAQUE,2022-02-18T10:18:39,4759.69
4582,0008,ITAU,BRUNA,SAQUE,2022-02-26T15:34:41,2389.58
4582,0008,ITAU,BRUNA,DEPOSITO,2022-02-16T07:04:22,2979.11
7912,0006,SANTANDER,CARLOS,DEPOSITO,2022-02-01T06:50:19,415.3
2824,0001,SANTANDER,JOAO,SAQUE,2022-02-28T14:46:54,2985.05
1488,0007,SANTANDER,LUCAS,SAQUE,2022-02-05T02:49:51,3824.44
5506,0002,ITAU,MARIA,SAQUE,2022-02-07T02:56:40,786.15
4657,0003,ITAU,FELIPE,SAQUE,2022-02-25T03:48:19,973.87
7912,0006,SANTANDER,CARLOS,SAQUE,2022-02-24T23:32:31,519.1
1434,0010,BANCO DO BRASIL,PAULA,DEPOSITO,2022-02-09T06:00:48,2583.46
1488,0007,SANTANDER,LUCAS,DEPOSITO,2022-02-23T00:25:01,374.14
4657,0003,ITAU,FELIPE,DEPOSITO,2022-02-27T05:23:29,3167.16
4657,0003,ITAU,FELIPE,SAQUE,2022-02-12T11:11:51,2721.28
2679,0004,BANCO DO BRASIL,JULIA,SAQUE,2022-02-21T17:37:35,445.1
5506,0002,ITAU,MARIA,SAQUE,2022-02-28T19:08:27,3885.69
1434,0010,BANCO DO BRASIL,PAULA,DEPOSITO,2022-02-23T15:41:51,4109.16
4657,0003,ITAU,FELIPE,SAQUE,2022-02-13T05:33:25,452.52
9279,0009,BANCO DO BRASIL,MARCOS,SAQUE,2022-02-27T06:11:11,4390.1
7912,0006,SANTANDER,CARLOS,DEPOSITO,2022-02-25T07:40:40,4045.29
5506,0002,ITAU,MARIA,DEPOSITO,2022-02-01T08:07:03,487.31
2679,0004,BANCO DO BRASIL,JULIA,SAQUE,2022-02-21T01:29:35,4177.3
2424,0005,BANCO DO BRASIL,ANA,DEPOSITO,2022-02-01T14:41:53,618.59
1488,0007,SANTANDER,LUCAS,DEPOSITO,2022-02-12T16:28:09,1083.57
2824,0001,SANTANDER,JOAO,DEPOSITO,2022-02-04T21:28:00,4219.3
4582,0008,ITAU,BRUNA,DEPOSITO,2022-02-07T08:39:15,734.29
1488,0007,SANTANDER,LUCAS,DEPOSITO,2022-02-11T09:42:10,2521.79
2679,0004,BANCO DO BRASIL,JULIA,DEPOSITO,2022-02-27T11:20:32,2520.18
7912,0006,SANTANDER,CARLOS,DEPOSITO,2022-02-13T06:21:35,4349.05
2824,0001,SANTANDER,JOAO,DEPOSITO,2022-02-28T05:39:50,3229.35
7912,0006,SANTANDER,CARLOS,DEPOSITO,2022-02-09T10:17:01,84.82
4582,0008,ITAU,BRUNA,SAQUE,2022-02-05T13:44:48,1914.78
4582,0008,ITAU,BRUNA,SAQUE,2022-02-04T09:56:26,447.52
9279,0009,BANCO DO BRASIL,MARCOS,SAQUE,2022-02-19T21:45:27,1553.43
9279,0009,BANCO DO BRASIL,MARCOS,SAQUE,2022-02-04T00:44:55,4570.43
1488,0007,SANTANDER,LUCAS,DEPOSITO,2022-02-11T09:19:56,296.51
4657,0003,ITAU,FELIPE,DEPOSITO,2022-02-12T05:36:28,2528.16
1434,0010,BANCO DO BRASIL,PAULA,DEPOSITO,2022-02-20T04:12:30,3918.8
2824,0001,SANTANDER,JOAO,DEPOSITO,2022-02-03T09:03:33,3980.15
7912,0006,SANTANDER,CARLOS,SAQUE,2022-02-27T20:00:16,2978.51
9279,0009,BANCO DO BRASIL,MARCOS,DEPOSITO,2022-02-22T23:50:51,795.41
1434,0010,BANCO DO BRASIL,PAULA,SAQUE,2022-02-10T19:02:36,2760.06
1488,0007,SANTANDER,LUCAS,DEPOSITO,2022-02-20T21:28:35,114.47
1434,0010,BANCO DO BRASIL,PAULA,SAQUE,2022-02-23T09:34:36,2479.54
2424,0005,BANCO DO BRASIL,ANA,DEPOSITO,2022-02-20T13:22:57,2294.96
2679,0004,BANCO DO BRASIL,JULIA,DEPOSITO,2022-02-17T23:09:54,2041.55
2424,0005,BANCO DO BRASIL,ANA,SAQUE,2022-02-28T07:14:50,4926.5
7912,0006,SANTANDER,CARLOS,SAQUE,2022-02-28T15:10:02,1319.56
9279,0009,BANCO DO BRASIL,MARCOS,SAQUE,2022-02-13T09:04:04,3307.9
2679,0004,BANCO DO BRASIL,JULIA,SAQUE,2022-02-03T06:37:03,3366.2
2679,0004,BANCO DO BRASIL,JULIA,DEPOSITO,2022-02-13T01:47:35,2185.03
9279,0009,BANCO DO BRASIL,MARCOS,DEPOSITO,2022-02-24T08:38:20,3557.73
4582,0008,ITAU,BRUNA,DEPOSITO,2022-02-13T22:41:45,425.7
1488,0007,SANTANDER,LUCAS,DEPOSITO,2022-02-14T07:12:00,3929.73
9279,0009,BANCO DO BRASIL,MARCOS,SAQUE,2022-02-03T01:46:05,1424.2
2824,0001,SANTANDER,JOAO,DEPOSITO,2022-02-05T03:15:39,3186.18
2424,0005,BANCO DO BRASIL,ANA,SAQUE,2022-02-17T12:37:01,3880.21
9279,0009,BANCO DO BRASIL,MARCOS,DEPOSITO,2022-02-10T17:56:06,644.3
4657,0003,ITAU,FELIPE,SAQUE,2022-02-14T22:02:41,1884.13
9279,0009,BANCO DO BRASIL,MARCOS,SAQUE,2022-02-28T17:14:30,3032.39
9279,0009,BANCO DO BRASIL,MARCOS,SAQUE,2022-02-05T21:09:25,534.85
2679,0004,BANCO DO BRASIL,JULIA,DEPOSITO,2022-02-03T05:48:03,3491.94
2424,0005,BANCO DO BRASIL,ANA,SAQUE,2022-02-09T22:40:26,1620.13
4582,0008,ITAU,BRUNA,DEPOSITO,2022-02-13T15:26:15,3114.95
1434,0010,BANCO DO BRASIL,PAULA,DEPOSITO,2022-02-15T18:51:42,2281.93
2679,0004,BANCO DO BRASIL,JULIA,SAQUE,2022-02-23T08:08:05,3627.41
7912,0006,SANTANDER,CARLOS,DEPOSITO,2022-02-09T00:26:02,2858.61
2424,0005,BANCO DO BRASIL,ANA,DEPOSITO,2022-02-22T11:55:15,4387.27
9279,0009,BANCO DO BRASIL,MARCOS,DEPOSITO,2022-02-10T03:16:33,912.39
9279,0009,BANCO DO BRASIL,MARCOS,DEPOSITO,2022-02-09T04:15:44,397.15
1488,0007,SANTANDER,LUCAS,SAQUE,2022-02-04T05:27:35,2842.38
9279,0009,BANCO DO BRASIL,MARCOS,DEPOSITO,2022-02-26T09:43:56,1878.07
1434,0010,BANCO DO BRASIL,PAULA,DEPOSITO,2022-02-02T22:55:55,2618.66
7912,0006,SANTANDER,CARLOS,SAQUE,2022-02-16T09:39:49,1718.69
2679,0004,BANCO DO BRASIL,JULIA,DEPOSITO,2022-02-14T11:43:58,4537.46
2679,0004,BANCO DO BRASIL,JULIA,SAQUE,2022-02-17T17:51:11,3603.82
9279,0009,BANCO DO BRASIL,MARCOS,DEPOSITO,2022-02-11T04:24:07,4478.99
2824,0001,SANTANDER,JOAO,DEPOSITO,2022-02-25T19:18:43,4404.83
1488,0007,SANTANDER,LUCAS,SAQUE,2022-02-21T20:34:13,4125.99
1434,0010,BANCO DO BRASIL,PAULA,SAQUE,2022-02-14T03:39:37,2471.98
2679,0004,BANCO DO BRASIL,JULIA,SAQUE,2022-02-01T16:01:53,2072.65
1488,0007,SANTANDER,LUCAS,SAQUE,2022-02-11T05:45:27,3687.47
2679,0004,BANCO DO BRASIL,JULIA,DEPOSITO,2022-02-13T04:02:26,3967.3
4657,0003,ITAU,FELIPE,SAQUE,2022-02-09T14:23:24,4756.95
5506,0002,ITAU,MARIA,SAQUE,2022-02-21T19:43:31,1596.24
1434,0010,BANCO DO BRASIL,PAULA,DEPOSITO,2022-02-20T10:21:32,3726.62
4657,0003,ITAU,FELIPE,SAQUE,2022-02-09T22:27:48,2131.32
5506,0002,ITAU,MARIA,DEPOSITO,2022-02-25T03:19:37,4759.71
4657,0003,ITAU,FELIPE,SAQUE,2022-02-17T08:45:50,3955.93
4657,0003,ITAU,FELIPE,DEPOSITO,2022-02-19T01:58:05,807.39
4657,0003,ITAU,FELIPE,DEPOSITO,2022-02-28T10:39:16,4852.45
2424,0005,BANCO DO BRASIL,ANA,DEPOSITO,2022-02-19T07:52:07,4574.42
2679,0004,BANCO DO BRASIL,JULIA,DEPOSITO,2022-02-09T04:01:25,503.88
2424,0005,BANCO DO BRASIL,ANA,SAQUE,2022-02-25T10:10:09,2507.84
1488,0007,SANTANDER,LUCAS,SAQUE,2022-02-25T12:02:44,921.24
4582,0008,ITAU,BRUNA,SAQUE,2022-02-11T18:17:32,4429.08
4582,0008,ITAU,BRUNA,SAQUE,2022-02-07T09:37:37,4592.27
2424,0005,BANCO DO BRASIL,ANA,DEPOSITO,2022-02-08T15:49:51,949.4
5506,0002,ITAU,MARIA,DEPOSITO,2022-02-11T15:21:20,2198.78
7912,0006,SANTANDER,CARLOS,DEPOSITO,2022-02-01T15:08:29,214.02
5506,0002,ITAU,MARIA,DEPOSITO,2022-02-23T17:26:14,4688.67
2424,0005,BANCO DO BRASIL,ANA,DEPOSITO,2022-02-09T07:57:04,2866.87
1434,0010,BANCO DO BRASIL,PAULA,SAQUE,2022-02-11T20:42:39,1269.43
4582,0008,ITAU,BRUNA,DEPOSITO,2022-02-26T01:09:06,116.5
1488,0007,SANTANDER,LUCAS,DEPOSITO,2022-02-12T12:34:07,3749.07
2824,0001,SANTANDER,JOAO,DEPOSITO,2022-02-28T03:13:02,4761.21
1434,0010,BANCO DO BRASIL,PAULA,SAQUE,2022-02-11T17:55:40,4952.52
7912,0006,SANTANDER,CARLOS,DEPOSITO,2022-02-18T06:45:06,253.09
2679,0004,BANCO DO BRASIL,JULIA,DEPOSITO,2022-02-16T22:42:11,4798.53
9279,0009,BANCO DO BRASIL,MARCOS,DEPOSITO,2022-02-26T18:17:36,400.22
2424,0005,BANCO DO BRASIL,ANA,SAQUE,2022-02-03T21:34:44,1402.67
7912,0006,SANTANDER,CARLOS,DEPOSITO,2022-02-27T17:26:22,432.95
7912,0006,SANTANDER,CARLOS,SAQUE,2022-02-15T04:41:07,657.28
2424,0005,BANCO DO BRASIL,ANA,SAQUE,2022-02-12T06:36:23,1493.77
5506,0002,ITAU,MARIA,SAQUE,2022-02-18T06:52:56,915.76
4582,0008,ITAU,BRUNA,SAQUE,2022-02-07T12:57:19,2593.8
2424,0005,BANCO DO BRASIL,ANA,SAQUE,2022-02-25T02:07:36,849.41
1434,0010,BANCO DO BRASIL,PAULA,SAQUE,2022-02-12T21:18:38,1630.33
9279,0009,BANCO DO BRASIL,MARCOS,DEPOSITO,2022-02-20T18:24:59,3539.33
1488,0007,SANTANDER,LUCAS,SAQUE,2022-02-06T20:02:27,4861.22
2824,0001,SANTANDER,JOAO,SAQUE,2022-02-12T23:29:12,4708.89
1488,0007,SANTANDER,LUCAS,SAQUE,2022-02-24T09:34:17,108.86
1434,0010,BANCO DO BRASIL,PAULA,SAQUE,2022-02-26T03:03:31,684.08
4582,0008,ITAU,BRUNA,SAQUE,2022-02-22T11:58:06,4416.93
4582,0008,ITAU,BRUNA,SAQUE,2022-02-12T22:17:11,2598.33
2424,0005,BANCO DO BRASIL,ANA,DEPOSITO,2022-02-25T19:43:06,1474.59
9279,0009,BANCO DO BRASIL,MARCOS,SAQUE,2022-02-28T05:47:27,3787.49
1434,0010,BANCO DO BRASIL,PAULA,DEPOSITO,2022-02-15T11:42:37,586.53
9279,0009,BANCO DO BRASIL,MARCOS,DEPOSITO,2022-02-26T11:08:21,105.6
2424,0005,BANCO DO BRASIL,ANA,DEPOSITO,2022-02-11T23:09:41,2774.04
5506,0002,ITAU,MARIA,DEPOSITO,2022-02-03T12:51:05,2120.3
7912,0006,SANTANDER,CARLOS,DEPOSITO,2022-02-18T20:38:45,974.57
2824,0001,SANTANDER,JOAO,SAQUE,2022-02-23T11:04:33,1858.7
5506,0002,ITAU,MARIA,DEPOSITO,2022-02-14T07:19:56,3882.11
1488,0007,SANTANDER,LUCAS,SAQUE,2022-02-28T22:36:46,1292.19
9279,0009,BANCO DO BRASIL,MARCOS,DEPOSITO,2022-02-03T18:41:53,3939.45
5506,0002,ITAU,MARIA,DEPOSITO,2022-02-07T20:33:10,3790.17
4582,0008,ITAU,BRUNA,SAQUE,2022-02-20T18:45:52,3171.37
5506,0002,ITAU,MARIA,DEPOSITO,2022-02-17T06:36:56,3496.52
2679,0004,BANCO DO BRASIL,JULIA,SAQUE,2022-02-19T18:46:31,3925.29
1434,0010,BANCO DO BRASIL,PAULA,SAQUE,2022-02-28T18:01:43,359.16
2679,0004,BANCO DO BRASIL,JULIA,SAQUE,2022-02-07T21:00:57,4761.9
1434,0010,BANCO DO BRASIL,PAULA,DEPOSITO,2022-02-26T23:53:08,525.85
2679,0004,BANCO DO BRASIL,JULIA,SAQUE,2022-02-02T02:29:18,4892.67
2679,0004,BANCO DO BRASIL,JULIA,SAQUE,2022-02-19T04:39:20,3435.34
5506,0002,ITAU,MARIA,DEPOSITO,2022-02-22T11:12:35,3160.61
4657,0003,ITAU,FELIPE,SAQUE,2022-02-06T03:46:09,3049.1
1488,0007,SANTANDER,LUCAS,DEPOSITO,2022-02-09T16:27:40,4923.82
1488,0007,SANTANDER,LUCAS,DEPOSITO,2022-02-09T19:28:16,4889.26
5506,0002,ITAU,MARIA,DEPOSITO,2022-02-25T07:20:18,4293.31
9279,0009,BANCO DO BRASIL,MARCOS,SAQUE,2022-02-19T10:57:27,2398.38
2824,0001,SANTANDER,JOAO,SAQUE,2022-02-28T07:11:11,782.14
7912,0006,SANTANDER,CARLOS,SAQUE,2022-02-02T23:50:36,69.48
2824,0001,SANTANDER,JOAO,SAQUE,2022-02-26T01:51:59,4059.52
4657,0003,ITAU,FELIPE,SAQUE,2022-02-01T11:20:03,849.18
4657,0003,ITAU,FELIPE,DEPOSITO,2022-02-18T17:35:05,2346.81
1488,0007,SANTANDER,LUCAS,DEPOSITO,2022-02-13T19:28:10,2905.62
2424,0005,BANCO DO BRASIL,ANA,DEPOSITO,2022-02-23T01:50:04,4674.41
1488,0007,SANTANDER,LUCAS,DEPOSITO,2022-02-17T22:07:24,2552.95
1488,0007,SANTANDER,LUCAS,DEPOSITO,2022-02-17T02:39:52,3431.21
4582,0008,ITAU,BRUNA,DEPOSITO,2022-02-10T08:38:29,4045.98
1434,0010,BANCO DO BRASIL,PAULA,DEPOSITO,2022-02-25T13:18:22,2491.16
1488,0007,SANTANDER,LUCAS,SAQUE,2022-02-09T21:24:55,352.92
9279,0009,BANCO DO BRASIL,MARCOS,SAQUE,2022-02-23T07:51:39,1582.34
1488,0007,SANTANDER,LUCAS,SAQUE,2022-02-19T19:07:37,1608.17
2679,0004,BANCO DO BRASIL,JULIA,DEPOSITO,2022-02-19T16:27:56,1921.29
2679,0004,BANCO DO BRASIL,JULIA,DEPOSITO,2022-02-19T02:45:45,2259.03
7912,0006,SANTANDER,CARLOS,SAQUE,2022-02-20T04:18:38,4626.64
2424,0005,BANCO DO BRASIL,ANA,DEPOSITO,2022-02-03T16:42:10,3721.56
2824,0001,SANTANDER,JOAO,DEPOSITO,2022-02-17T16:32:39,3275.29
1488,0007,SANTANDER,LUCAS,SAQUE,2022-02-26T21:32:02,4590.99
4657,0003,ITAU,FELIPE,DEPOSITO,2022-02-28T05:49:11,4178.0
1488,0007,SANTANDER,LUCAS,DEPOSITO,2022-02-18T17:36:05,2942.52
9279,0009,BANCO DO BRASIL,MARCOS,DEPOSITO,2022-02-12T14:56:48,4437.93
2424,0005,BANCO DO BRASIL,ANA,DEPOSITO,2022-02-21T10:13:35,3177.52
9279,0009,BANCO DO BRASIL,MARCOS,SAQUE,2022-02-07T17:45:05,3419.37
4657,0003,ITAU,FELIPE,SAQUE,2022-02-13T07:12:19,283.43
7912,0006,SANTANDER,CARLOS,DEPOSITO,2022-02-23T15:39:11,633.7
2824,0001,SANTANDER,JOAO,SAQUE,2022-02-02T18:04:40,3173.88
2424,0005,BANCO DO BRASIL,ANA,SAQUE,2022-02-13T12:13:39,2997.72
4582,0008,ITAU,BRUNA,DEPOSITO,2022-02-25T04:59:36,4698.32
7912,0006,SANTANDER,CARLOS,DEPOSITO,2022-02-01T15:23:24,1440.98
9279,0009,BANCO DO BRASIL,MARCOS,DEPOSITO,2022-02-27T03:42:39,850.2
2824,0001,SANTANDER,JOAO,SAQUE,2022-02-21T11:53:23,39.37
4657,0003,ITAU,FELIPE,SAQUE,2022-02-23T08:20:25,2056.46
2424,0005,BANCO DO BRASIL,ANA,SAQUE,2022-02-06T20:30:41,1499.75
1488,0007,SANTANDER,LUCAS,DEPOSITO,2022-02-03T08:24:42,1659.91
1488,0007,SANTANDER,LUCAS,SAQUE,2022-02-27T09:00:44,639.88
1434,0010,BANCO DO BRASIL,PAULA,DEPOSITO,2022-02-14T20:55:15,2688.09
4657,0003,ITAU,FELIPE,SAQUE,2022-02-15T22:10:47,635.47
2824,0001,SANTANDER,JOAO,DEPOSITO,2022-02-21T19:18:59,4046.17
1434,0010,BANCO DO BRASIL,PAULA,SAQUE,2022-02-11T01:42:46,4828.75
1488,0007,SANTANDER,LUCAS,SAQUE,2022-02-20T02:54:00,1688.9
2424,0005,BANCO DO BRASIL,ANA,SAQUE,2022-02-25T22:10:51,1408.43
7912,0006,SANTANDER,CARLOS,SAQUE,2022-02-14T04:19:02,2075.21
2679,0004,BANCO DO BRASIL,JULIA,DEPOSITO,2022-02-06T16:56:51,4082.41
5506,0002,ITAU,MARIA,SAQUE,2022-02-14T11:16:24,427.15
2424,0005,BANCO DO BRASIL,ANA,DEPOSITO,2022-02-21T04:37:31,3521.41
2824,0001,SANTANDER,JOAO,DEPOSITO,2022-02-28T04:34:56,4416.68
5506,0002,ITAU,MARIA,DEPOSITO,2022-02-20T21:12:22,2776.38
5506,0002,ITAU,MARIA,SAQUE,2022-02-27T01:31:15,942.93
2824,0001,SANTANDER,JOAO,SAQUE,2022-02-20T01:26:51,2458.97
2424,0005,BANCO DO BRASIL,ANA,SAQUE,2022-02-27T08:20:52,1343.51
4582,0008,ITAU,BRUNA,DEPOSITO,2022-02-15T21:33:33,4893.71
7912,0006,SANTANDER,CARLOS,DEPOSITO,2022-02-28T02:50:47,4512.91
1434,0010,BANCO DO BRASIL,PAULA,DEPOSITO,2022-02-14T08:39:04,4290.71
9279,0009,BANCO DO BRASIL,MARCOS,DEPOSITO,2022-02-11T01:54:49,2265.07
5506,0002,ITAU,MARIA,SAQUE,2022-02-02T16:41:14,2259.22
2679,0004,BANCO DO BRASIL,JULIA,DEPOSITO,2022-02-14T02:59:46,3244.31
7912,0006,SANTANDER,CARLOS,SAQUE,2022-02-01T00:20:04,4878.47
4582,0008,ITAU,BRUNA,DEPOSITO,2022-02-03T05:21:06,90.12
1434,0010,BANCO DO BRASIL,PAULA,SAQUE,2022-02-18T01:46:01,233.97
7912,0006,SANTANDER,CARLOS,DEPOSITO,2022-02-03T18:35:46,1891.36
4582,0008,ITAU,BRUNA,SAQUE,2022-02-07T11:10:55,3580.1
7912,0006,SANTANDER,CARLOS,DEPOSITO,2022-02-27T06:51:45,2681.88
2424,0005,BANCO DO BRASIL,ANA,DEPOSITO,2022-02-05T23:52:51,2922.4
2424,0005,BANCO DO BRASIL,ANA,SAQUE,2022-02-15T17:27:08,1811.08
2424,0005,BANCO DO BRASIL,ANA,SAQUE,2022-02-14T07:15:20,475.77
5506,0002,ITAU,MARIA,DEPOSITO,2022-02-02T14:47:18,4223.98
2424,0005,BANCO DO BRASIL,ANA,DEPOSITO,2022-02-17T07:10:44,4939.35
2824,0001,SANTANDER,JOAO,SAQUE,2022-02-04T08:05:48,480.63
2679,0004,BANCO DO BRASIL,JULIA,SAQUE,2022-02-22T20:38:24,999.11
2679,0004,BANCO DO BRASIL,JULIA,DEPOSITO,2022-02-09T10:34:13,3729.66
4582,0008,ITAU,BRUNA,SAQUE,2022-02-16T18:46:13,1830.38
5506,0002,ITAU,MARIA,SAQUE,2022-02-22T00:05:43,394.08
5506,0002,ITAU,MARIA,DEPOSITO,2022-02-16T15:56:56,2814.65
2679,0004,BANCO DO BRASIL,JULIA,DEPOSITO,2022-02-02T08:15:33,2141.62
2424,0005,BANCO DO BRASIL,ANA,SAQUE,2022-02-06T18:18:45,169.93
1488,0007,SANTANDER,LUCAS,DEPOSITO,2022-02-04T13:33:16,2152.34
1434,0010,BANCO DO BRASIL,PAULA,DEPOSITO,2022-02-14T18:09:38,1640.53
2424,0005,BANCO DO BRASIL,ANA,SAQUE,2022-02-24T16:47:42,4959.25
4582,0008,ITAU,BRUNA,DEPOSITO,2022-02-10T19:00:02,47.14
4657,0003,ITAU,FELIPE,DEPOSITO,2022-02-18T15:26:57,1966.46
4582,0008,ITAU,BRUNA,SAQUE,2022-02-26T02:21:24,2674.57
7912,0006,SANTANDER,CARLOS,DEPOSITO,2022-02-17T23:37:28,3861.68
9279,0009,BANCO DO BRASIL,MARCOS,DEPOSITO,2022-02-28T15:57:14,2262.23
9279,0009,BANCO DO BRASIL,MARCOS,SAQUE,2022-02-12T10:30:18,3391.62
4582,0008,ITAU,BRUNA,SAQUE,2022-02-06T08:09:18,65.35
2679,0004,BANCO DO BRASIL,JULIA,DEPOSITO,2022-02-17T14:38:02,1147.6
4657,0003,ITAU,FELIPE,DEPOSITO,2022-02-12T20:35:50,4432.62
7912,0006,SANTANDER,CARLOS,SAQUE,2022-02-26T15:56:40,1540.36
7912,0006,SANTANDER,CARLOS,SAQUE,2022-02-14T15:01:28,1910.28
5506,0002,ITAU,MARIA,DEPOSITO,2022-02-23T23:36:07,2748.53
2679,0004,BANCO DO BRASIL,JULIA,DEPOSITO,2022-02-28T19:50:12,292.5
9279,0009,BANCO DO BRASIL,MARCOS,DEPOSITO,2022-02-03T19:21:06,1655.84
2679,0004,BANCO DO BRASIL,JULIA,DEPOSITO,2022-02-15T02:10:11,3269.59
2824,0001,SANTANDER,JOAO,SAQUE,2022-02-13T04:29:20,4544.46
2679,0004,BANCO DO BRASIL,JULIA,DEPOSITO,2022-02-21T13:16:10,2773.1
9279,0009,BANCO DO BRASIL,MARCOS,SAQUE,2022-02-24T09:54:39,1862.27
1434,0010,BANCO DO BRASIL,PAULA,SAQUE,2022-02-13T05:13:22,3306.53
5506,0002,ITAU,MARIA,SAQUE,2022-02-27T16:19:18,1429.62
4582,0008,ITAU,BRUNA,DEPOSITO,2022-02-26T04:32:28,1562.89
9279,0009,BANCO DO BRASIL,MARCOS,SAQUE,2022-02-08T16:08:11,3929.61
2824,0001,SANTANDER,JOAO,SAQUE,2022-02-21T01:22:11,2783.4
4657,0003,ITAU,FELIPE,SAQUE,2022-02-09T03:28:09,1230.95
7912,0006,SANTANDER,CARLOS,DEPOSITO,2022-02-01T21:02:04,3032.35
1488,0007,SANTANDER,LUCAS,SAQUE,2022-02-08T11:08:13,128.53
7912,0006,SANTANDER,CARLOS,DEPOSITO,2022-02-18T02:27:19,3010.66
2679,0004,BANCO DO BRASIL,JULIA,SAQUE,2022-02-11T23:06:50,2207.38
2424,0005,BANCO DO BRASIL,ANA,SAQUE,2022-02-19T05:24:38,1598.04
2679,0004,BANCO DO BRASIL,JULIA,DEPOSITO,2022-02-26T22:20:44,164.86
5506,0002,ITAU,MARIA,DEPOSITO,2022-02-15T15:52:54,2989.22
2424,0005,BANCO DO BRASIL,ANA,DEPOSITO,2022-02-27T18:44:39,553.07
1488,0007,SANTANDER,LUCAS,SAQUE,2022-02-25T14:05:40,3061.76
2424,0005,BANCO DO BRASIL,ANA,DEPOSITO,2022-02-28T13:20:08,1668.92
9279,0009,BANCO DO BRASIL,MARCOS,DEPOSITO,2022-02-09T02:08:05,3077.99
2679,0004,BANCO DO BRASIL,JULIA,SAQUE,2022-02-03T12:27:04,3941.09
1488,0007,SANTANDER,LUCAS,DEPOSITO,2022-02-22T11:01:07,2076.78
4657,0003,ITAU,FELIPE,DEPOSITO,2022-02-05T08:15:05,1251.12
7912,0006,SANTANDER,CARLOS,DEPOSITO,2022-02-13T16:30:25,4898.41
5506,0002,ITAU,MARIA,DEPOSITO,2022-02-09T06:42:18,206.65
4657,0003,ITAU,FELIPE,DEPOSITO,2022-02-23T23:17:16,4892.01
2424,0005,BANCO DO BRASIL,ANA,DEPOSITO,2022-02-25T01:37:00,2512.2
1488,0007,SANTANDER,LUCAS,SAQUE,2022-02-21T06:59:17,4156.46
2679,0004,BANCO DO BRASIL,JULIA,DEPOSITO,2022-02-24T14:24:58,916.74
7912,0006,SANTANDER,CARLOS,SAQUE,2022-02-26T15:17:39,3423.55
9279,0009,BANCO DO BRASIL,MARCOS,SAQUE,2022-02-07T13:42:58,2457.17
1434,0010,BANCO DO BRASIL,PAULA,DEPOSITO,2022-02-04T12:54:44,3922.32
5506,0002,ITAU,MARIA,DEPOSITO,2022-02-15T06:47:43,3602.52
7912,0006,SANTANDER,CARLOS,SAQUE,2022-02-16T17:13:15,88.75
2424,0005,BANCO DO BRASIL,ANA,DEPOSITO,2022-02-26T13:53:27,883.01
2824,0001,SANTANDER,JOAO,DEPOSITO,2022-02-21T17:20:14,718.55
4657,0003,ITAU,FELIPE,DEPOSITO,2022-02-01T15:22:14,328.4
4582,0008,ITAU,BRUNA,SAQUE,2022-02-07T14:23:57,3647.53
4657,0003,ITAU,FELIPE,DEPOSITO,2022-02-26T04:38:09,4101.97
5506,0002,ITAU,MARIA,SAQUE,2022-02-05T04:52:50,4832.71
4582,0008,ITAU,BRUNA,SAQUE,2022-02-12T16:03:21,760.86
9279,0009,BANCO DO BRASIL,MARCOS,DEPOSITO,2022-02-05T23:32:46,4385.97
2424,0005,BANCO DO BRASIL,ANA,SAQUE,2022-02-26T14:38:25,4157.97
1488,0007,SANTANDER,LUCAS,SAQUE,2022-02-26T17:43:16,1607.95
2824,0001,SANTANDER,JOAO,DEPOSITO,2022-02-21T03:00:41,3739.81
2824,0001,SANTANDER,JOAO,DEPOSITO,2022-02-10T10:33:07,2399.76
1434,0010,BANCO DO BRASIL,PAULA,DEPOSITO,2022-02-12T12:00:47,1515.8
5506,0002,ITAU,MARIA,DEPOSITO,2022-02-15T19:50:48,21.31
2824,0001,SANTANDER,JOAO,SAQUE,2022-02-21T05:58:50,263.11
4582,0008,ITAU,BRUNA,SAQUE,2022-02-05T10:17:04,4160.54
2679,0004,BANCO DO BRASIL,JULIA,DEPOSITO,2022-02-05T09:47:45,3933.93
2424,0005,BANCO DO BRASIL,ANA,DEPOSITO,2022-02-09T19:43:25,573.08
7912,0006,SANTANDER,CARLOS,DEPOSITO,2022-02-05T13:57:10,1131.0
2424,0005,BANCO DO BRASIL,ANA,DEPOSITO,2022-02-14T09:30:15,996.93
5506,0002,ITAU,MARIA,SAQUE,2022-02-05T00:16:44,619.04
1488,0007,SANTANDER,LUCAS,SAQUE,2022-02-11T12:56:20,4964.62
4657,0003,ITAU,FELIPE,SAQUE,2022-02-16T09:52:05,4153.97
4657,0003,ITAU,FELIPE,DEPOSITO,2022-02-07T14:32:23,1809.24
4582,0008,ITAU,BRUNA,DEPOSITO,2022-02-07T12:13:49,384.44
5506,0002,ITAU,MARIA,DEPOSITO,2022-02-04T14:14:53,2353.69
2424,0005,BANCO DO BRASIL,ANA,SAQUE,2022-02-10T00:16:27,4166.45
1488,0007,SANTANDER,LUCAS,DEPOSITO,2022-02-18T17:34:03,1748.06
1488,0007,SANTANDER,LUCAS,DEPOSITO,2022-02-25T01:32:09,3688.02
2824,0001,SANTANDER,JOAO,SAQUE,2022-02-23T17:11:57,568.64
1488,0007,SANTANDER,LUCAS,SAQUE,2022-02-17T01:22:18,2915.93
4582,0008,ITAU,BRUNA,DEPOSITO,2022-02-26T19:44:51,1902.59
2679,0004,BANCO DO BRASIL,JULIA,SAQUE,2022-02-16T05:08:58,1653.14
2424,0005,BANCO DO BRASIL,ANA,SAQUE,2022-02-10T16:23:46,2887.32
1488,0007,SANTANDER,LUCAS,DEPOSITO,2022-02-21T23:20:49,4867.15
2824,0001,SANTANDER,JOAO,DEPOSITO,2022-02-06T11:12:42,1102.17
1434,0010,BANCO DO BRASIL,PAULA,DEPOSITO,2022-02-08T14:38:28,734.91
4582,0008,ITAU,BRUNA,SAQUE,2022-02-03T23:32:29,3909.15
2424,0005,BANCO DO BRASIL,ANA,SAQUE,2022-02-10T12:53:03,1535.83
4582,0008,ITAU,BRUNA,DEPOSITO,2022-02-28T03:27:24,1766.2
7912,0006,SANTANDER,CARLOS,DEPOSITO,2022-02-25T07:07:34,167.07
7912,0006,SANTANDER,CARLOS,SAQUE,2022-02-05T12:03:24,1905.84
2424,0005,BANCO DO BRASIL,ANA,DEPOSITO,2022-02-21T19:03:14,4462.04
5506,0002,ITAU,MARIA,SAQUE,2022-02-02T05:52:45,712.82
7912,0006,SANTANDER,CARLOS,SAQUE,2022-02-23T19:58:02,2030.24
4582,0008,ITAU,BRUNA,SAQUE,2022-02-12T09:46:50,154.93
1434,0010,BANCO DO BRASIL,PAULA,SAQUE,2022-02-20T08:10:18,503.88
2824,0001,SANTANDER,JOAO,DEPOSITO,2022-02-15T23:51:18,909.51
2679,0004,BANCO DO BRASIL,JULIA,DEPOSITO,2022-02-02T15:28:53,3809.48
4657,0003,ITAU,FELIPE,DEPOSITO,2022-02-06T09:17:17,1698.53
4657,0003,ITAU,FELIPE,SAQUE,2022-02-10T00:57:29,1153.27
1434,0010,BANCO DO BRASIL,PAULA,DEPOSITO,2022-02-04T11:07:18,404.77
2824,0001,SANTANDER,JOAO,SAQUE,2022-02-27T14:27:04,783.51
1434,0010,BANCO DO BRASIL,PAULA,SAQUE,2022-02-17T12:20:43,2030.46
4657,0003,ITAU,FELIPE,SAQUE,2022-02-09T07:13:12,2971.16
4582,0008,ITAU,BRUNA,DEPOSITO,2022-02-02T18:20:02,2836.31
5506,0002,ITAU,MARIA,DEPOSITO,2022-02-16T20:55:47,3289.66
9279,0009,BANCO DO BRASIL,MARCOS,DEPOSITO,2022-02-01T09:56:33,3852.68
2424,0005,BANCO DO BRASIL,ANA,DEPOSITO,2022-02-20T19:45:51,75.57
1488,0007,SANTANDER,LUCAS,DEPOSITO,2022-02-01T14:03:52,1181.32
7912,0006,SANTANDER,CARLOS,DEPOSITO,2022-02-04T21:05:45,2619.2
5506,0002,ITAU,MARIA,DEPOSITO,2022-02-14T06:15:37,4280.75
2424,0005,BANCO DO BRASIL,ANA,SAQUE,2022-02-27T02:21:33,1450.46
1434,0010,BANCO DO BRASIL,PAULA,DEPOSITO,2022-02-08T21:22:59,4801.92
7912,0006,SANTANDER,CARLOS,DEPOSITO,2022-02-07T09:41:50,457.34
2424,0005,BANCO DO BRASIL,ANA,DEPOSITO,2022-02-01T05:01:09,816.24
2679,0004,BANCO DO BRASIL,JULIA,DEPOSITO,2022-02-26T21:43:28,397.49
1488,0007,SANTANDER,LUCAS,SAQUE,2022-02-27T06:37:08,3827.63
2424,0005,BANCO DO BRASIL,ANA,DEPOSITO,2022-02-14T13:06:49,4794.85
4657,0003,ITAU,FELIPE,SAQUE,2022-02-06T10:19:23,4357.29
4582,0008,ITAU,BRUNA,SAQUE,2022-02-01T05:26:09,252.84
2679,0004,BANCO DO BRASIL,JULIA,DEPOSITO,2022-02-12T14:39:26,1395.89
5506,0002,ITAU,MARIA,SAQUE,2022-02-19T03:27:58,2797.68
1488,0007,SANTANDER,LUCAS,DEPOSITO,2022-02-05T07:38:51,937.25
5506,0002,ITAU,MARIA,DEPOSITO,2022-02-25T21:17:03,1007.36
4582,0008,ITAU,BRUNA,SAQUE,2022-02-16T11:12:43,4308.78
4657,0003,ITAU,FELIPE,SAQUE,2022-02-08T22:52:43,2487.1
9279,0009,BANCO DO BRASIL,MARCOS,DEPOSITO,2022-02-03T13:35:58,4937.4
9279,0009,BANCO DO BRASIL,MARCOS,SAQUE,2022-02-07T08:14:22,754.71
7912,0006,SANTANDER,CARLOS,SAQUE,2022-02-05T07:45:18,334.86
5506,0002,ITAU,MARIA,DEPOSITO,2022-02-03T06:37:55,3236.6
9279,0009,BANCO DO BRASIL,MARCOS,DEPOSITO,2022-02-09T22:19:21,1586.69
1488,0007,SANTANDER,LUCAS,DEPOSITO,2022-02-15T05:20:46,642.61
5506,0002,ITAU,MARIA,SAQUE,2022-02-04T01:40:37,3782.24
5506,0002,ITAU,MARIA,SAQUE,2022-02-15T13:21:09,4190.51
1488,0007,SANTANDER,LUCAS,SAQUE,2022-02-16T06:23:13,3761.69
1434,0010,BANCO DO BRASIL,PAULA,DEPOSITO,2022-02-08T09:33:10,2832.1
1434,0010,BANCO DO BRASIL,PAULA,DEPOSITO,2022-02-10T10:27:59,4510.26
9279,0009,BANCO DO BRASIL,MARCOS,SAQUE,2022-02-09T00:50:33,2194.35
2824,0001,SANTANDER,JOAO,SAQUE,2022-02-04T09:40:35,3356.8
9279,0009,BANCO DO BRASIL,MARCOS,SAQUE,2022-02-15T01:05:30,469.16
5506,0002,ITAU,MARIA,SAQUE,2022-02-20T19:58:38,3565.0
7912,0006,SANTANDER,CARLOS,SAQUE,2022-02-23T00:30:08,4316.43
9279,0009,BANCO DO BRASIL,MARCOS,DEPOSITO,2022-02-22T02:07:58,4246.12
4582,0008,ITAU,BRUNA,SAQUE,2022-02-02T14:27:18,3929.49
4582,0008,ITAU,BRUNA,DEPOSITO,2022-02-17T06:53:10,1004.27
5506,0002,ITAU,MARIA,SAQUE,2022-02-07T05:34:42,2971.21
4657,0003,ITAU,FELIPE,DEPOSITO,2022-02-03T19:10:06,1922.68
5506,0002,ITAU,MARIA,SAQUE,2022-02-17T21:04:51,3025.93
1488,0007,SANTANDER,LUCAS,SAQUE,2022-02-20T11:22:31,864.92
4657,0003,ITAU,FELIPE,SAQUE,2022-02-02T21:48:20,4441.0
2824,0001,SANTANDER,JOAO,DEPOSITO,2022-02-06T08:13:23,1353.54
4582,0008,ITAU,BRUNA,SAQUE,2022-02-15T11:00:43,4145.9
5506,0002,ITAU,MARIA,SAQUE,2022-02-21T03:04:53,2076.07
9279,0009,BANCO DO BRASIL,MARCOS,DEPOSITO,2022-02-16T13:16:32,3941.5
1434,0010,BANCO DO BRASIL,PAULA,DEPOSITO,2022-02-17T02:00:04,4322.93
2424,0005,BANCO DO BRASIL,ANA,DEPOSITO,2022-02-23T15:58:59,3894.03
9279,0009,BANCO DO BRASIL,MARCOS,DEPOSITO,2022-02-13T08:46:23,4575.14
5506,0002,ITAU,MARIA,DEPOSITO,2022-02-24T05:44:41,1996.66
2824,0001,SANTANDER,JOAO,DEPOSITO,2022-02-21T10:04:55,1067.24
1488,0007,SANTANDER,LUCAS,DEPOSITO,2022-02-13T08:38:23,1949.99
2424,0005,BANCO DO BRASIL,ANA,DEPOSITO,2022-02-18T13:54:23,4640.55
1488,0007,SANTANDER,LUCAS,SAQUE,2022-02-03T19:43:48,4250.68
2679,0004,BANCO DO BRASIL,JULIA,SAQUE,2022-02-16T08:47:13,2076.43
1488,0007,SANTANDER,LUCAS,DEPOSITO,2022-02-03T18:41:28,4876.77
7912,0006,SANTANDER,CARLOS,DEPOSITO,2022-02-20T19:48:23,1642.77
2824,0001,SANTANDER,JOAO,SAQUE,2022-02-24T11:05:17,1273.14
4657,0003,ITAU,FELIPE,DEPOSITO,2022-02-19T10:57:33,2888.82
2424,0005,BANCO DO BRASIL,ANA,DEPOSITO,2022-02-16T08:35:30,4994.69
2679,0004,BANCO DO BRASIL,JULIA,DEPOSITO,2022-02-06T20:25:57,4013.63
4657,0003,ITAU,FELIPE,DEPOSITO,2022-02-22T19:29:41,4527.48
1488,0007,SANTANDER,LUCAS,SAQUE,2022-02-07T04:59:38,1806.64
1434,0010,BANCO DO BRASIL,PAULA,DEPOSITO,2022-02-10T10:24:23,581.97
5506,0002,ITAU,MARIA,SAQUE,2022-02-14T06:37:36,2886.77
2679,0004,BANCO DO BRASIL,JULIA,DEPOSITO,2022-02-03T22:50:27,2815.66
2679,0004,BANCO DO BRASIL,JULIA,SAQUE,2022-02-23T14:34:27,2843.27
1434,0010,BANCO DO BRASIL,PAULA,DEPOSITO,2022-02-11T07:43:40,3280.64
7912,0006,SANTANDER,CARLOS,SAQUE,2022-02-06T04:14:14,591.08
7912,0006,SANTANDER,CARLOS,DEPOSITO,2022-02-05T16:09:34,2913.36
1434,0010,BANCO DO BRASIL,PAULA,DEPOSITO,2022-02-17T08:06:33,1860.22
4657,0003,ITAU,FELIPE,SAQUE,2022-02-17T08:25:01,356.55
7912,0006,SANTANDER,CARLOS,SAQUE,2022-02-28T09:15:38,2593.21
1488,0007,SANTANDER,LUCAS,SAQUE,2022-02-15T08:00:46,4971.03
2424,0005,BANCO DO BRASIL,ANA,DEPOSITO,2022-02-08T02:22:40,539.17
1434,0010,BANCO DO BRASIL,PAULA,SAQUE,2022-02-14T00:06:47,3877.81
4582,0008,ITAU,BRUNA,SAQUE,2022-02-18T21:41:00,327.43
5506,0002,ITAU,MARIA,SAQUE,2022-02-04T07:49:59,2979.23
9279,0009,BANCO DO BRASIL,MARCOS,SAQUE,2022-02-06T07:57:16,1345.7
9279,0009,BANCO DO BRASIL,MARCOS,DEPOSITO,2022-02-27T15:23:54,2420.3
2424,0005,BANCO DO BRASIL,ANA,SAQUE,2022-02-16T21:46:32,1243.39
2424,0005,BANCO DO BRASIL,ANA,SAQUE,2022-02-16T08:14:23,501.65
4582,0008,ITAU,BRUNA,DEPOSITO,2022-02-07T09:51:26,2890.75
9279,0009,BANCO DO BRASIL,MARCOS,DEPOSITO,2022-02-08T12:21:04,957.59
2424,0005,BANCO DO BRASIL,ANA,DEPOSITO,2022-02-10T03:57:01,4285.3
2424,0005,BANCO DO BRASIL,ANA,DEPOSITO,2022-02-04T20:35:26,1855.66
5506,0002,ITAU,MARIA,DEPOSITO,2022-02-24T23:06:48,3006.47
1434,0010,BANCO DO BRASIL,PAULA,SAQUE,2022-02-03T21:41:03,754.27
4582,0008,ITAU,BRUNA,DEPOSITO,2022-02-09T00:32:19,4604.89
2824,0001,SANTANDER,JOAO,DEPOSITO,2022-02-06T07:34:58,3531.75
4657,0003,ITAU,FELIPE,SAQUE,2022-02-06T03:50:57,2879.11
7912,0006,SANTANDER,CARLOS,SAQUE,2022-02-01T22:13:40,1469.55
9279,0009,BANCO DO BRASIL,MARCOS,SAQUE,2022-02-09T08:11:29,1640.59
1434,0010,BANCO DO BRASIL,PAULA,SAQUE,2022-02-01T15:39:51,3031.37
9279,0009,BANCO DO BRASIL,MARCOS,DEPOSITO,2022-02-15T00:12:36,3744.46
2424,0005,BANCO DO BRASIL,ANA,DEPOSITO,2022-02-08T11:23:11,1737.07
5506,0002,ITAU,MARIA,SAQUE,2022-02-04T03:01:13,2402.63
5506,0002,ITAU,MARIA,DEPOSITO,2022-02-22T20:25:21,1579.65
1434,0010,BANCO DO BRASIL,PAULA,SAQUE,2022-02-07T13:32:33,3230.55
9279,0009,BANCO DO BRASIL,MARCOS,SAQUE,2022-02-04T16:51:32,524.93
7912,0006,SANTANDER,CARLOS,SAQUE,2022-02-15T18:58:58,153.51
1488,0007,SANTANDER,LUCAS,DEPOSITO,2022-02-10T01:23:05,2234.42
5506,0002,ITAU,MARIA,DEPOSITO,2022-02-09T14:52:35,4986.42
2424,0005,BANCO DO BRASIL,ANA,SAQUE,2022-02-02T10:12:09,1681.71
7912,0006,SANTANDER,CARLOS,DEPOSITO,2022-02-18T08:00:53,3632.6
4582,0008,ITAU,BRUNA,DEPOSITO,2022-02-18T08:05:46,649.79
9279,0009,BANCO DO BRASIL,MARCOS,DEPOSITO,2022-02-27T07:10:19,4193.95
7912,0006,SANTANDER,CARLOS,SAQUE,2022-02-15T11:30:02,3001.48
2824,0001,SANTANDER,JOAO,SAQUE,2022-02-13T04:13:27,115.97
2679,0004,BANCO DO BRASIL,JULIA,DEPOSITO,2022-02-23T07:12:17,170.45
1434,0010,BANCO DO BRASIL,PAULA,DEPOSITO,2022-02-27T01:52:52,2192.44
4582,0008,ITAU,BRUNA,DEPOSITO,2022-02-08T22:04:37,1543.85
4582,0008,ITAU,BRUNA,DEPOSITO,2022-02-09T21:20:25,1332.96
2679,0004,BANCO DO BRASIL,JULIA,SAQUE,2022-02-13T02:40:38,175.02
1488,0007,SANTANDER,LUCAS,DEPOSITO,2022-02-23T08:39:06,4882.64
4582,0008,ITAU,BRUNA,SAQUE,2022-02-02T19:09:28,1703.03
1488,0007,SANTANDER,LUCAS,SAQUE,2022-02-20T12:15:02,3783.99
9279,0009,BANCO DO BRASIL,MARCOS,SAQUE,2022-02-05T03:39:33,1313.78
4657,0003,ITAU,FELIPE,DEPOSITO,2022-02-19T19:25:37,520.79
5506,0002,ITAU,MARIA,DEPOSITO,2022-02-12T02:37:04,2171.34
4657,0003,ITAU,FELIPE,SAQUE,2022-02-02T08:23:34,393.13
7912,0006,SANTANDER,CARLOS,DEPOSITO,2022-02-13T22:33:32,3370.8
9279,0009,BANCO DO BRASIL,MARCOS,DEPOSITO,2022-02-04T16:22:08,3438.65
4582,0008,ITAU,BRUNA,SAQUE,2022-02-10T02:18:14,551.25
5506,0002,ITAU,MARIA,SAQUE,2022-02-11T23:48:00,1165.8
7912,0006,SANTANDER,CARLOS,DEPOSITO,2022-02-14T00:37:05,1263.52
2824,0001,SANTANDER,JOAO,DEPOSITO,2022-02-10T02:41:44,3224.69
7912,0006,SANTANDER,CARLOS,DEPOSITO,2022-02-11T05:23:40,2304.4
2679,0004,BANCO DO BRASIL,JULIA,SAQUE,2022-02-27T23:01:39,4229.89
1434,0010,BANCO DO BRASIL,PAULA,DEPOSITO,2022-02-11T10:29:43,476.16
2424,0005,BANCO DO BRASIL,ANA,DEPOSITO,2022-02-01T14:24:17,3934.89
7912,0006,SANTANDER,CARLOS,DEPOSITO,2022-02-15T21:05:36,2235.12
5506,0002,ITAU,MARIA,SAQUE,2022-02-05T05:38:43,1321.25
7912,0006,SANTANDER,CARLOS,DEPOSITO,2022-02-01T14:23:50,1512.53
1488,0007,SANTANDER,LUCAS,DEPOSITO,2022-02-15T11:23:06,4073.87
4582,0008,ITAU,BRUNA,SAQUE,2022-02-08T13:19:21,3849.54
4657,0003,ITAU,FELIPE,SAQUE,2022-02-01T10:51:27,690.1
2824,0001,SANTANDER,JOAO,DEPOSITO,2022-02-18T08:53:30,965.64
2424,0005,BANCO DO BRASIL,ANA,DEPOSITO,2022-02-03T16:25:03,858.8
7912,0006,SANTANDER,CARLOS,DEPOSITO,2022-02-02T15:26:02,13.43
1488,0007,SANTANDER,LUCAS,SAQUE,2022-02-01T01:24:36,4561.71
7912,0006,SANTANDER,CARLOS,SAQUE,2022-02-26T07:26:36,3171.5
5506,0002,ITAU,MARIA,SAQUE,2022-02-06T21:29:11,3339.45
2679,0004,BANCO DO BRASIL,JULIA,DEPOSITO,2022-02-03T03:09:10,4876.79
9279,0009,BANCO DO BRASIL,MARCOS,DEPOSITO,2022-02-21T01:04:04,948.12
1434,0010,BANCO DO BRASIL,PAULA,SAQUE,2022-02-25T20:11:00,288.74
5506,0002,ITAU,MARIA,DEPOSITO,2022-02-23T11:05:53,2905.84
5506,0002,ITAU,MARIA,DEPOSITO,2022-02-19T06:40:50,4813.15
2824,0001,SANTANDER,JOAO,SAQUE,2022-02-14T08:30:30,4083.07
2679,0004,BANCO DO BRASIL,JULIA,DEPOSITO,2022-02-02T12:34:05,4964.4
2824,0001,SANTANDER,JOAO,DEPOSITO,2022-02-21T21:20:44,979.08
5506,0002,ITAU,MARIA,SAQUE,2022-02-22T05:46:55,1710.22
1434,0010,BANCO DO BRASIL,PAULA,DEPOSITO,2022-02-15T17:15:18,3081.75
1488,0007,SANTANDER,LUCAS,SAQUE,2022-02-12T18:21:41,2393.85
2824,0001,SANTANDER,JOAO,SAQUE,2022-02-13T17:03:29,401.67
9279,0009,BANCO DO BRASIL,MARCOS,DEPOSITO,2022-02-19T23:10:01,4537.62
1434,0010,BANCO DO BRASIL,PAULA,DEPOSITO,2022-02-21T10:02:29,4820.12
1488,0007,SANTANDER,LUCAS,DEPOSITO,2022-02-12T09:47:41,403.36
4582,0008,ITAU,BRUNA,DEPOSITO,2022-02-11T12:52:30,3399.62
1434,0010,BANCO DO BRASIL,PAULA,SAQUE,2022-02-02T08:21:45,3274.06
5506,0002,ITAU,MARIA,SAQUE,2022-02-14T04:23:08,1990.13
4582,0008,ITAU,BRUNA,DEPOSITO,2022-02-28T15:59:30,2076.56
7912,0006,SANTANDER,CARLOS,SAQUE,2022-02-22T16:52:46,730.47
7912,0006,SANTANDER,CARLOS,SAQUE,2022-02-21T07:12:54,4503.29
2679,0004,BANCO DO BRASIL,JULIA,DEPOSITO,2022-02-09T13:33:44,3033.2
4657,0003,ITAU,FELIPE,SAQUE,2022-02-05T06:44:31,4961.53
1488,0007,SANTANDER,LUCAS,SAQUE,2022-02-19T20:40:38,341.48
2679,0004,BANCO DO BRASIL,JULIA,DEPOSITO,2022-02-28T13:39:11,3211.15
7912,0006,SANTANDER,CARLOS,SAQUE,2022-02-19T13:13:16,1419.6
2679,0004,BANCO DO BRASIL,JULIA,SAQUE,2022-02-20T00:40:15,2656.7
1434,0010,BANCO DO BRASIL,PAULA,SAQUE,2022-02-20T06:06:35,4576.48
9279,0009,BANCO DO BRASIL,MARCOS,SAQUE,2022-02-03T10:44:45,4633.89
1434,0010,BANCO DO BRASIL,PAULA,DEPOSITO,2022-02-18T10:00:45,4570.76
5506,0002,ITAU,MARIA,SAQUE,2022-02-17T08:21:32,4383.2
2679,0004,BANCO DO BRASIL,JULIA,SAQUE,2022-02-12T07:00:19,115.85
2824,0001,SANTANDER,JOAO,SAQUE,2022-02-03T00:49:26,1584.82
5506,0002,ITAU,MARIA,DEPOSITO,2022-02-04T20:07:11,3723.94
7912,0006,SANTANDER,CARLOS,DEPOSITO,2022-02-06T05:52:09,3604.86
4582,0008,ITAU,BRUNA,DEPOSITO,2022-02-18T00:06:13,2625.66
4582,0008,ITAU,BRUNA,SAQUE,2022-02-05T01:39:16,1423.5
7912,0006,SANTANDER,CARLOS,SAQUE,2022-02-17T04:03:11,3897.8
1434,0010,BANCO DO BRASIL,PAULA,DEPOSITO,2022-02-09T07:04:45,2613.4
9279,0009,BANCO DO BRASIL,MARCOS,DEPOSITO,2022-02-12T01:20:07,957.83
1434,0010,BANCO DO BRASIL,PAULA,DEPOSITO,2022-02-14T01:51:14,1151.33
4582,0008,ITAU,BRUNA,DEPOSITO,2022-02-02T18:00:20,3991.71
1434,0010,BANCO DO BRASIL,PAULA,DEPOSITO,2022-02-05T15:52:00,1279.88
1434,0010,BANCO DO BRASIL,PAULA,DEPOSITO,2022-02-14T06:54:45,3471.69
4657,0003,ITAU,FELIPE,DEPOSITO,2022-02-06T05:56:39,2897.64
2824,0001,SANTANDER,JOAO,DEPOSITO,2022-02-23T12:19:13,3861.46
7912,0006,SANTANDER,CARLOS,DEPOSITO,2022-02-03T11:29:00,639.09
2424,0005,BANCO DO BRASIL,ANA,SAQUE,2022-02-09T06:16:43,437.37
1434,0010,BANCO DO BRASIL,PAULA,DEPOSITO,2022-02-01T16:46:40,2893.34
2679,0004,BANCO DO BRASIL,JULIA,SAQUE,2022-02-22T13:33:53,432.39
1434,0010,BANCO DO BRASIL,PAULA,SAQUE,2022-02-13T22:12:38,904.37
2824,0001,SANTANDER,JOAO,SAQUE,2022-02-27T06:07:36,4685.22
1488,0007,SANTANDER,LUCAS,DEPOSITO,2022-02-15T11:48:33,2168.47
1488,0007,SANTANDER,LUCAS,DEPOSITO,2022-02-22T10:32:59,674.83
4582,0008,ITAU,BRUNA,DEPOSITO,2022-02-08T13:13:21,2634.78
2824,0001,SANTANDER,JOAO,SAQUE,2022-02-14T06:48:27,2680.94
2824,0001,SANTANDER,JOAO,DEPOSITO,2022-02-16T23:15:21,3576.64
4582,0008,ITAU,BRUNA,DEPOSITO,2022-02-12T22:05:40,4871.23
4657,0003,ITAU,FELIPE,SAQUE,2022-02-26T11:04:39,4158.64
7912,0006,SANTANDER,CARLOS,DEPOSITO,2022-02-19T02:36:15,1692.53
2679,0004,BANCO DO BRASIL,JULIA,SAQUE,2022-02-27T10:14:06,2340.91
5506,0002,ITAU,MARIA,SAQUE,2022-02-28T18:00:30,1849.03
2424,0005,BANCO DO BRASIL,ANA,SAQUE,2022-02-02T07:51:33,1711.31
2424,0005,BANCO DO BRASIL,ANA,DEPOSITO,2022-02-03T04:28:01,1814.05
2424,0005,BANCO DO BRASIL,ANA,SAQUE,2022-02-26T01:54:51,4740.83
2679,0004,BANCO DO BRASIL,JULIA,DEPOSITO,2022-02-20T23:53:43,3766.96
1488,0007,SANTANDER,LUCAS,SAQUE,2022-02-15T05:49:34,603.96
2679,0004,BANCO DO BRASIL,JULIA,SAQUE,2022-02-05T11:29:55,1457.1
4657,0003,ITAU,FELIPE,SAQUE,2022-02-28T22:09:59,2698.13
4657,0003,ITAU,FELIPE,SAQUE,2022-02-13T04:45:49,2403.06
1488,0007,SANTANDER,LUCAS,SAQUE,2022-02-13T01:36:31,4173.3
7912,0006,SANTANDER,CARLOS,DEPOSITO,2022-02-03T14:52:40,1740.84
1434,0010,BANCO DO BRASIL,PAULA,DEPOSITO,2022-02-16T05:21:01,80.89
1434,0010,BANCO DO BRASIL,PAULA,DEPOSITO,2022-02-13T00:22:42,2191.95
2824,0001,SANTANDER,JOAO,SAQUE,2022-02-28T21:24:09,4082.58
2679,0004,BANCO DO BRASIL,JULIA,DEPOSITO,2022-02-02T05:41:33,249.1
2679,0004,BANCO DO BRASIL,JULIA,DEPOSITO,2022-02-06T00:15:31,2487.22
2424,0005,BANCO DO BRASIL,ANA,SAQUE,2022-02-07T18:16:19,3534.64
1434,0010,BANCO DO BRASIL,PAULA,SAQUE,2022-02-12T13:59:44,4952.76
1434,0010,BANCO DO BRASIL,PAULA,SAQUE,2022-02-05T00:15:16,4540.29
2679,0004,BANCO DO BRASIL,JULIA,SAQUE,2022-02-10T05:48:13,550.69
2824,0001,SANTANDER,JOAO,DEPOSITO,2022-02-05T20:23:01,3827.27
5506,0002,ITAU,MARIA,SAQUE,2022-02-28T00:20:42,4994.12
1434,0010,BANCO DO BRASIL,PAULA,SAQUE,2022-02-06T03:53:05,579.76
7912,0006,SANTANDER,CARLOS,SAQUE,2022-02-26T13:46:41,1912.43
4582,0008,ITAU,BRUNA,DEPOSITO,2022-02-06T23:21:29,205.32
2424,0005,BANCO DO BRASIL,ANA,SAQUE,2022-02-04T10:00:29,4173.94
2679,0004,BANCO DO BRASIL,JULIA,SAQUE,2022-02-14T13:37:57,1302.65
2824,0001,SANTANDER,JOAO,SAQUE,2022-02-12T15:56:02,2101.21
5506,0002,ITAU,MARIA,SAQUE,2022-02-17T20:03:47,4912.07
7912,0006,SANTANDER,CARLOS,SAQUE,2022-02-05T19:21:14,3316.46
1488,0007,SANTANDER,LUCAS,SAQUE,2022-02-26T01:50:18,1576.93
1488,0007,SANTANDER,LUCAS,SAQUE,2022-02-04T01:59:37,3088.48
1488,0007,SANTANDER,LUCAS,SAQUE,2022-02-25T17:37:14,840.26
5506,0002,ITAU,MARIA,DEPOSITO,2022-02-07T15:12:58,3577.17
1434,0010,BANCO DO BRASIL,PAULA,SAQUE,2022-02-06T15:08:32,4944.34
1488,0007,SANTANDER,LUCAS,DEPOSITO,2022-02-28T17:45:22,634.93
7912,0006,SANTANDER,CARLOS,SAQUE,2022-02-03T10:25:12,2925.05
1488,0007,SANTANDER,LUCAS,SAQUE,2022-02-06T10:20:33,385.47
4657,0003,ITAU,FELIPE,SAQUE,2022-02-07T02:13:13,3803.8
2424,0005,BANCO DO BRASIL,ANA,DEPOSITO,2022-02-21T20:49:12,148.8
9279,0009,BANCO DO BRASIL,MARCOS,DEPOSITO,2022-02-03T04:59:36,815.47
9279,0009,BANCO DO BRASIL,MARCOS,SAQUE,2022-02-11T16:34:02,67.01
4582,0008,ITAU,BRUNA,DEPOSITO,2022-02-19T20:28:26,2621.56
4657,0003,ITAU,FELIPE,DEPOSITO,2022-02-09T17:34:54,223.3
4657,0003,ITAU,FELIPE,DEPOSITO,2022-02-20T20:14:57,2227.79
4582,0008,ITAU,BRUNA,DEPOSITO,2022-02-20T21:32:43,621.87
2679,0004,BANCO DO BRASIL,JULIA,SAQUE,2022-02-05T06:51:00,191.32
4657,0003,ITAU,FELIPE,SAQUE,2022-02-07T22:19:11,1643.7
2679,0004,BANCO DO BRASIL,JULIA,DEPOSITO,2022-02-28T12:41:55,1708.93
2679,0004,BANCO DO BRASIL,JULIA,SAQUE,2022-02-28T02:52:49,3071.01
2424,0005,BANCO DO BRASIL,ANA,SAQUE,2022-02-05T02:23:35,3255.66
2824,0001,SANTANDER,JOAO,SAQUE,2022-02-01T22:48:02,1643.61
7912,0006,SANTANDER,CARLOS,DEPOSITO,2022-02-24T01:31:00,1699.72
4582,0008,ITAU,BRUNA,DEPOSITO,2022-02-08T15:22:38,3220.89
4582,0008,ITAU,BRUNA,DEPOSITO,2022-02-09T23:22:50,310.39
2824,0001,SANTANDER,JOAO,DEPOSITO,2022-02-22T11:31:52,3414.38
2679,0004,BANCO DO BRASIL,JULIA,SAQUE,2022-02-05T12:56:50,4029.02
1488,0007,SANTANDER,LUCAS,DEPOSITO,2022-02-02T19:06:44,1017.93
2679,0004,BANCO DO BRASIL,JULIA,SAQUE,2022-02-03T21:19:09,3110.71
2424,0005,BANCO DO BRASIL,ANA,SAQUE,2022-02-27T15:40:44,1838.02
2424,0005,BANCO DO BRASIL,ANA,SAQUE,2022-02-23T06:21:26,2493.16
5506,0002,ITAU,MARIA,SAQUE,2022-02-26T11:36:58,3018.5
9279,0009,BANCO DO BRASIL,MARCOS,SAQUE,2022-02-28T07:51:00,3788.86
4582,0008,ITAU,BRUNA,DEPOSITO,2022-02-03T07:34:07,4910.09
9279,0009,BANCO DO BRASIL,MARCOS,SAQUE,2022-02-15T13:42:25,4152.46
2424,0005,BANCO DO BRASIL,ANA,SAQUE,2022-02-22T20:36:09,2515.29
2424,0005,BANCO DO BRASIL,ANA,SAQUE,2022-02-25T14:36:55,1121.31
2824,0001,SANTANDER,JOAO,DEPOSITO,2022-02-20T08:09:57,4143.26
9279,0009,BANCO DO BRASIL,MARCOS,DEPOSITO,2022-02-11T03:13:01,4616.03
2424,0005,BANCO DO BRASIL,ANA,DEPOSITO,2022-02-27T15:04:56,1649.33
1488,0007,SANTANDER,LUCAS,SAQUE,2022-02-10T08:43:08,4770.66
5506,0002,ITAU,MARIA,SAQUE,2022-02-09T23:40:25,1157.8
2424,0005,BANCO DO BRASIL,ANA,SAQUE,2022-02-15T21:11:42,3389.18
1488,0007,SANTANDER,LUCAS,SAQUE,2022-02-20T12:02:15,203.52
4582,0008,ITAU,BRUNA,SAQUE,2022-02-18T17:59:54,4736.58
7912,0006,SANTANDER,CARLOS,DEPOSITO,2022-02-02T15:21:01,1292.09
9279,0009,BANCO DO BRASIL,MARCOS,SAQUE,2022-02-23T19:34:05,4879.98
2824,0001,SANTANDER,JOAO,SAQUE,2022-02-20T15:38:58,2908.67
4582,0008,ITAU,BRUNA,DEPOSITO,2022-02-19T10:22:19,4576.26
9279,0009,BANCO DO BRASIL,MARCOS,SAQUE,2022-02-04T20:13:00,4904.45
2824,0001,SANTANDER,JOAO,DEPOSITO,2022-02-15T20:55:22,2545.15
2679,0004,BANCO DO BRASIL,JULIA,DEPOSITO,2022-02-21T08:58:29,2745.69
2679,0004,BANCO DO BRASIL,JULIA,DEPOSITO,2022-02-08T03:54:47,3945.33
7912,0006,SANTANDER,CARLOS,SAQUE,2022-02-28T09:18:15,569.92
5506,0002,ITAU,MARIA,SAQUE,2022-02-17T08:26:41,1374.09
4582,0008,ITAU,BRUNA,DEPOSITO,2022-02-01T14:49:34,245.74
9279,0009,BANCO DO BRASIL,MARCOS,DEPOSITO,2022-02-06T06:38:19,4946.95
2424,0005,BANCO DO BRASIL,ANA,DEPOSITO,2022-02-23T20:02:12,2248.9
9279,0009,BANCO DO BRASIL,MARCOS,DEPOSITO,2022-02-09T04:40:13,1848.79
2679,0004,BANCO DO BRASIL,JULIA,SAQUE,2022-02-14T21:01:45,1283.85
4582,0008,ITAU,BRUNA,SAQUE,2022-02-01T00:50:07,3348.02
2824,0001,SANTANDER,JOAO,DEPOSITO,2022-02-23T01:30:30,2456.6
5506,0002,ITAU,MARIA,SAQUE,2022-02-02T08:28:26,2405.03
4582,0008,ITAU,BRUNA,DEPOSITO,2022-02-04T04:07:08,3864.28
2424,0005,BANCO DO BRASIL,ANA,SAQUE,2022-02-13T02:55:06,302.65
1488,0007,SANTANDER,LUCAS,DEPOSITO,2022-02-09T17:30:02,140.05
2824,0001,SANTANDER,JOAO,SAQUE,2022-02-20T04:30:54,4922.38
4582,0008,ITAU,BRUNA,SAQUE,2022-02-02T13:22:52,297.33
4582,0008,ITAU,BRUNA,DEPOSITO,2022-02-09T10:57:38,3538.84
4657,0003,ITAU,FELIPE,DEPOSITO,2022-02-13T07:30:12,1313.9
2824,0001,SANTANDER,JOAO,DEPOSITO,2022-02-11T04:11:34,4208.07
2824,0001,SANTANDER,JOAO,SAQUE,2022-02-10T22:10:12,1514.08
2679,0004,BANCO DO BRASIL,JULIA,SAQUE,2022-02-23T03:51:37,2434.93
7912,0006,SANTANDER,CARLOS,DEPOSITO,2022-02-07T21:09:39,4511.41
2424,0005,BANCO DO BRASIL,ANA,SAQUE,2022-02-23T13:22:02,3253.02
7912,0006,SANTANDER,CARLOS,SAQUE,2022-02-23T16:45:26,1144.73
2679,0004,BANCO DO BRASIL,JULIA,SAQUE,2022-02-14T20:12:31,3101.38
4582,0008,ITAU,BRUNA,SAQUE,2022-02-21T00:49:15,4281.83
9279,0009,BANCO DO BRASIL,MARCOS,SAQUE,2022-02-19T12:40:36,2653.89
9279,0009,BANCO DO BRASIL,MARCOS,SAQUE,2022-02-23T20:43:47,4685.27
5506,0002,ITAU,MARIA,DEPOSITO,2022-02-26T14:08:01,3472.64
4657,0003,ITAU,FELIPE,SAQUE,2022-02-23T21:49:51,620.82
7912,0006,SANTANDER,CARLOS,DEPOSITO,2022-02-04T23:16:06,3845.55
7912,0006,SANTANDER,CARLOS,SAQUE,2022-02-09T22:13:22,2607.83
1488,0007,SANTANDER,LUCAS,DEPOSITO,2022-02-19T16:55:30,361.12
7912,0006,SANTANDER,CARLOS,SAQUE,2022-02-13T06:39:52,1602.23
2424,0005,BANCO DO BRASIL,ANA,SAQUE,2022-02-19T12:34:33,1943.9
4582,0008,ITAU,BRUNA,SAQUE,2022-02-18T16:11:20,162.87
2424,0005,BANCO DO BRASIL,ANA,SAQUE,2022-02-14T20:01:38,1138.18
1488,0007,SANTANDER,LUCAS,DEPOSITO,2022-02-04T20:50:44,1766.4
7912,0006,SANTANDER,CARLOS,SAQUE,2022-02-22T10:13:45,2736.3
5506,0002,ITAU,MARIA,DEPOSITO,2022-02-23T14:34:12,4786.93
5506,0002,ITAU,MARIA,DEPOSITO,2022-02-14T20:05:45,3238.61
2824,0001,SANTANDER,JOAO,DEPOSITO,2022-02-20T00:58:59,800.0
2424,0005,BANCO DO BRASIL,ANA,SAQUE,2022-02-02T17:10:04,1093.27
7912,0006,SANTANDER,CARLOS,SAQUE,2022-02-05T22:24:16,839.46
1434,0010,BANCO DO BRASIL,PAULA,SAQUE,2022-02-21T14:48:19,327.57
4582,0008,ITAU,BRUNA,DEPOSITO,2022-02-08T22:59:18,171.78
2424,0005,BANCO DO BRASIL,ANA,SAQUE,2022-02-09T14:21:01,4896.6
1488,0007,SANTANDER,LUCAS,DEPOSITO,2022-02-01T09:07:06,4041.06
1488,0007,SANTANDER,LUCAS,DEPOSITO,2022-02-13T17:58:49,734.3
2824,0001,SANTANDER,JOAO,SAQUE,2022-02-12T13:55:30,639.84
2424,0005,BANCO DO BRASIL,ANA,DEPOSITO,2022-02-25T01:24:23,731.78
4582,0008,ITAU,BRUNA,SAQUE,2022-02-17T01:56:41,4361.71
2824,0001,SANTANDER,JOAO,DEPOSITO,2022-02-22T03:52:26,2177.66
4657,0003,ITAU,FELIPE,SAQUE,2022-02-23T05:41:21,914.21
4657,0003,ITAU,FELIPE,SAQUE,2022-02-22T05:55:35,228.03
1434,0010,BANCO DO BRASIL,PAULA,SAQUE,2022-02-08T19:49:24,448.23
1434,0010,BANCO DO BRASIL,PAULA,DEPOSITO,2022-02-09T11:51:06,1896.25
4582,0008,ITAU,BRUNA,SAQUE,2022-02-17T15:58:05,923.12
4657,0003,ITAU,FELIPE,SAQUE,2022-02-26T23:41:20,1433.38
5506,0002,ITAU,MARIA,SAQUE,2022-02-24T19:31:05,608.79
2824,0001,SANTANDER,JOAO,SAQUE,2022-02-26T14:51:30,1681.4
5506,0002,ITAU,MARIA,SAQUE,2022-02-11T12:37:10,2576.43
4657,0003,ITAU,FELIPE,SAQUE,2022-02-10T04:02:15,2852.59
2824,0001,SANTANDER,JOAO,DEPOSITO,2022-02-07T18:47:52,3632.85
4582,0008,ITAU,BRUNA,DEPOSITO,2022-02-18T15:19:28,4128.3
5506,0002,ITAU,MARIA,DEPOSITO,2022-02-21T05:43:10,4069.33
2824,0001,SANTANDER,JOAO,SAQUE,2022-02-11T19:09:57,3044.24
9279,0009,BANCO DO BRASIL,MARCOS,DEPOSITO,2022-02-21T22:32:51,2492.54
2679,0004,BANCO DO BRASIL,JULIA,SAQUE,2022-02-17T11:08:30,4609.46
4582,0008,ITAU,BRUNA,DEPOSITO,2022-02-05T00:01:34,4914.86
2824,0001,SANTANDER,JOAO,DEPOSITO,2022-02-10T18:43:22,4034.16
2424,0005,BANCO DO BRASIL,ANA,SAQUE,2022-02-02T05:01:42,247.33
1488,0007,SANTANDER,LUCAS,DEPOSITO,2022-02-19T14:41:35,2742.32
7912,0006,SANTANDER,CARLOS,DEPOSITO,2022-02-18T02:50:13,1331.04
2424,0005,BANCO DO BRASIL,ANA,DEPOSITO,2022-02-25T18:01:54,2190.86
2679,0004,BANCO DO BRASIL,JULIA,DEPOSITO,2022-02-14T02:38:20,425.2
1488,0007,SANTANDER,LUCAS,SAQUE,2022-02-25T16:28:08,4543.99
2424,0005,BANCO DO BRASIL,ANA,DEPOSITO,2022-02-04T02:33:14,2575.47
1488,0007,SANTANDER,LUCAS,SAQUE,2022-02-09T02:29:38,4949.77
4582,0008,ITAU,BRUNA,SAQUE,2022-02-26T07:52:18,3954.08
1488,0007,SANTANDER,LUCAS,DEPOSITO,2022-02-24T03:13:27,560.49
9279,0009,BANCO DO BRASIL,MARCOS,DEPOSITO,2022-02-26T17:26:41,1986.68
5506,0002,ITAU,MARIA,DEPOSITO,2022-02-26T02:57:54,3735.26
5506,0002,ITAU,MARIA,DEPOSITO,2022-02-23T20:32:28,681.38
1488,0007,SANTANDER,LUCAS,SAQUE,2022-02-13T09:09:01,1590.11
5506,0002,ITAU,MARIA,DEPOSITO,2022-02-27T09:23:37,1037.25
2424,0005,BANCO DO BRASIL,ANA,DEPOSITO,2022-02-05T09:24:01,816.84
2424,0005,BANCO DO BRASIL,ANA,DEPOSITO,2022-02-03T00:31:16,2758.62
2679,0004,BANCO DO BRASIL,JULIA,SAQUE,2022-02-22T11:16:49,4795.91
2824,0001,SANTANDER,JOAO,DEPOSITO,2022-02-12T14:11:01,338.58
2679,0004,BANCO DO BRASIL,JULIA,SAQUE,2022-02-17T00:28:18,1171.04
1434,0010,BANCO DO BRASIL,PAULA,SAQUE,2022-02-24T21:29:08,2715.2
4582,0008,ITAU,BRUNA,DEPOSITO,2022-02-21T19:37:22,1533.85
2679,0004,BANCO DO BRASIL,JULIA,SAQUE,2022-02-14T12:15:40,3047.12
2679,0004,BANCO DO BRASIL,JULIA,DEPOSITO,2022-02-17T02:14:35,4038.28
4657,0003,ITAU,FELIPE,DEPOSITO,2022-02-25T01:41:22,4348.38
4657,0003,ITAU,FELIPE,SAQUE,2022-02-11T09:51:42,2546.63
4657,0003,ITAU,FELIPE,DEPOSITO,2022-02-25T21:58:29,4068.4
1434,0010,BANCO DO BRASIL,PAULA,SAQUE,2022-02-12T05:55:52,4438.13
4582,0008,ITAU,BRUNA,DEPOSITO,2022-02-27T02:58:06,414.93
4582,0008,ITAU,BRUNA,SAQUE,2022-02-02T20:29:55,1853.97
7912,0006,SANTANDER,CARLOS,SAQUE,2022-02-14T08:07:54,4968.86
7912,0006,SANTANDER,CARLOS,SAQUE,2022-02-05T16:18:04,4242.03
2824,0001,SANTANDER,JOAO,SAQUE,2022-02-28T05:25:04,1696.71
1488,0007,SANTANDER,LUCAS,SAQUE,2022-02-17T05:20:28,1647.18
2424,0005,BANCO DO BRASIL,ANA,DEPOSITO,2022-02-08T23:00:56,3237.18
9279,0009,BANCO DO BRASIL,MARCOS,SAQUE,2022-02-23T03:18:44,3243.13
2679,0004,BANCO DO BRASIL,JULIA,SAQUE,2022-02-18T00:51:21,3681.79
2679,0004,BANCO DO BRASIL,JULIA,SAQUE,2022-02-03T23:17:38,3815.06
1488,0007,SANTANDER,LUCAS,SAQUE,2022-02-09T06:17:14,449.2
1488,0007,SANTANDER,LUCAS,SAQUE,2022-02-08T00:10:31,2533.87
1434,0010,BANCO DO BRASIL,PAULA,SAQUE,2022-02-28T23:21:32,3607.27
1488,0007,SANTANDER,LUCAS,DEPOSITO,2022-02-04T17:30:24,3611.93
7912,0006,SANTANDER,CARLOS,DEPOSITO,2022-02-28T22:45:30,1912.62
1434,0010,BANCO DO BRASIL,PAULA,SAQUE,2022-02-18T17:16:26,593.66
2679,0004,BANCO DO BRASIL,JULIA,DEPOSITO,2022-02-22T08:08:38,3967.71
7912,0006,SANTANDER,CARLOS,DEPOSITO,2022-02-10T19:03:57,2489.79
1488,0007,SANTANDER,LUCAS,SAQUE,2022-02-04T13:40:05,2360.24
4582,0008,ITAU,BRUNA,DEPOSITO,2022-02-17T08:38:05,4031.43
4582,0008,ITAU,BRUNA,SAQUE,2022-02-17T06:50:35,2098.52
1488,0007,SANTANDER,LUCAS,DEPOSITO,2022-02-19T07:34:11,3041.76
7912,0006,SANTANDER,CARLOS,SAQUE,2022-02-25T18:49:14,3807.14
2824,0001,SANTANDER,JOAO,DEPOSITO,2022-02-26T15:34:01,4373.69
9279,0009,BANCO DO BRASIL,MARCOS,SAQUE,2022-02-17T02:57:07,2607.72
2424,0005,BANCO DO BRASIL,ANA,SAQUE,2022-02-17T10:28:29,3155.99
2424,0005,BANCO DO BRASIL,ANA,SAQUE,2022-02-14T15:59:29,3828.72
1488,0007,SANTANDER,LUCAS,DEPOSITO,2022-02-28T22:13:13,2528.6
5506,0002,ITAU,MARIA,DEPOSITO,2022-02-12T15:05:13,1278.09
5506,0002,ITAU,MARIA,DEPOSITO,2022-02-11T18:54:41,1899.38
2424,0005,BANCO DO BRASIL,ANA,DEPOSITO,2022-02-09T18:56:04,235.53
7912,0006,SANTANDER,CARLOS,DEPOSITO,2022-02-27T20:25:57,2041.31
2679,0004,BANCO DO BRASIL,JULIA,SAQUE,2022-02-11T15:41:20,994.37
1488,0007,SANTANDER,LUCAS,SAQUE,2022-02-23T04:00:16,4248.66
1488,0007,SANTANDER,LUCAS,DEPOSITO,2022-02-04T06:29:55,2971.36
5506,0002,ITAU,MARIA,DEPOSITO,2022-02-22T19:36:19,3408.31
1434,0010,BANCO DO BRASIL,PAULA,DEPOSITO,2022-02-27T01:49:38,2742.15
2424,0005,BANCO DO BRASIL,ANA,SAQUE,2022-02-23T10:13:42,4368.49
2679,0004,BANCO DO BRASIL,JULIA,SAQUE,2022-02-05T22:00:19,1484.14
1488,0007,SANTANDER,LUCAS,DEPOSITO,2022-02-09T00:02:03,282.81
2424,0005,BANCO DO BRASIL,ANA,SAQUE,2022-02-16T23:48:36,4849.15
4582,0008,ITAU,BRUNA,DEPOSITO,2022-02-08T09:53:26,718.99
4657,0003,ITAU,FELIPE,DEPOSITO,2022-02-22T12:36:04,3598.69
4582,0008,ITAU,BRUNA,SAQUE,2022-02-22T20:07:07,3725.52
2679,0004,BANCO DO BRASIL,JULIA,DEPOSITO,2022-02-26T05:07:16,3026.54
1434,0010,BANCO DO BRASIL,PAULA,DEPOSITO,2022-02-02T14:59:09,4891.38
2679,0004,BANCO DO BRASIL,JULIA,SAQUE,2022-02-06T16:41:50,1214.21
4582,0008,ITAU,BRUNA,DEPOSITO,2022-02-27T15:31:55,1318.7
4657,0003,ITAU,FELIPE,DEPOSITO,2022-02-10T07:18:50,4796.5
2824,0001,SANTANDER,JOAO,DEPOSITO,2022-02-26T02:35:48,1647.69
7912,0006,SANTANDER,CARLOS,SAQUE,2022-02-03T00:08:59,902.2
1434,0010,BANCO DO BRASIL,PAULA,DEPOSITO,2022-02-04T00:42:05,4682.93
7912,0006,SANTANDER,CARLOS,DEPOSITO,2022-02-18T23:44:46,354.09
2679,0004,BANCO DO BRASIL,JULIA,DEPOSITO,2022-02-20T06:16:20,4507.39
2679,0004,BANCO DO BRASIL,JULIA,SAQUE,2022-02-12T19:27:11,3518.16
1434,0010,BANCO DO BRASIL,PAULA,SAQUE,2022-02-01T04:44:42,2356.62
2824,0001,SANTANDER,JOAO,DEPOSITO,2022-02-01T11:31:30,377.92
5506,0002,ITAU,MARIA,DEPOSITO,2022-02-08T23:31:06,295.46
9279,0009,BANCO DO BRASIL,MARCOS,SAQUE,2022-02-20T02:49:00,683.4
1434,0010,BANCO DO BRASIL,PAULA,SAQUE,2022-02-15T02:26:35,4896.5
9279,0009,BANCO DO BRASIL,MARCOS,SAQUE,2022-02-14T05:18:31,1415.96
2424,0005,BANCO DO BRASIL,ANA,SAQUE,2022-02-03T12:46:23,4718.91
9279,0009,BANCO DO BRASIL,MARCOS,DEPOSITO,2022-02-06T16:47:57,3197.17
5506,0002,ITAU,MARIA,SAQUE,2022-02-19T12:07:09,53.55
5506,0002,ITAU,MARIA,SAQUE,2022-02-05T22:31:52,4782.77
2679,0004,BANCO DO BRASIL,JULIA,SAQUE,2022-02-09T01:37:54,3040.7
5506,0002,ITAU,MARIA,SAQUE,2022-02-12T22:19:59,3052.68
4657,0003,ITAU,FELIPE,SAQUE,2022-02-24T08:19:35,4113.98
4657,0003,ITAU,FELIPE,SAQUE,2022-02-07T17:47:16,3430.7
2824,0001,SANTANDER,JOAO,DEPOSITO,2022-02-10T02:44:14,2762.94
5506,0002,ITAU,MARIA,DEPOSITO,2022-02-23T13:14:36,4418.85
4582,0008,ITAU,BRUNA,SAQUE,2022-02-21T03:35:22,1920.48
2679,0004,BANCO DO BRASIL,JULIA,SAQUE,2022-02-24T18:51:16,3361.37
4582,0008,ITAU,BRUNA,DEPOSITO,2022-02-12T22:31:37,3314.76
2824,0001,SANTANDER,JOAO,DEPOSITO,2022-02-23T11:59:41,435.27
2679,0004,BANCO DO BRASIL,JULIA,SAQUE,2022-02-11T20:12:33,1303.29
5506,0002,ITAU,MARIA,DEPOSITO,2022-02-15T15:50:20,2118.42
4657,0003,ITAU,FELIPE,SAQUE,2022-02-25T23:48:45,2798.73
2424,0005,BANCO DO BRASIL,ANA,SAQUE,2022-02-22T10:46:32,2762.89
9279,0009,BANCO DO BRASIL,MARCOS,SAQUE,2022-02-13T16:50:57,4225.03
7912,0006,SANTANDER,CARLOS,SAQUE,2022-02-27T16:24:26,2377.11
1488,0007,SANTANDER,LUCAS,SAQUE,2022-02-18T10:32:28,4419.05
7912,0006,SANTANDER,CARLOS,SAQUE,2022-02-26T11:27:25,3839.97
2824,0001,SANTANDER,JOAO,SAQUE,2022-02-25T09:12:41,4827.11
9279,0009,BANCO DO BRASIL,MARCOS,DEPOSITO,2022-02-01T23:46:06,4397.71
4657,0003,ITAU,FELIPE,SAQUE,2022-02-15T15:15:05,2566.3
4657,0003,ITAU,FELIPE,DEPOSITO,2022-02-03T15:03:29,4250.55
7912,0006,SANTANDER,CARLOS,SAQUE,2022-02-17T07:43:21,4614.27
4582,0008,ITAU,BRUNA,DEPOSITO,2022-02-08T09:26:56,4506.66
2679,0004,BANCO DO BRASIL,JULIA,SAQUE,2022-02-11T12:58:43,4702.75
2824,0001,SANTANDER,JOAO,DEPOSITO,2022-02-20T20:43:37,2712.06
2424,0005,BANCO DO BRASIL,ANA,SAQUE,2022-02-12T18:44:27,2880.88
7912,0006,SANTANDER,CARLOS,DEPOSITO,2022-02-09T15:36:44,3674.78
1488,0007,SANTANDER,LUCAS,DEPOSITO,2022-02-13T15:48:50,1029.25
4657,0003,ITAU,FELIPE,SAQUE,2022-02-17T07:10:35,2238.68
5506,0002,ITAU,MARIA,DEPOSITO,2022-02-05T17:19:10,2283.37
2424,0005,BANCO DO BRASIL,ANA,SAQUE,2022-02-23T09:00:17,390.56
4582,0008,ITAU,BRUNA,DEPOSITO,2022-02-03T14:01:18,4906.43
9279,0009,BANCO DO BRASIL,MARCOS,SAQUE,2022-02-04T14:34:21,1977.84
1488,0007,SANTANDER,LUCAS,SAQUE,2022-02-19T20:11:50,1232.56
2424,0005,BANCO DO BRASIL,ANA,SAQUE,2022-02-14T12:05:08,3644.72
2824,0001,SANTANDER,JOAO,DEPOSITO,2022-02-06T19:26:28,3875.36
1488,0007,SANTANDER,LUCAS,DEPOSITO,2022-02-13T20:46:41,2734.12
7912,0006,SANTANDER,CARLOS,SAQUE,2022-02-23T23:57:18,1240.46
4657,0003,ITAU,FELIPE,SAQUE,2022-02-07T16:08:05,2899.26
4657,0003,ITAU,FELIPE,DEPOSITO,2022-02-27T07:47:19,2045.05
4657,0003,ITAU,FELIPE,DEPOSITO,2022-02-20T23:28:56,4554.62
7912,0006,SANTANDER,CARLOS,DEPOSITO,2022-02-22T13:05:27,3121.43
7912,0006,SANTANDER,CARLOS,SAQUE,2022-02-21T09:24:14,4113.43
5506,0002,ITAU,MARIA,DEPOSITO,2022-02-07T01:15:52,1391.04
7912,0006,SANTANDER,CARLOS,DEPOSITO,2022-02-14T14:50:33,2779.43
7912,0006,SANTANDER,CARLOS,SAQUE,2022-02-02T10:46:54,647.56
9279,0009,BANCO DO BRASIL,MARCOS,SAQUE,2022-02-14T13:37:40,482.94
9279,0009,BANCO DO BRASIL,MARCOS,SAQUE,2022-02-24T18:26:09,1599.65
2424,0005,BANCO DO BRASIL,ANA,DEPOSITO,2022-02-12T01:36:50,1264.87
7912,0006,SANTANDER,CARLOS,DEPOSITO,2022-02-28T19:27:01,67.06
9279,0009,BANCO DO BRASIL,MARCOS,SAQUE,2022-02-22T10:12:29,325.01
4582,0008,ITAU,BRUNA,SAQUE,2022-02-15T01:59:20,23.04
1488,0007,SANTANDER,LUCAS,DEPOSITO,2022-02-23T22:23:25,511.72
4657,0003,ITAU,FELIPE,SAQUE,2022-02-01T14:03:48,2072.01
2824,0001,SANTANDER,JOAO,DEPOSITO,2022-02-02T02:36:29,724.85
1434,0010,BANCO DO BRASIL,PAULA,DEPOSITO,2022-02-27T05:49:04,2223.8
1434,0010,BANCO DO BRASIL,PAULA,DEPOSITO,2022-02-24T02:28:35,2815.65
4657,0003,ITAU,FELIPE,DEPOSITO,2022-02-20T11:18:24,16.33
7912,0006,SANTANDER,CARLOS,DEPOSITO,2022-02-27T20:53:39,1313.05
2424,0005,BANCO DO BRASIL,ANA,DEPOSITO,2022-02-26T02:18:56,4240.48
2679,0004,BANCO DO BRASIL,JULIA,SAQUE,2022-02-10T14:49:17,1896.64
2424,0005,BANCO DO BRASIL,ANA,DEPOSITO,2022-02-05T03:39:27,4994.04
7912,0006,SANTANDER,CARLOS,SAQUE,2022-02-03T01:44:41,4711.98
2679,0004,BANCO DO BRASIL,JULIA,DEPOSITO,2022-02-26T11:53:34,871.61
1434,0010,BANCO DO BRASIL,PAULA,SAQUE,2022-02-28T02:54:45,2767.83
2424,0005,BANCO DO BRASIL,ANA,DEPOSITO,2022-02-10T06:46:47,3838.36
2824,0001,SANTANDER,JOAO,SAQUE,2022-02-10T08:11:03,1534.34
4657,0003,ITAU,FELIPE,DEPOSITO,2022-02-21T12:05:00,1778.3
2824,0001,SANTANDER,JOAO,SAQUE,2022-02-17T06:31:41,2831.8
7912,0006,SANTANDER,CARLOS,DEPOSITO,2022-02-05T17:44:20,2196.45
1434,0010,BANCO DO BRASIL,PAULA,DEPOSITO,2022-02-03T05:52:18,2730.17
2824,0001,SANTANDER,JOAO,DEPOSITO,2022-02-27T05:39:35,3594.41
2424,0005,BANCO DO BRASIL,ANA,DEPOSITO,2022-02-18T11:57:21,2822.37
9279,0009,BANCO DO BRASIL,MARCOS,SAQUE,2022-02-06T21:49:54,3309.83
7912,0006,SANTANDER,CARLOS,DEPOSITO,2022-02-23T11:15:26,2232.34
5506,0002,ITAU,MARIA,DEPOSITO,2022-02-26T09:18:23,616.58
2679,0004,BANCO DO BRASIL,JULIA,DEPOSITO,2022-02-27T18:46:08,4450.72
7912,0006,SANTANDER,CARLOS,DEPOSITO,2022-02-15T22:51:56,2132.24
4657,0003,ITAU,FELIPE,SAQUE,2022-02-26T02:45:20,3905.31
4657,0003,ITAU,FELIPE,DEPOSITO,2022-02-22T16:32:10,3344.49
1434,0010,BANCO DO BRASIL,PAULA,SAQUE,2022-02-25T18:41:12,2026.95
7912,0006,SANTANDER,CARLOS,DEPOSITO,2022-02-19T08:04:21,847.15
5506,0002,ITAU,MARIA,SAQUE,2022-02-14T00:12:36,779.56
5506,0002,ITAU,MARIA,DEPOSITO,2022-02-23T07:28:28,4046.31
2424,0005,BANCO DO BRASIL,ANA,SAQUE,2022-02-20T07:08:42,1350.5
2679,0004,BANCO DO BRASIL,JULIA,DEPOSITO,2022-02-06T07:50:57,4604.39
5506,0002,ITAU,MARIA,SAQUE,2022-02-14T08:09:16,3339.82
2424,0005,BANCO DO BRASIL,ANA,SAQUE,2022-02-26T03:13:17,3038.57
1488,0007,SANTANDER,LUCAS,SAQUE,2022-02-02T22:29:36,1200.35
4582,0008,ITAU,BRUNA,DEPOSITO,2022-02-18T17:09:39,2627.38
4582,0008,ITAU,BRUNA,DEPOSITO,2022-02-18T01:31:25,164.89
2824,0001,SANTANDER,JOAO,SAQUE,2022-02-16T12:39:44,488.29
5506,0002,ITAU,MARIA,DEPOSITO,2022-02-26T13:29:26,1935.0
4657,0003,ITAU,FELIPE,DEPOSITO,2022-02-09T05:44:21,163.22
1488,0007,SANTANDER,LUCAS,SAQUE,2022-02-11T10:15:20,1036.86
1434,0010,BANCO DO BRASIL,PAULA,SAQUE,2022-02-07T21:41:08,310.5
9279,0009,BANCO DO BRASIL,MARCOS,DEPOSITO,2022-02-11T20:36:24,3243.65
1488,0007,SANTANDER,LUCAS,DEPOSITO,2022-02-02T01:09:30,2816.55
7912,0006,SANTANDER,CARLOS,SAQUE,2022-02-07T01:33:35,4467.52
2424,0005,BANCO DO BRASIL,ANA,SAQUE,2022-02-23T15:32:30,2135.29
9279,0009,BANCO DO BRASIL,MARCOS,SAQUE,2022-02-08T19:31:31,928.12
7912,0006,SANTANDER,CARLOS,SAQUE,2022-02-22T05:50:25,3677.37
4657,0003,ITAU,FELIPE,SAQUE,2022-02-07T20:05:19,4505.76
2824,0001,SANTANDER,JOAO,DEPOSITO,2022-02-08T18:43:16,4279.32
5506,0002,ITAU,MARIA,SAQUE,2022-02-22T03:35:59,2948.47
5506,0002,ITAU,MARIA,SAQUE,2022-02-22T14:28:16,3666.66
5506,0002,ITAU,MARIA,DEPOSITO,2022-02-09T16:03:28,4432.76
2424,0005,BANCO DO BRASIL,ANA,DEPOSITO,2022-02-21T19:07:22,3906.71
1488,0007,SANTANDER,LUCAS,DEPOSITO,2022-02-12T13:13:43,3306.73
5506,0002,ITAU,MARIA,SAQUE,2022-02-10T16:35:25,1598.35
1488,0007,SANTANDER,LUCAS,DEPOSITO,2022-02-09T14:29:44,2729.87
2424,0005,BANCO DO BRASIL,ANA,DEPOSITO,2022-02-18T07:21:39,856.84
4657,0003,ITAU,FELIPE,SAQUE,2022-02-16T14:59:13,284.04
4657,0003,ITAU,FELIPE,SAQUE,2022-02-19T15:25:46,1764.16
9279,0009,BANCO DO BRASIL,MARCOS,SAQUE,2022-02-15T05:34:01,2088.52
1434,0010,BANCO DO BRASIL,PAULA,DEPOSITO,2022-02-24T12:49:20,4341.35
2824,0001,SANTANDER,JOAO,SAQUE,2022-02-06T15:20:46,2876.06
2679,0004,BANCO DO BRASIL,JULIA,SAQUE,2022-02-19T18:02:55,2475.6
7912,0006,SANTANDER,CARLOS,SAQUE,2022-02-28T10:07:58,2574.09
2424,0005,BANCO DO BRASIL,ANA,DEPOSITO,2022-02-03T02:33:36,3035.09
4582,0008,ITAU,BRUNA,DEPOSITO,2022-02-19T11:34:43,3093.25
4657,0003,ITAU,FELIPE,DEPOSITO,2022-02-19T11:06:29,2832.17
4657,0003,ITAU,FELIPE,DEPOSITO,2022-02-23T22:52:01,1903.06
1434,0010,BANCO DO BRASIL,PAULA,SAQUE,2022-02-16T10:29:11,2832.35
7912,0006,SANTANDER,CARLOS,DEPOSITO,2022-02-22T12:14:39,1706.18
1434,0010,BANCO DO BRASIL,PAULA,SAQUE,2022-02-19T10:25:23,4457.13
4582,0008,ITAU,BRUNA,DEPOSITO,2022-02-08T13:48:54,31.43
4582,0008,ITAU,BRUNA,DEPOSITO,2022-02-01T10:38:24,3831.69
9279,0009,BANCO DO BRASIL,MARCOS,SAQUE,2022-02-24T00:08:21,1740.03
4657,0003,ITAU,FELIPE,DEPOSITO,2022-02-17T19:03:46,2826.66
7912,0006,SANTANDER,CARLOS,SAQUE,2022-02-23T20:10:29,180.77
2679,0004,BANCO DO BRASIL,JULIA,DEPOSITO,2022-02-28T01:18:58,1835.22
2824,0001,SANTANDER,JOAO,SAQUE,2022-02-19T02:44:51,486.5
7912,0006,SANTANDER,CARLOS,SAQUE,2022-02-07T19:03:48,3604.36
2824,0001,SANTANDER,JOAO,SAQUE,2022-02-14T11:53:11,3212.36
7912,0006,SANTANDER,CARLOS,DEPOSITO,2022-02-27T12:53:31,4132.91
2824,0001,SANTANDER,JOAO,DEPOSITO,2022-02-18T18:36:15,3223.13
5506,0002,ITAU,MARIA,DEPOSITO,2022-02-26T01:03:22,1382.65
1434,0010,BANCO DO BRASIL,PAULA,DEPOSITO,2022-02-14T17:45:55,4177.08
9279,0009,BANCO DO BRASIL,MARCOS,DEPOSITO,2022-02-07T23:17:45,2345.42
2679,0004,BANCO DO BRASIL,JULIA,DEPOSITO,2022-02-06T11:08:02,1735.41
4582,0008,ITAU,BRUNA,SAQUE,2022-02-08T23:55:36,3833.06
2424,0005,BANCO DO BRASIL,ANA,DEPOSITO,2022-02-23T01:45:31,4751.77
4657,0003,ITAU,FELIPE,DEPOSITO,2022-02-17T16:14:10,113.91
4657,0003,ITAU,FELIPE,SAQUE,2022-02-19T12:03:07,202.49
2679,0004,BANCO DO BRASIL,JULIA,SAQUE,2022-02-16T17:12:50,790.37
2424,0005,BANCO DO BRASIL,ANA,DEPOSITO,2022-02-13T19:48:54,4337.63
1434,0010,BANCO DO BRASIL,PAULA,DEPOSITO,2022-02-12T05:26:36,4288.77
7912,0006,SANTANDER,CARLOS,DEPOSITO,2022-02-24T04:44:51,2878.16
9279,0009,BANCO DO BRASIL,MARCOS,DEPOSITO,2022-02-16T03:18:10,3545.48
2824,0001,SANTANDER,JOAO,SAQUE,2022-02-23T16:30:22,254.3
1488,0007,SANTANDER,LUCAS,DEPOSITO,2022-02-24T10:39:11,1147.99
1434,0010,BANCO DO BRASIL,PAULA,DEPOSITO,2022-02-05T15:57:10,1905.81
2824,0001,SANTANDER,JOAO,DEPOSITO,2022-02-02T14:04:07,87.5
4582,0008,ITAU,BRUNA,SAQUE,2022-02-05T06:47:50,1598.81
4582,0008,ITAU,BRUNA,SAQUE,2022-02-26T11:56:43,2415.44
2824,0001,SANTANDER,JOAO,DEPOSITO,2022-02-16T03:22:11,3602.26
5506,0002,ITAU,MARIA,DEPOSITO,2022-02-27T00:03:29,4401.88
1434,0010,BANCO DO BRASIL,PAULA,SAQUE,2022-02-02T08:24:38,3094.32
1488,0007,SANTANDER,LUCAS,DEPOSITO,2022-02-24T06:52:22,2727.14
9279,0009,BANCO DO BRASIL,MARCOS,SAQUE,2022-02-09T07:20:43,1224.6
2424,0005,BANCO DO BRASIL,ANA,SAQUE,2022-02-21T07:55:22,2376.8
2679,0004,BANCO DO BRASIL,JULIA,SAQUE,2022-02-20T17:09:51,1918.42
2424,0005,BANCO DO BRASIL,ANA,SAQUE,2022-02-15T04:34:24,3362.34
1488,0007,SANTANDER,LUCAS,SAQUE,2022-02-03T16:15:19,592.75
2424,0005,BANCO DO BRASIL,ANA,SAQUE,2022-02-10T10:38:17,2279.25
1434,0010,BANCO DO BRASIL,PAULA,DEPOSITO,2022-02-23T18:07:56,4569.39
5506,0002,ITAU,MARIA,SAQUE,2022-02-28T10:37:48,469.8
7912,0006,SANTANDER,CARLOS,DEPOSITO,2022-02-03T12:08:32,1250.63
4657,0003,ITAU,FELIPE,DEPOSITO,2022-02-18T09:56:29,2727.06
4657,0003,ITAU,FELIPE,DEPOSITO,2022-02-18T09:14:29,940.91
5506,0002,ITAU,MARIA,SAQUE,2022-02-23T17:37:00,4576.52
5506,0002,ITAU,MARIA,DEPOSITO,2022-02-11T04:43:45,3744.0
5506,0002,ITAU,MARIA,DEPOSITO,2022-02-05T05:48:05,4879.44
4657,0003,ITAU,FELIPE,SAQUE,2022-02-21T16:00:13,611.12
2424,0005,BANCO DO BRASIL,ANA,DEPOSITO,2022-02-12T02:39:50,2268.51
5506,0002,ITAU,MARIA,SAQUE,2022-02-11T21:39:21,2831.36
5506,0002,ITAU,MARIA,SAQUE,2022-02-22T16:42:46,2946.69
9279,0009,BANCO DO BRASIL,MARCOS,SAQUE,2022-02-23T12:51:03,3853.95
7912,0006,SANTANDER,CARLOS,SAQUE,2022-02-26T13:54:50,4885.74
2824,0001,SANTANDER,JOAO,DEPOSITO,2022-02-02T18:11:12,3923.88
1488,0007,SANTANDER,LUCAS,DEPOSITO,2022-02-23T12:07:28,3025.55
2424,0005,BANCO DO BRASIL,ANA,DEPOSITO,2022-02-13T19:32:40,1082.03
2424,0005,BANCO DO BRASIL,ANA,SAQUE,2022-02-06T01:10:03,2083.69
4657,0003,ITAU,FELIPE,DEPOSITO,2022-02-22T20:22:09,1303.37
2824,0001,SANTANDER,JOAO,DEPOSITO,2022-02-27T23:51:25,4089.14
4657,0003,ITAU,FELIPE,SAQUE,2022-02-06T09:42:07,1035.87
9279,0009,BANCO DO BRASIL,MARCOS,DEPOSITO,2022-02-22T12:21:02,3262.98
2824,0001,SANTANDER,JOAO,DEPOSITO,2022-02-25T04:31:16,3204.7
2824,0001,SANTANDER,JOAO,SAQUE,2022-02-18T10:01:00,4405.72
9279,0009,BANCO DO BRASIL,MARCOS,DEPOSITO,2022-02-11T09:10:53,529.42
4657,0003,ITAU,FELIPE,SAQUE,2022-02-01T19:37:35,2356.88
1488,0007,SANTANDER,LUCAS,SAQUE,2022-02-19T20:03:50,1261.91
4582,0008,ITAU,BRUNA,DEPOSITO,2022-02-28T11:01:52,2516.94
4657,0003,ITAU,FELIPE,DEPOSITO,2022-02-04T17:40:54,2937.62
4582,0008,ITAU,BRUNA,SAQUE,2022-02-18T15:22:00,4151.94
7912,0006,SANTANDER,CARLOS,SAQUE,2022-02-08T15:55:25,4840.89
1434,0010,BANCO DO BRASIL,PAULA,DEPOSITO,2022-02-22T17:39:13,1403.79
4657,0003,ITAU,FELIPE,DEPOSITO,2022-02-10T13:00:57,4112.96
4582,0008,ITAU,BRUNA,DEPOSITO,2022-02-09T18:31:34,596.59
5506,0002,ITAU,MARIA,DEPOSITO,2022-02-10T18:32:19,1934.43
4657,0003,ITAU,FELIPE,DEPOSITO,2022-02-16T12:17:19,3254.67
5506,0002,ITAU,MARIA,DEPOSITO,2022-02-24T14:49:03,433.46
1488,0007,SANTANDER,LUCAS,SAQUE,2022-02-16T01:22:25,3496.39
1434,0010,BANCO DO BRASIL,PAULA,SAQUE,2022-02-26T05:11:47,3403.11
2824,0001,SANTANDER,JOAO,SAQUE,2022-02-05T09:26:13,2230.33
9279,0009,BANCO DO BRASIL,MARCOS,DEPOSITO,2022-02-23T00:36:28,4138.01
2679,0004,BANCO DO BRASIL,JULIA,SAQUE,2022-02-08T10:25:51,2414.33
1488,0007,SANTANDER,LUCAS,SAQUE,2022-02-10T11:53:05,18.08
1434,0010,BANCO DO BRASIL,PAULA,DEPOSITO,2022-02-09T01:07:42,290.22
2824,0001,SANTANDER,JOAO,SAQUE,2022-02-25T00:04:47,4067.82
4657,0003,ITAU,FELIPE,DEPOSITO,2022-02-22T23:12:38,1800.17
1488,0007,SANTANDER,LUCAS,SAQUE,2022-02-08T07:44:11,2841.77
1488,0007,SANTANDER,LUCAS,DEPOSITO,2022-02-20T16:09:48,838.45
9279,0009,BANCO DO BRASIL,MARCOS,SAQUE,2022-02-09T12:08:00,3116.22
7912,0006,SANTANDER,CARLOS,DEPOSITO,2022-02-19T21:46:59,4115.29
7912,0006,SANTANDER,CARLOS,SAQUE,2022-02-17T00:46:42,389.48
1488,0007,SANTANDER,LUCAS,SAQUE,2022-02-18T10:52:55,3511.16
5506,0002,ITAU,MARIA,SAQUE,2022-02-04T14:39:55,957.46
4657,0003,ITAU,FELIPE,DEPOSITO,2022-02-03T04:43:48,425.62
2824,0001,SANTANDER,JOAO,SAQUE,2022-02-20T14:18:09,2860.69
1434,0010,BANCO DO BRASIL,PAULA,DEPOSITO,2022-02-18T01:51:50,976.29
4657,0003,ITAU,FELIPE,SAQUE,2022-02-24T14:11:35,3429.69
9279,0009,BANCO DO BRASIL,MARCOS,DEPOSITO,2022-02-05T14:23:50,3009.12
1434,0010,BANCO DO BRASIL,PAULA,DEPOSITO,2022-02-20T07:51:17,3681.55
1434,0010,BANCO DO BRASIL,PAULA,SAQUE,2022-02-07T19:07:38,1794.99
1488,0007,SANTANDER,LUCAS,DEPOSITO,2022-02-05T00:58:23,3796.7
9279,0009,BANCO DO BRASIL,MARCOS,DEPOSITO,2022-02-17T06:35:01,4884.27
4582,0008,ITAU,BRUNA,DEPOSITO,2022-02-01T10:56:55,4495.55
4657,0003,ITAU,FELIPE,SAQUE,2022-02-01T04:06:58,3116.58
2424,0005,BANCO DO BRASIL,ANA,DEPOSITO,2022-02-23T23:07:06,2876.78
1488,0007,SANTANDER,LUCAS,DEPOSITO,2022-02-02T21:22:01,4294.7
7912,0006,SANTANDER,CARLOS,SAQUE,2022-02-02T02:24:19,3692.06
2824,0001,SANTANDER,JOAO,SAQUE,2022-02-22T02:54:31,1967.63
9279,0009,BANCO DO BRASIL,MARCOS,SAQUE,2022-02-15T18:02:23,1441.7
4582,0008,ITAU,BRUNA,DEPOSITO,2022-02-20T05:09:01,47.95
2824,0001,SANTANDER,JOAO,SAQUE,2022-02-06T18:04:58,24.99
1488,0007,SANTANDER,LUCAS,DEPOSITO,2022-02-03T10:17:01,1343.0
2679,0004,BANCO DO BRASIL,JULIA,DEPOSITO,2022-02-07T21:50:40,4387.01
2679,0004,BANCO DO BRASIL,JULIA,SAQUE,2022-02-01T15:36:30,2868.6
7912,0006,SANTANDER,CARLOS,DEPOSITO,2022-02-02T13:13:27,16.43
9279,0009,BANCO DO BRASIL,MARCOS,DEPOSITO,2022-02-27T19:11:23,1637.37
2424,0005,BANCO DO BRASIL,ANA,DEPOSITO,2022-02-11T12:21:18,1108.89
2424,0005,BANCO DO BRASIL,ANA,SAQUE,2022-02-18T07:31:34,3760.88
1434,0010,BANCO DO BRASIL,PAULA,DEPOSITO,2022-02-14T18:32:20,2930.68
9279,0009,BANCO DO BRASIL,MARCOS,SAQUE,2022-02-25T12:58:57,1325.24
2679,0004,BANCO DO BRASIL,JULIA,SAQUE,2022-02-06T02:50:45,397.62
9279,0009,BANCO DO BRASIL,MARCOS,SAQUE,2022-02-24T00:24:26,1018.9
1488,0007,SANTANDER,LUCAS,DEPOSITO,2022-02-02T02:11:58,1089.66
9279,0009,BANCO DO BRASIL,MARCOS,SAQUE,2022-02-06T00:10:03,1724.92
1488,0007,SANTANDER,LUCAS,SAQUE,2022-02-27T14:27:15,3646.04
2424,0005,BANCO DO BRASIL,ANA,DEPOSITO,2022-02-26T16:12:18,3996.2
2824,0001,SANTANDER,JOAO,SAQUE,2022-02-22T12:36:15,3957.19
1488,0007,SANTANDER,LUCAS,DEPOSITO,2022-02-12T18:21:10,3752.26
2424,0005,BANCO DO BRASIL,ANA,DEPOSITO,2022-02-16T08:35:30,4994.69
9279,0009,BANCO DO BRASIL,MARCOS,DEPOSITO,2022-02-06T14:04:46,1353.74
2679,0004,BANCO DO BRASIL,JULIA,SAQUE,2022-02-03T10:51:35,3371.44
4582,0008,ITAU,BRUNA,DEPOSITO,2022-02-21T10:31:09,1771.04
7912,0006,SANTANDER,CARLOS,SAQUE,2022-02-21T15:26:44,759.6
2679,0004,BANCO DO BRASIL,JULIA,DEPOSITO,2022-02-02T01:22:52,3073.31
7912,0006,SANTANDER,CARLOS,DEPOSITO,2022-02-24T18:14:37,1016.51
2824,0001,SANTANDER,JOAO,SAQUE,2022-02-17T04:37:17,3857.88
2679,0004,BANCO DO BRASIL,JULIA,DEPOSITO,2022-02-03T11:24:40,4908.07
4582,0008,ITAU,BRUNA,SAQUE,2022-02-08T16:32:08,2613.53
4657,0003,ITAU,FELIPE,DEPOSITO,2022-02-10T20:47:27,102.15
2824,0001,SANTANDER,JOAO,DEPOSITO,2022-02-22T00:18:27,4862.5
2824,0001,SANTANDER,JOAO,DEPOSITO,2022-02-05T12:35:47,1131.26
2679,0004,BANCO DO BRASIL,JULIA,SAQUE,2022-02-04T09:20:04,1388.47
2824,0001,SANTANDER,JOAO,DEPOSITO,2022-02-09T08:00:15,809.64
7912,0006,SANTANDER,CARLOS,SAQUE,2022-02-13T21:27:48,1984.97
2679,0004,BANCO DO BRASIL,JULIA,SAQUE,2022-02-27T05:36:16,2781.88
5506,0002,ITAU,MARIA,DEPOSITO,2022-02-21T04:56:02,3470.58
4582,0008,ITAU,BRUNA,SAQUE,2022-02-05T06:17:51,1932.85
2824,0001,SANTANDER,JOAO,SAQUE,2022-02-24T17:59:50,1949.95
5506,0002,ITAU,MARIA,SAQUE,2022-02-28T17:16:38,3212.34
4657,0003,ITAU,FELIPE,DEPOSITO,2022-02-26T22:54:08,4169.48
7912,0006,SANTANDER,CARLOS,DEPOSITO,2022-02-09T07:11:36,912.91
4657,0003,ITAU,FELIPE,SAQUE,2022-02-14T10:47:02,2724.49
2424,0005,BANCO DO BRASIL,ANA,SAQUE,2022-02-09T07:32:59,365.5
4582,0008,ITAU,BRUNA,SAQUE,2022-02-14T17:52:09,1619.77
2424,0005,BANCO DO BRASIL,ANA,SAQUE,2022-02-11T16:46:25,127.69
1488,0007,SANTANDER,LUCAS,DEPOSITO,2022-02-09T04:40:25,2515.75
4582,0008,ITAU,BRUNA,SAQUE,2022-02-08T14:52:00,3843.42
2679,0004,BANCO DO BRASIL,JULIA,SAQUE,2022-02-13T21:51:56,3192.26
4582,0008,ITAU,BRUNA,SAQUE,2022-02-20T04:42:09,993.68
2824,0001,SANTANDER,JOAO,SAQUE,2022-02-26T22:20:20,3231.63
1488,0007,SANTANDER,LUCAS,SAQUE,2022-02-02T09:50:06,3098.19
1434,0010,BANCO DO BRASIL,PAULA,SAQUE,2022-02-05T23:40:51,1863.37
1434,0010,BANCO DO BRASIL,PAULA,DEPOSITO,2022-02-26T18:12:06,2856.5
4582,0008,ITAU,BRUNA,DEPOSITO,2022-02-17T09:52:56,4592.2
4657,0003,ITAU,FELIPE,DEPOSITO,2022-02-09T07:07:54,3303.32
1488,0007,SANTANDER,LUCAS,SAQUE,2022-02-10T14:33:56,4897.86
4582,0008,ITAU,BRUNA,DEPOSITO,2022-02-11T14:59:50,816.19
9279,0009,BANCO DO BRASIL,MARCOS,SAQUE,2022-02-26T21:25:37,1411.84
7912,0006,SANTANDER,CARLOS,DEPOSITO,2022-02-18T02:11:07,508.38
1488,0007,SANTANDER,LUCAS,DEPOSITO,2022-02-26T02:39:08,2159.33
9279,0009,BANCO DO BRASIL,MARCOS,DEPOSITO,2022-02-03T22:55:53,3995.47
2424,0005,BANCO DO BRASIL,ANA,DEPOSITO,2022-02-26T17:02:10,676.65
9279,0009,BANCO DO BRASIL,MARCOS,DEPOSITO,2022-02-01T09:03:45,1514.6
2824,0001,SANTANDER,JOAO,SAQUE,2022-02-17T16:39:17,1440.94
1488,0007,SANTANDER,LUCAS,DEPOSITO,2022-02-04T01:39:20,3267.66
2424,0005,BANCO DO BRASIL,ANA,SAQUE,2022-02-24T10:07:17,3145.05
5506,0002,ITAU,MARIA,SAQUE,2022-02-07T14:11:01,2372.41
4582,0008,ITAU,BRUNA,DEPOSITO,2022-02-10T01:14:23,4376.18
4582,0008,ITAU,BRUNA,DEPOSITO,2022-02-17T11:08:27,4019.85
1434,0010,BANCO DO BRASIL,PAULA,SAQUE,2022-02-22T00:18:15,3311.95
9279,0009,BANCO DO BRASIL,MARCOS,SAQUE,2022-02-19T08:53:14,2389.99
2824,0001,SANTANDER,JOAO,SAQUE,2022-02-21T09:30:09,1953.49
9279,0009,BANCO DO BRASIL,MARCOS,SAQUE,2022-02-08T02:13:59,3338.74
2424,0005,BANCO DO BRASIL,ANA,SAQUE,2022-02-26T13:17:48,126.46
2824,0001,SANTANDER,JOAO,SAQUE,2022-02-07T04:45:31,1565.22
4582,0008,ITAU,BRUNA,SAQUE,2022-02-04T05:40:30,4276.87
2424,0005,BANCO DO BRASIL,ANA,SAQUE,2022-02-19T19:29:33,2803.5
1434,0010,BANCO DO BRASIL,PAULA,DEPOSITO,2022-02-12T05:43:58,1123.11
2824,0001,SANTANDER,JOAO,DEPOSITO,2022-02-24T06:38:30,1881.03
2824,0001,SANTANDER,JOAO,DEPOSITO,2022-02-07T06:07:44,1043.96
2679,0004,BANCO DO BRASIL,JULIA,SAQUE,2022-02-22T16:28:07,2758.29
7912,0006,SANTANDER,CARLOS,SAQUE,2022-02-27T05:21:05,4557.25
1434,0010,BANCO DO BRASIL,PAULA,SAQUE,2022-02-23T11:20:00,1887.33
2824,0001,SANTANDER,JOAO,DEPOSITO,2022-02-15T19:27:24,3712.12
2824,0001,SANTANDER,JOAO,DEPOSITO,2022-02-05T14:56:20,3360.41
4582,0008,ITAU,BRUNA,SAQUE,2022-02-18T02:50:22,1512.66
2824,0001,SANTANDER,JOAO,SAQUE,2022-02-26T01:11:36,2003.17
1434,0010,BANCO DO BRASIL,PAULA,DEPOSITO,2022-02-23T11:52:19,2745.55
2424,0005,BANCO DO BRASIL,ANA,SAQUE,2022-02-02T21:02:00,761.11
2679,0004,BANCO DO BRASIL,JULIA,SAQUE,2022-02-16T07:07:57,3410.4
9279,0009,BANCO DO BRASIL,MARCOS,DEPOSITO,2022-02-09T05:44:00,4100.04
4657,0003,ITAU,FELIPE,DEPOSITO,2022-02-18T07:53:51,2384.32
5506,0002,ITAU,MARIA,DEPOSITO,2022-02-18T08:32:03,3311.31
1434,0010,BANCO DO BRASIL,PAULA,SAQUE,2022-02-06T04:10:53,1982.61
9279,0009,BANCO DO BRASIL,MARCOS,SAQUE,2022-02-18T23:06:22,2017.47
2679,0004,BANCO DO BRASIL,JULIA,SAQUE,2022-02-24T01:15:55,703.95
7912,0006,SANTANDER,CARLOS,SAQUE,2022-02-28T03:56:06,215.21
7912,0006,SANTANDER,CARLOS,DEPOSITO,2022-02-25T13:28:17,4313.99
1434,0010,BANCO DO BRASIL,PAULA,SAQUE,2022-02-02T11:33:57,3819.73
4582,0008,ITAU,BRUNA,DEPOSITO,2022-02-26T23:20:53,4859.13
1434,0010,BANCO DO BRASIL,PAULA,SAQUE,2022-02-08T21:30:30,2261.92
2679,0004,BANCO DO BRASIL,JULIA,SAQUE,2022-02-24T05:56:25,4951.88
2424,0005,BANCO DO BRASIL,ANA,DEPOSITO,2022-02-21T18:53:07,3967.33
1434,0010,BANCO DO BRASIL,PAULA,DEPOSITO,2022-02-19T20:42:41,3392.72
2424,0005,BANCO DO BRASIL,ANA,DEPOSITO,2022-02-08T13:36:27,1319.78
4657,0003,ITAU,FELIPE,SAQUE,2022-02-18T02:16:37,4848.01
1434,0010,BANCO DO BRASIL,PAULA,DEPOSITO,2022-02-23T04:25:34,91.84
2679,0004,BANCO DO BRASIL,JULIA,DEPOSITO,2022-02-06T19:47:03,4389.97
2424,0005,BANCO DO BRASIL,ANA,SAQUE,2022-02-17T05:46:07,4441.26
2424,0005,BANCO DO BRASIL,ANA,SAQUE,2022-02-07T20:06:04,3989.27
9279,0009,BANCO DO BRASIL,MARCOS,DEPOSITO,2022-02-04T12:00:13,2363.43
1488,0007,SANTANDER,LUCAS,DEPOSITO,2022-02-27T21:18:06,2458.02
4582,0008,ITAU,BRUNA,SAQUE,2022-02-05T21:30:34,4576.38
2824,0001,SANTANDER,JOAO,SAQUE,2022-02-14T21:20:36,1791.3
9279,0009,BANCO DO BRASIL,MARCOS,SAQUE,2022-02-05T18:58:37,4621.92
4657,0003,ITAU,FELIPE,SAQUE,2022-02-13T05:11:24,4702.78
5506,0002,ITAU,MARIA,DEPOSITO,2022-02-02T21:07:02,4294.38
7912,0006,SANTANDER,CARLOS,DEPOSITO,2022-02-20T06:15:18,673.83
1488,0007,SANTANDER,LUCAS,SAQUE,2022-02-15T00:28:02,4636.84
4657,0003,ITAU,FELIPE,DEPOSITO,2022-02-26T16:59:07,3041.17
5506,0002,ITAU,MARIA,SAQUE,2022-02-28T06:15:43,1219.09
1488,0007,SANTANDER,LUCAS,DEPOSITO,2022-02-24T18:21:24,3661.27
2679,0004,BANCO DO BRASIL,JULIA,SAQUE,2022-02-09T10:57:08,3813.35
4657,0003,ITAU,FELIPE,DEPOSITO,2022-02-23T01:43:31,4643.75
9279,0009,BANCO DO BRASIL,MARCOS,DEPOSITO,2022-02-14T13:11:08,2353.22
1488,0007,SANTANDER,LUCAS,SAQUE,2022-02-01T04:05:14,1856.59
4582,0008,ITAU,BRUNA,SAQUE,2022-02-08T08:57:43,4959.27
2824,0001,SANTANDER,JOAO,SAQUE,2022-02-23T13:26:07,1587.26
5506,0002,ITAU,MARIA,SAQUE,2022-02-28T11:44:59,3053.93
1488,0007,SANTANDER,LUCAS,SAQUE,2022-02-21T17:23:16,2739.81
4657,0003,ITAU,FELIPE,SAQUE,2022-02-04T00:18:55,2825.53
4657,0003,ITAU,FELIPE,DEPOSITO,2022-02-16T07:28:24,4374.05
2424,0005,BANCO DO BRASIL,ANA,SAQUE,2022-02-02T00:52:16,2644.96
4582,0008,ITAU,BRUNA,DEPOSITO,2022-02-11T05:49:17,121.04
5506,0002,ITAU,MARIA,SAQUE,2022-02-07T21:43:02,1202.61
4657,0003,ITAU,FELIPE,SAQUE,2022-02-13T01:42:39,982.56
9279,0009,BANCO DO BRASIL,MARCOS,SAQUE,2022-02-08T03:44:38,2352.92
1434,0010,BANCO DO BRASIL,PAULA,DEPOSITO,2022-02-22T00:18:50,2181.19
4657,0003,ITAU,FELIPE,DEPOSITO,2022-02-11T00:17:21,909.51
2824,0001,SANTANDER,JOAO,SAQUE,2022-02-23T09:08:03,3496.4
2824,0001,SANTANDER,JOAO,SAQUE,2022-02-18T11:47:55,4533.08
4657,0003,ITAU,FELIPE,DEPOSITO,2022-02-04T16:39:18,3340.31
1434,0010,BANCO DO BRASIL,PAULA,SAQUE,2022-02-13T21:33:25,916.15
2679,0004,BANCO DO BRASIL,JULIA,DEPOSITO,2022-02-22T01:14:22,3712.95
4657,0003,ITAU,FELIPE,SAQUE,2022-02-16T17:40:09,2448.14
7912,0006,SANTANDER,CARLOS,DEPOSITO,2022-02-24T09:08:02,2382.74
7912,0006,SANTANDER,CARLOS,DEPOSITO,2022-02-16T06:45:18,4790.74
2824,0001,SANTANDER,JOAO,SAQUE,2022-02-04T08:21:38,1735.27
5506,0002,ITAU,MARIA,DEPOSITO,2022-02-12T00:13:11,1143.14
5506,0002,ITAU,MARIA,DEPOSITO,2022-02-23T14:47:12,2347.76
2424,0005,BANCO DO BRASIL,ANA,SAQUE,2022-02-22T23:01:35,4607.2
1488,0007,SANTANDER,LUCAS,SAQUE,2022-02-23T16:53:22,2791.08
4657,0003,ITAU,FELIPE,DEPOSITO,2022-02-25T10:56:34,573.39
1434,0010,BANCO DO BRASIL,PAULA,SAQUE,2022-02-01T22:14:43,486.29
4582,0008,ITAU,BRUNA,DEPOSITO,2022-02-14T09:57:52,2576.85
2679,0004,BANCO DO BRASIL,JULIA,SAQUE,2022-02-20T23:40:36,3084.22
4582,0008,ITAU,BRUNA,SAQUE,2022-02-27T07:07:45,1043.22
1434,0010,BANCO DO BRASIL,PAULA,DEPOSITO,2022-02-08T00:31:07,1425.45
7912,0006,SANTANDER,CARLOS,SAQUE,2022-02-05T05:18:11,3584.33
1434,0010,BANCO DO BRASIL,PAULA,DEPOSITO,2022-02-02T22:07:43,1823.73
2824,0001,SANTANDER,JOAO,DEPOSITO,2022-02-23T13:52:06,4547.87
1488,0007,SANTANDER,LUCAS,SAQUE,2022-02-07T17:29:31,2637.59
1434,0010,BANCO DO BRASIL,PAULA,SAQUE,2022-02-10T23:19:07,4604.7
4582,0008,ITAU,BRUNA,DEPOSITO,2022-02-15T02:01:47,836.47
7912,0006,SANTANDER,CARLOS,DEPOSITO,2022-02-11T12:54:19,1913.13
7912,0006,SANTANDER,CARLOS,DEPOSITO,2022-02-04T17:34:40,2873.87
2824,0001,SANTANDER,JOAO,DEPOSITO,2022-02-04T17:45:08,4937.37
1488,0007,SANTANDER,LUCAS,DEPOSITO,2022-02-19T19:27:13,4989.03
1434,0010,BANCO DO BRASIL,PAULA,SAQUE,2022-02-13T23:35:57,154.48
2424,0005,BANCO DO BRASIL,ANA,DEPOSITO,2022-02-07T01:40:52,3578.83
4582,0008,ITAU,BRUNA,DEPOSITO,2022-02-08T12:55:50,3431.54
5506,0002,ITAU,MARIA,SAQUE,2022-02-25T12:10:41,1213.18
1488,0007,SANTANDER,LUCAS,SAQUE,2022-02-24T19:26:00,1595.61
2679,0004,BANCO DO BRASIL,JULIA,DEPOSITO,2022-02-22T21:21:50,831.49
5506,0002,ITAU,MARIA,DEPOSITO,2022-02-13T09:05:44,3245.2
7912,0006,SANTANDER,CARLOS,DEPOSITO,2022-02-17T13:47:01,2312.06
2424,0005,BANCO DO BRASIL,ANA,DEPOSITO,2022-02-02T09:16:09,828.49
2824,0001,SANTANDER,JOAO,SAQUE,2022-02-25T14:22:14,4304.25
5506,0002,ITAU,MARIA,SAQUE,2022-02-22T12:34:22,3191.02
4657,0003,ITAU,FELIPE,SAQUE,2022-02-02T16:07:52,4464.51
1488,0007,SANTANDER,LUCAS,SAQUE,2022-02-26T00:27:52,3540.95
5506,0002,ITAU,MARIA,SAQUE,2022-02-07T05:44:36,4033.07
2679,0004,BANCO DO BRASIL,JULIA,SAQUE,2022-02-14T10:55:08,4544.78
5506,0002,ITAU,MARIA,DEPOSITO,2022-02-28T03:12:29,283.45
4582,0008,ITAU,BRUNA,DEPOSITO,2022-02-18T15:10:36,2615.53
2679,0004,BANCO DO BRASIL,JULIA,DEPOSITO,2022-02-07T21:45:55,511.4
4657,0003,ITAU,FELIPE,DEPOSITO,2022-02-28T20:51:40,1007.97
7912,0006,SANTANDER,CARLOS,DEPOSITO,2022-02-02T18:21:08,3646.2
2679,0004,BANCO DO BRASIL,JULIA,DEPOSITO,2022-02-03T09:22:42,3588.46
2679,0004,BANCO DO BRASIL,JULIA,SAQUE,2022-02-05T08:10:09,4536.3
2679,0004,BANCO DO BRASIL,JULIA,DEPOSITO,2022-02-10T21:12:29,3440.61
7912,0006,SANTANDER,CARLOS,SAQUE,2022-02-19T15:30:03,3396.7
2424,0005,BANCO DO BRASIL,ANA,SAQUE,2022-02-23T13:35:51,1687.74
2824,0001,SANTANDER,JOAO,SAQUE,2022-02-28T11:07:00,4777.51
9279,0009,BANCO DO BRASIL,MARCOS,SAQUE,2022-02-20T12:12:27,211.48
4582,0008,ITAU,BRUNA,DEPOSITO,2022-02-07T18:14:15,818.65
2824,0001,SANTANDER,JOAO,SAQUE,2022-02-02T10:50:46,2905.51
2679,0004,BANCO DO BRASIL,JULIA,DEPOSITO,2022-02-19T21:29:53,3050.87
5506,0002,ITAU,MARIA,SAQUE,2022-02-10T22:55:02,2586.16
2824,0001,SANTANDER,JOAO,DEPOSITO,2022-02-28T09:38:44,2908.41
7912,0006,SANTANDER,CARLOS,DEPOSITO,2022-02-02T10:26:07,996.53
9279,0009,BANCO DO BRASIL,MARCOS,SAQUE,2022-02-02T02:17:57,1933.77
7912,0006,SANTANDER,CARLOS,SAQUE,2022-02-20T23:31:56,1564.75
4582,0008,ITAU,BRUNA,DEPOSITO,2022-02-06T20:05:22,2793.95
2424,0005,BANCO DO BRASIL,ANA,SAQUE,2022-02-07T03:05:42,2626.38
4657,0003,ITAU,FELIPE,SAQUE,2022-02-20T19:57:26,2258.01
1434,0010,BANCO DO BRASIL,PAULA,DEPOSITO,2022-02-14T01:17:01,3545.09
9279,0009,BANCO DO BRASIL,MARCOS,DEPOSITO,2022-02-04T20:04:37,3617.57
7912,0006,SANTANDER,CARLOS,DEPOSITO,2022-02-27T16:37:56,2442.27
1488,0007,SANTANDER,LUCAS,SAQUE,2022-02-13T15:14:49,3981.32
7912,0006,SANTANDER,CARLOS,SAQUE,2022-02-11T01:21:24,2939.31
4582,0008,ITAU,BRUNA,SAQUE,2022-02-02T07:16:15,3958.19
4657,0003,ITAU,FELIPE,SAQUE,2022-02-12T23:28:39,2503.21
5506,0002,ITAU,MARIA,SAQUE,2022-02-26T05:14:39,494.63
5506,0002,ITAU,MARIA,SAQUE,2022-02-09T12:44:30,2637.11
2424,0005,BANCO DO BRASIL,ANA,SAQUE,2022-02-19T00:06:57,2219.63
9279,0009,BANCO DO BRASIL,MARCOS,DEPOSITO,2022-02-01T05:41:33,2942.63
1434,0010,BANCO DO BRASIL,PAULA,DEPOSITO,2022-02-24T06:58:03,1100.96
4582,0008,ITAU,BRUNA,SAQUE,2022-02-05T01:44:15,715.24
9279,0009,BANCO DO BRASIL,MARCOS,DEPOSITO,2022-02-15T21:47:43,1330.35
1488,0007,SANTANDER,LUCAS,SAQUE,2022-02-07T07:22:55,4353.54
5506,0002,ITAU,MARIA,SAQUE,2022-02-11T09:41:59,2549.61
2424,0005,BANCO DO BRASIL,ANA,DEPOSITO,2022-02-23T09:30:30,840.77
4657,0003,ITAU,FELIPE,SAQUE,2022-02-08T03:08:07,1832.57
9279,0009,BANCO DO BRASIL,MARCOS,DEPOSITO,2022-02-22T03:15:42,49.31
4582,0008,ITAU,BRUNA,DEPOSITO,2022-02-25T05:31:26,2261.12
1434,0010,BANCO DO BRASIL,PAULA,DEPOSITO,2022-02-16T21:29:47,4957.2
4657,0003,ITAU,FELIPE,DEPOSITO,2022-02-07T20:03:29,975.38
2424,0005,BANCO DO BRASIL,ANA,DEPOSITO,2022-02-01T23:06:35,2064.69
4657,0003,ITAU,FELIPE,DEPOSITO,2022-02-02T16:21:54,727.74
5506,0002,ITAU,MARIA,DEPOSITO,2022-02-26T22:53:05,4268.18
4582,0008,ITAU,BRUNA,SAQUE,2022-02-21T03:18:58,1470.25
7912,0006,SANTANDER,CARLOS,SAQUE,2022-02-25T19:04:41,751.47
1434,0010,BANCO DO BRASIL,PAULA,DEPOSITO,2022-02-16T22:57:05,679.99
5506,0002,ITAU,MARIA,SAQUE,2022-02-26T03:14:01,4659.73
2679,0004,BANCO DO BRASIL,JULIA,DEPOSITO,2022-02-13T21:55:44,90.23
4657,0003,ITAU,FELIPE,DEPOSITO,2022-02-09T08:05:17,3948.45
5506,0002,ITAU,MARIA,DEPOSITO,2022-02-14T09:24:24,4524.61
2424,0005,BANCO DO BRASIL,ANA,SAQUE,2022-02-02T21:54:39,2745.21
5506,0002,ITAU,MARIA,DEPOSITO,2022-02-06T16:51:28,3242.07
7912,0006,SANTANDER,CARLOS,SAQUE,2022-02-15T22:59:31,2987.9
2424,0005,BANCO DO BRASIL,ANA,DEPOSITO,2022-02-11T10:16:10,2154.13
4657,0003,ITAU,FELIPE,SAQUE,2022-02-01T18:17:31,3314.31
4657,0003,ITAU,FELIPE,SAQUE,2022-02-23T20:26:48,4517.43
2824,0001,SANTANDER,JOAO,DEPOSITO,2022-02-06T01:54:28,1061.23
4582,0008,ITAU,BRUNA,SAQUE,2022-02-19T03:03:55,653.45
7912,0006,SANTANDER,CARLOS,SAQUE,2022-02-23T03:04:12,1580.93
1434,0010,BANCO DO BRASIL,PAULA,DEPOSITO,2022-02-11T07:37:29,4744.97
2679,0004,BANCO DO BRASIL,JULIA,DEPOSITO,2022-02-28T07:28:03,4207.53
9279,0009,BANCO DO BRASIL,MARCOS,DEPOSITO,2022-02-26T18:20:08,4931.96
1434,0010,BANCO DO BRASIL,PAULA,SAQUE,2022-02-03T21:29:13,2261.0
9279,0009,BANCO DO BRASIL,MARCOS,DEPOSITO,2022-02-28T15:29:38,3097.73
4582,0008,ITAU,BRUNA,SAQUE,2022-02-03T04:38:04,4096.44
2824,0001,SANTANDER,JOAO,SAQUE,2022-02-11T05:43:00,111.22
2679,0004,BANCO DO BRASIL,JULIA,SAQUE,2022-02-21T14:36:29,2000.7
4582,0008,ITAU,BRUNA,DEPOSITO,2022-02-02T18:52:13,1410.97
1434,0010,BANCO DO BRASIL,PAULA,SAQUE,2022-02-27T01:57:49,1128.98
2679,0004,BANCO DO BRASIL,JULIA,SAQUE,2022-02-25T06:04:09,3454.57
2424,0005,BANCO DO BRASIL,ANA,SAQUE,2022-02-24T13:25:04,3536.06
5506,0002,ITAU,MARIA,DEPOSITO,2022-02-25T05:43:49,704.5
4657,0003,ITAU,FELIPE,DEPOSITO,2022-02-16T21:31:46,63.74
4582,0008,ITAU,BRUNA,SAQUE,2022-02-01T08:04:57,2800.07
2679,0004,BANCO DO BRASIL,JULIA,SAQUE,2022-02-21T20:24:15,407.59
7912,0006,SANTANDER,CARLOS,DEPOSITO,2022-02-10T20:31:13,3720.49
9279,0009,BANCO DO BRASIL,MARCOS,SAQUE,2022-02-21T03:50:12,489.95
1488,0007,SANTANDER,LUCAS,SAQUE,2022-02-24T00:51:10,4149.47
2679,0004,BANCO DO BRASIL,JULIA,SAQUE,2022-02-18T05:40:44,979.7
1488,0007,SANTANDER,LUCAS,DEPOSITO,2022-02-27T13:03:58,1250.79
2679,0004,BANCO DO BRASIL,JULIA,SAQUE,2022-02-24T20:36:18,3106.0
7912,0006,SANTANDER,CARLOS,DEPOSITO,2022-02-02T19:12:03,622.08
9279,0009,BANCO DO BRASIL,MARCOS,DEPOSITO,2022-02-02T04:28:44,4897.8
2424,0005,BANCO DO BRASIL,ANA,DEPOSITO,2022-02-15T13:48:03,1005.48
5506,0002,ITAU,MARIA,DEPOSITO,2022-02-22T02:29:38,4822.47
7912,0006,SANTANDER,CARLOS,DEPOSITO,2022-02-12T20:53:16,3948.86
1488,0007,SANTANDER,LUCAS,SAQUE,2022-02-02T06:26:54,2070.66
1488,0007,SANTANDER,LUCAS,SAQUE,2022-02-13T03:54:29,2273.91
7912,0006,SANTANDER,CARLOS,SAQUE,2022-02-28T13:01:17,3487.12
4582,0008,ITAU,BRUNA,DEPOSITO,2022-02-28T13:49:13,554.53
2679,0004,BANCO DO BRASIL,JULIA,SAQUE,2022-02-26T23:31:09,4581.33
4582,0008,ITAU,BRUNA,SAQUE,2022-02-14T04:42:55,4859.6
1434,0010,BANCO DO BRASIL,PAULA,DEPOSITO,2022-02-09T12:56:20,4463.54
1488,0007,SANTANDER,LUCAS,DEPOSITO,2022-02-18T15:22:39,3770.15
4582,0008,ITAU,BRUNA,SAQUE,2022-02-17T02:33:48,454.64
2679,0004,BANCO DO BRASIL,JULIA,SAQUE,2022-02-17T18:09:19,2155.27
1434,0010,BANCO DO BRASIL,PAULA,SAQUE,2022-02-22T12:15:57,3597.02
4582,0008,ITAU,BRUNA,SAQUE,2022-02-07T19:02:43,188.13
4657,0003,ITAU,FELIPE,SAQUE,2022-02-07T12:47:58,2012.67
9279,0009,BANCO DO BRASIL,MARCOS,SAQUE,2022-02-24T15:29:24,4543.15
1488,0007,SANTANDER,LUCAS,SAQUE,2022-02-15T21:21:29,1134.48
7912,0006,SANTANDER,CARLOS,DEPOSITO,2022-02-27T20:55:35,1699.13
7912,0006,SANTANDER,CARLOS,SAQUE,2022-02-19T21:13:21,297.32
4657,0003,ITAU,FELIPE,DEPOSITO,2022-02-02T19:39:04,56.24
7912,0006,SANTANDER,CARLOS,DEPOSITO,2022-02-19T22:30:53,2950.77
2424,0005,BANCO DO BRASIL,ANA,SAQUE,2022-02-06T04:45:49,3000.51
5506,0002,ITAU,MARIA,SAQUE,2022-02-24T21:59:46,3073.0
2424,0005,BANCO DO BRASIL,ANA,SAQUE,2022-02-05T21:02:34,459.6
1488,0007,SANTANDER,LUCAS,SAQUE,2022-02-08T07:33:31,2062.34
4582,0008,ITAU,BRUNA,DEPOSITO,2022-02-14T08:52:37,2434.71
4582,0008,ITAU,BRUNA,SAQUE,2022-02-13T10:22:48,4472.89
1434,0010,BANCO DO BRASIL,PAULA,SAQUE,2022-02-05T09:52:03,2276.55
2679,0004,BANCO DO BRASIL,JULIA,DEPOSITO,2022-02-05T14:30:41,4314.85
2679,0004,BANCO DO BRASIL,JULIA,DEPOSITO,2022-02-17T18:21:51,3186.97
9279,0009,BANCO DO BRASIL,MARCOS,SAQUE,2022-02-06T21:58:36,90.54
4657,0003,ITAU,FELIPE,SAQUE,2022-02-01T09:13:15,1665.61
2424,0005,BANCO DO BRASIL,ANA,DEPOSITO,2022-02-07T05:21:59,23.29
5506,0002,ITAU,MARIA,DEPOSITO,2022-02-19T14:14:42,694.81
2679,0004,BANCO DO BRASIL,JULIA,DEPOSITO,2022-02-22T05:05:13,4218.97
2679,0004,BANCO DO BRASIL,JULIA,DEPOSITO,2022-02-06T11:28:28,3809.43
2824,0001,SANTANDER,JOAO,DEPOSITO,2022-02-25T20:11:47,4424.07
1488,0007,SANTANDER,LUCAS,DEPOSITO,2022-02-01T17:08:00,32.97
7912,0006,SANTANDER,CARLOS,SAQUE,2022-02-06T19:05:15,122.94
7912,0006,SANTANDER,CARLOS,SAQUE,2022-02-07T07:07:16,1273.41
4582,0008,ITAU,BRUNA,DEPOSITO,2022-02-05T15:40:50,4141.41
2424,0005,BANCO DO BRASIL,ANA,DEPOSITO,2022-02-04T22:20:34,1872.07
4657,0003,ITAU,FELIPE,SAQUE,2022-02-25T17:02:27,2936.68
5506,0002,ITAU,MARIA,DEPOSITO,2022-02-16T13:33:55,1212.05
2424,0005,BANCO DO BRASIL,ANA,SAQUE,2022-02-14T22:09:52,2428.95
1434,0010,BANCO DO BRASIL,PAULA,DEPOSITO,2022-02-12T02:29:33,3572.0
5506,0002,ITAU,MARIA,SAQUE,2022-02-10T12:57:32,2236.05
4582,0008,ITAU,BRUNA,SAQUE,2022-02-25T16:38:24,3615.44
2679,0004,BANCO DO BRASIL,JULIA,SAQUE,2022-02-16T21:07:02,792.07
1434,0010,BANCO DO BRASIL,PAULA,DEPOSITO,2022-02-02T19:39:02,869.28
1434,0010,BANCO DO BRASIL,PAULA,DEPOSITO,2022-02-05T23:22:03,3502.41
1488,0007,SANTANDER,LUCAS,SAQUE,2022-02-05T15:53:33,2905.5
1434,0010,BANCO DO BRASIL,PAULA,SAQUE,2022-02-02T10:55:00,2518.68
9279,0009,BANCO DO BRASIL,MARCOS,SAQUE,2022-02-24T18:03:04,2898.11
5506,0002,ITAU,MARIA,DEPOSITO,2022-02-16T09:46:15,355.52
1434,0010,BANCO DO BRASIL,PAULA,SAQUE,2022-02-04T18:19:21,1357.92
1488,0007,SANTANDER,LUCAS,SAQUE,2022-02-17T13:12:36,4763.48
7912,0006,SANTANDER,CARLOS,SAQUE,2022-02-08T23:46:49,1606.48
2424,0005,BANCO DO BRASIL,ANA,SAQUE,2022-02-22T05:25:31,2806.82
1434,0010,BANCO DO BRASIL,PAULA,DEPOSITO,2022-02-27T19:11:36,2561.56
2824,0001,SANTANDER,JOAO,DEPOSITO,2022-02-12T00:37:59,2509.29
4657,0003,ITAU,FELIPE,SAQUE,2022-02-02T23:42:55,2061.26
4657,0003,ITAU,FELIPE,SAQUE,2022-02-02T16:57:30,3321.11
1434,0010,BANCO DO BRASIL,PAULA,SAQUE,2022-02-18T01:40:27,2828.81
9279,0009,BANCO DO BRASIL,MARCOS,SAQUE,2022-02-18T04:56:13,2163.05
7912,0006,SANTANDER,CARLOS,DEPOSITO,2022-02-19T23:39:24,4095.32
2679,0004,BANCO DO BRASIL,JULIA,SAQUE,2022-02-17T14:12:35,4486.9
5506,0002,ITAU,MARIA,DEPOSITO,2022-02-06T06:05:29,3940.16
7912,0006,SANTANDER,CARLOS,SAQUE,2022-02-23T20:37:26,597.49
1434,0010,BANCO DO BRASIL,PAULA,SAQUE,2022-02-08T23:19:54,192.56
2424,0005,BANCO DO BRASIL,ANA,DEPOSITO,2022-02-10T01:21:39,4064.47
4657,0003,ITAU,FELIPE,DEPOSITO,2022-02-27T15:56:51,2894.75
9279,0009,BANCO DO BRASIL,MARCOS,DEPOSITO,2022-02-26T23:44:22,1574.29
5506,0002,ITAU,MARIA,SAQUE,2022-02-15T11:16:47,72.76
4582,0008,ITAU,BRUNA,DEPOSITO,2022-02-16T16:09:54,4143.43
2679,0004,BANCO DO BRASIL,JULIA,SAQUE,2022-02-15T16:56:18,824.81
1488,0007,SANTANDER,LUCAS,SAQUE,2022-02-10T23:34:44,3857.21
2424,0005,BANCO DO BRASIL,ANA,SAQUE,2022-02-18T23:15:24,3540.44
4582,0008,ITAU,BRUNA,SAQUE,2022-02-22T06:50:13,3990.45
2679,0004,BANCO DO BRASIL,JULIA,DEPOSITO,2022-02-17T03:33:18,2546.43
1488,0007,SANTANDER,LUCAS,DEPOSITO,2022-02-16T10:14:39,4068.84
4657,0003,ITAU,FELIPE,SAQUE,2022-02-08T13:03:59,537.23
2424,0005,BANCO DO BRASIL,ANA,DEPOSITO,2022-02-20T03:36:28,2644.09
4582,0008,ITAU,BRUNA,DEPOSITO,2022-02-03T15:40:29,2280.42
1488,0007,SANTANDER,LUCAS,SAQUE,2022-02-08T07:51:18,1196.6
2679,0004,BANCO DO BRASIL,JULIA,SAQUE,2022-02-16T18:09:15,469.58
2824,0001,SANTANDER,JOAO,SAQUE,2022-02-17T03:48:46,4656.01
9279,0009,BANCO DO BRASIL,MARCOS,SAQUE,2022-02-25T08:24:29,3050.97
2424,0005,BANCO DO BRASIL,ANA,SAQUE,2022-02-11T07:31:30,2825.23
7912,0006,SANTANDER,CARLOS,SAQUE,2022-02-07T01:41:07,4572.75
4582,0008,ITAU,BRUNA,SAQUE,2022-02-18T04:29:06,1135.25
7912,0006,SANTANDER,CARLOS,DEPOSITO,2022-02-03T04:35:12,753.5
4582,0008,ITAU,BRUNA,SAQUE,2022-02-04T10:01:30,4402.33
4582,0008,ITAU,BRUNA,DEPOSITO,2022-02-17T12:30:23,3926.58
1488,0007,SANTANDER,LUCAS,SAQUE,2022-02-12T16:23:47,1038.35
5506,0002,ITAU,MARIA,DEPOSITO,2022-02-05T17:28:41,4111.48
2679,0004,BANCO DO BRASIL,JULIA,SAQUE,2022-02-12T22:58:46,1284.2
9279,0009,BANCO DO BRASIL,MARCOS,SAQUE,2022-02-03T10:39:17,3754.56
1488,0007,SANTANDER,LUCAS,SAQUE,2022-02-06T04:40:59,4591.06
7912,0006,SANTANDER,CARLOS,SAQUE,2022-02-24T16:02:12,1068.48
1434,0010,BANCO DO BRASIL,PAULA,SAQUE,2022-02-07T20:40:03,4213.61
4657,0003,ITAU,FELIPE,DEPOSITO,2022-02-23T19:53:34,2160.46
2824,0001,SANTANDER,JOAO,SAQUE,2022-02-16T00:41:43,3333.5
2824,0001,SANTANDER,JOAO,DEPOSITO,2022-02-10T20:40:34,1416.37
7912,0006,SANTANDER,CARLOS,SAQUE,2022-02-01T05:04:58,3594.81
5506,0002,ITAU,MARIA,SAQUE,2022-02-07T12:34:13,1509.4
1434,0010,BANCO DO BRASIL,PAULA,DEPOSITO,2022-02-10T11:41:01,3664.99
4582,0008,ITAU,BRUNA,DEPOSITO,2022-02-09T12:03:58,598.15
4582,0008,ITAU,BRUNA,DEPOSITO,2022-02-26T08:34:33,588.02
2679,0004,BANCO DO BRASIL,JULIA,SAQUE,2022-02-22T19:42:45,1969.59
7912,0006,SANTANDER,CARLOS,DEPOSITO,2022-02-03T14:26:40,1701.62
7912,0006,SANTANDER,CARLOS,SAQUE,2022-02-16T09:43:31,735.33
5506,0002,ITAU,MARIA,DEPOSITO,2022-02-15T18:55:56,481.89
2424,0005,BANCO DO BRASIL,ANA,SAQUE,2022-02-10T20:45:56,2904.05
4657,0003,ITAU,FELIPE,SAQUE,2022-02-25T03:23:15,3374.11
9279,0009,BANCO DO BRASIL,MARCOS,DEPOSITO,2022-02-11T17:10:28,104.54
4582,0008,ITAU,BRUNA,SAQUE,2022-02-28T13:40:50,4346.58
4582,0008,ITAU,BRUNA,DEPOSITO,2022-02-08T10:25:06,2276.57
1488,0007,SANTANDER,LUCAS,SAQUE,2022-02-17T09:10:13,4498.13
2679,0004,BANCO DO BRASIL,JULIA,SAQUE,2022-02-13T21:05:43,3492.49
2824,0001,SANTANDER,JOAO,SAQUE,2022-02-14T01:00:04,3163.2
2824,0001,SANTANDER,JOAO,SAQUE,2022-02-10T02:47:58,736.4
1434,0010,BANCO DO BRASIL,PAULA,DEPOSITO,2022-02-12T20:08:30,2887.13
1488,0007,SANTANDER,LUCAS,SAQUE,2022-02-04T09:38:50,2860.49
7912,0006,SANTANDER,CARLOS,DEPOSITO,2022-02-23T10:13:18,3343.11
4657,0003,ITAU,FELIPE,DEPOSITO,2022-02-27T23:20:01,1465.4
1488,0007,SANTANDER,LUCAS,SAQUE,2022-02-18T06:38:34,3228.8
5506,0002,ITAU,MARIA,DEPOSITO,2022-02-19T23:43:37,2310.93
2824,0001,SANTANDER,JOAO,SAQUE,2022-02-28T12:56:42,3159.75
7912,0006,SANTANDER,CARLOS,SAQUE,2022-02-06T13:26:25,3891.18
1434,0010,BANCO DO BRASIL,PAULA,SAQUE,2022-02-06T16:33:37,3625.72
4657,0003,ITAU,FELIPE,SAQUE,2022-02-12T03:26:53,4585.08
2424,0005,BANCO DO BRASIL,ANA,DEPOSITO,2022-02-15T10:42:49,801.38
9279,0009,BANCO DO BRASIL,MARCOS,SAQUE,2022-02-20T21:24:47,3911.12
1488,0007,SANTANDER,LUCAS,DEPOSITO,2022-02-26T07:00:55,1439.48
9279,0009,BANCO DO BRASIL,MARCOS,DEPOSITO,2022-02-19T02:53:27,1975.62
1434,0010,BANCO DO BRASIL,PAULA,DEPOSITO,2022-02-09T00:01:23,243.98
7912,0006,SANTANDER,CARLOS,SAQUE,2022-02-03T21:57:15,4021.12
1434,0010,BANCO DO BRASIL,PAULA,SAQUE,2022-02-27T14:09:13,4458.73
2679,0004,BANCO DO BRASIL,JULIA,SAQUE,2022-02-23T19:09:01,4764.62
7912,0006,SANTANDER,CARLOS,SAQUE,2022-02-20T14:37:27,67.66
4582,0008,ITAU,BRUNA,SAQUE,2022-02-05T03:29:49,285.32
1488,0007,SANTANDER,LUCAS,SAQUE,2022-02-20T07:06:35,2948.36
2424,0005,BANCO DO BRASIL,ANA,SAQUE,2022-02-25T19:21:38,474.84
2824,0001,SANTANDER,JOAO,SAQUE,2022-02-23T00:47:42,3352.51
1434,0010,BANCO DO BRASIL,PAULA,DEPOSITO,2022-02-23T01:00:11,2643.29
1434,0010,BANCO DO BRASIL,PAULA,DEPOSITO,2022-02-16T04:33:07,1976.81
2824,0001,SANTANDER,JOAO,SAQUE,2022-02-15T16:16:45,2748.09
9279,0009,BANCO DO BRASIL,MARCOS,SAQUE,2022-02-07T05:58:31,687.06
4582,0008,ITAU,BRUNA,SAQUE,2022-02-16T17:50:10,3142.65
2424,0005,BANCO DO BRASIL,ANA,SAQUE,2022-02-11T10:31:02,4181.26
2424,0005,BANCO DO BRASIL,ANA,SAQUE,2022-02-17T11:08:28,4918.26
2424,0005,BANCO DO BRASIL,ANA,DEPOSITO,2022-02-18T08:13:37,3333.63
2824,0001,SANTANDER,JOAO,SAQUE,2022-02-17T12:34:19,826.99
1434,0010,BANCO DO BRASIL,PAULA,SAQUE,2022-02-08T09:01:39,88.9
2424,0005,BANCO DO BRASIL,ANA,DEPOSITO,2022-02-08T01:41:36,2263.53
4657,0003,ITAU,FELIPE,SAQUE,2022-02-27T05:23:47,1260.76
5506,0002,ITAU,MARIA,DEPOSITO,2022-02-08T10:43:36,146.27
2679,0004,BANCO DO BRASIL,JULIA,DEPOSITO,2022-02-04T14:52:39,1605.64
2824,0001,SANTANDER,JOAO,SAQUE,2022-02-23T07:16:17,798.03
2679,0004,BANCO DO BRASIL,JULIA,SAQUE,2022-02-10T04:55:48,30.86
1488,0007,SANTANDER,LUCAS,DEPOSITO,2022-02-08T20:52:12,1053.04
5506,0002,ITAU,MARIA,DEPOSITO,2022-02-09T23:53:42,3414.98
1434,0010,BANCO DO BRASIL,PAULA,DEPOSITO,2022-02-02T15:03:47,3239.62
4657,0003,ITAU,FELIPE,DEPOSITO,2022-02-05T17:43:02,3827.81
4657,0003,ITAU,FELIPE,SAQUE,2022-02-02T14:39:21,4220.39
5506,0002,ITAU,MARIA,SAQUE,2022-02-25T09:02:29,523.78
2424,0005,BANCO DO BRASIL,ANA,SAQUE,2022-02-22T05:56:15,4958.03
2424,0005,BANCO DO BRASIL,ANA,SAQUE,2022-02-19T01:44:16,1917.39
1488,0007,SANTANDER,LUCAS,SAQUE,2022-02-07T00:25:58,2115.91
5506,0002,ITAU,MARIA,SAQUE,2022-02-08T09:16:27,1477.62
2424,0005,BANCO DO BRASIL,ANA,DEPOSITO,2022-02-27T19:41:39,2026.7
5506,0002,ITAU,MARIA,DEPOSITO,2022-02-11T18:39:00,2558.27
2824,0001,SANTANDER,JOAO,SAQUE,2022-02-12T16:54:14,4164.47
1434,0010,BANCO DO BRASIL,PAULA,DEPOSITO,2022-02-10T14:28:36,3913.37
4657,0003,ITAU,FELIPE,SAQUE,2022-02-20T10:48:17,1008.38
4657,0003,ITAU,FELIPE,DEPOSITO,2022-02-28T08:21:59,3848.51
9279,0009,BANCO DO BRASIL,MARCOS,DEPOSITO,2022-02-25T15:57:43,3238.74
5506,0002,ITAU,MARIA,DEPOSITO,2022-02-13T18:44:27,904.24
7912,0006,SANTANDER,CARLOS,SAQUE,2022-02-16T01:14:47,3060.09
1434,0010,BANCO DO BRASIL,PAULA,DEPOSITO,2022-02-22T18:23:41,4007.63
4657,0003,ITAU,FELIPE,SAQUE,2022-02-13T02:07:26,1369.43
1434,0010,BANCO DO BRASIL,PAULA,SAQUE,2022-02-21T13:26:07,2455.56
1434,0010,BANCO DO BRASIL,PAULA,SAQUE,2022-02-10T03:26:58,2706.63
2679,0004,BANCO DO BRASIL,JULIA,SAQUE,2022-02-28T14:10:09,4940.84
1488,0007,SANTANDER,LUCAS,DEPOSITO,2022-02-05T09:12:52,1990.51
4657,0003,ITAU,FELIPE,DEPOSITO,2022-02-05T08:24:16,3890.88
2824,0001,SANTANDER,JOAO,SAQUE,2022-02-25T23:45:00,4032.96
9279,0009,BANCO DO BRASIL,MARCOS,DEPOSITO,2022-02-28T07:21:30,3899.07
4657,0003,ITAU,FELIPE,SAQUE,2022-02-24T20:43:36,4472.39
7912,0006,SANTANDER,CARLOS,SAQUE,2022-02-22T10:26:05,517.71
4657,0003,ITAU,FELIPE,SAQUE,2022-02-26T09:08:59,3260.0
9279,0009,BANCO DO BRASIL,MARCOS,DEPOSITO,2022-02-12T09:37:20,4846.08
2679,0004,BANCO DO BRASIL,JULIA,SAQUE,2022-02-17T14:34:58,2577.25
2824,0001,SANTANDER,JOAO,DEPOSITO,2022-02-19T20:24:00,1572.84
7912,0006,SANTANDER,CARLOS,DEPOSITO,2022-02-05T14:18:23,4815.91
2824,0001,SANTANDER,JOAO,DEPOSITO,2022-02-15T11:50:33,4189.0
4582,0008,ITAU,BRUNA,DEPOSITO,2022-02-17T06:53:10,1004.27
7912,0006,SANTANDER,CARLOS,SAQUE,2022-02-21T03:11:15,1919.25
4582,0008,ITAU,BRUNA,SAQUE,2022-02-07T21:32:38,3653.63
4657,0003,ITAU,FELIPE,SAQUE,2022-02-14T13:13:54,61.08
1434,0010,BANCO DO BRASIL,PAULA,DEPOSITO,2022-02-10T16:38:16,493.96
1434,0010,BANCO DO BRASIL,PAULA,SAQUE,2022-02-17T04:50:05,3693.76
5506,0002,ITAU,MARIA,DEPOSITO,2022-02-15T22:16:47,1204.87
7912,0006,SANTANDER,CARLOS,DEPOSITO,2022-02-25T22:13:25,254.26
1434,0010,BANCO DO BRASIL,PAULA,SAQUE,2022-02-06T22:55:27,1577.08
5506,0002,ITAU,MARIA,DEPOSITO,2022-02-21T16:33:27,4311.2
9279,0009,BANCO DO BRASIL,MARCOS,SAQUE,2022-02-07T12:45:44,2012.62
5506,0002,ITAU,MARIA,DEPOSITO,2022-02-05T05:31:19,185.61
2824,0001,SANTANDER,JOAO,SAQUE,2022-02-02T13:23:58,4027.18
2424,0005,BANCO DO BRASIL,ANA,SAQUE,2022-02-08T15:29:46,1375.45
4657,0003,ITAU,FELIPE,SAQUE,2022-02-05T13:24:47,508.96
1488,0007,SANTANDER,LUCAS,DEPOSITO,2022-02-05T05:34:37,936.34
1434,0010,BANCO DO BRASIL,PAULA,SAQUE,2022-02-20T01:49:15,214.11
9279,0009,BANCO DO BRASIL,MARCOS,DEPOSITO,2022-02-08T23:05:24,4114.95
7912,0006,SANTANDER,CARLOS,DEPOSITO,2022-02-19T22:52:48,3026.5
2424,0005,BANCO DO BRASIL,ANA,SAQUE,2022-02-04T14:42:49,1223.26
9279,0009,BANCO DO BRASIL,MARCOS,SAQUE,2022-02-21T21:04:04,2263.26
1488,0007,SANTANDER,LUCAS,DEPOSITO,2022-02-27T10:13:16,1990.47
9279,0009,BANCO DO BRASIL,MARCOS,SAQUE,2022-02-17T15:26:48,4920.52
7912,0006,SANTANDER,CARLOS,SAQUE,2022-02-20T16:46:56,2111.49
4582,0008,ITAU,BRUNA,SAQUE,2022-02-14T17:14:53,228.16
4657,0003,ITAU,FELIPE,DEPOSITO,2022-02-24T01:44:49,3568.26
4582,0008,ITAU,BRUNA,DEPOSITO,2022-02-17T17:53:13,299.58
1488,0007,SANTANDER,LUCAS,DEPOSITO,2022-02-23T13:45:01,2214.51
5506,0002,ITAU,MARIA,DEPOSITO,2022-02-22T05:14:32,4344.7
2679,0004,BANCO DO BRASIL,JULIA,DEPOSITO,2022-02-18T18:52:18,1676.45
2679,0004,BANCO DO BRASIL,JULIA,SAQUE,2022-02-10T12:20:31,117.25
1434,0010,BANCO DO BRASIL,PAULA,SAQUE,2022-02-17T02:31:21,1951.07
5506,0002,ITAU,MARIA,SAQUE,2022-02-16T06:58:56,937.79
1434,0010,BANCO DO BRASIL,PAULA,SAQUE,2022-02-02T07:46:16,1937.56
7912,0006,SANTANDER,CARLOS,SAQUE,2022-02-02T12:37:18,4392.65
7912,0006,SANTANDER,CARLOS,SAQUE,2022-02-09T17:34:26,786.2
4657,0003,ITAU,FELIPE,SAQUE,2022-02-21T18:19:50,2457.64
9279,0009,BANCO DO BRASIL,MARCOS,SAQUE,2022-02-08T14:57:28,330.52
1434,0010,BANCO DO BRASIL,PAULA,DEPOSITO,2022-02-07T06:08:41,4697.56
2424,0005,BANCO DO BRASIL,ANA,SAQUE,2022-02-11T07:29:04,4808.02
4582,0008,ITAU,BRUNA,DEPOSITO,2022-02-01T16:34:55,3347.04
2824,0001,SANTANDER,JOAO,SAQUE,2022-02-03T01:57:10,788.16
2824,0001,SANTANDER,JOAO,SAQUE,2022-02-27T15:05:59,2599.8
4657,0003,ITAU,FELIPE,SAQUE,2022-02-07T20:54:04,640.38
2679,0004,BANCO DO BRASIL,JULIA,DEPOSITO,2022-02-24T17:51:51,2396.8
5506,0002,ITAU,MARIA,DEPOSITO,2022-02-16T00:26:34,1154.49
1434,0010,BANCO DO BRASIL,PAULA,SAQUE,2022-02-20T18:50:46,746.12
1488,0007,SANTANDER,LUCAS,DEPOSITO,2022-02-11T09:50:36,3599.51
1434,0010,BANCO DO BRASIL,PAULA,DEPOSITO,2022-02-12T16:00:14,3001.08
7912,0006,SANTANDER,CARLOS,SAQUE,2022-02-01T15:47:21,4443.51
7912,0006,SANTANDER,CARLOS,SAQUE,2022-02-03T13:17:37,786.34
5506,0002,ITAU,MARIA,SAQUE,2022-02-25T08:42:51,2842.81
9279,0009,BANCO DO BRASIL,MARCOS,DEPOSITO,2022-02-22T18:42:57,3475.35
2424,0005,BANCO DO BRASIL,ANA,SAQUE,2022-02-15T12:23:28,2810.83
5506,0002,ITAU,MARIA,DEPOSITO,2022-02-03T13:29:11,4518.89
2679,0004,BANCO DO BRASIL,JULIA,SAQUE,2022-02-05T22:22:41,875.21
4582,0008,ITAU,BRUNA,DEPOSITO,2022-02-19T22:52:02,4513.49
1488,0007,SANTANDER,LUCAS,DEPOSITO,2022-02-14T23:21:16,3666.49
2424,0005,BANCO DO BRASIL,ANA,SAQUE,2022-02-04T04:23:25,4533.01
2679,0004,BANCO DO BRASIL,JULIA,SAQUE,2022-02-15T07:43:03,957.93
1488,0007,SANTANDER,LUCAS,SAQUE,2022-02-21T01:08:00,3455.6
4657,0003,ITAU,FELIPE,DEPOSITO,2022-02-14T23:26:35,1053.66
2424,0005,BANCO DO BRASIL,ANA,DEPOSITO,2022-02-09T17:59:31,412.21
7912,0006,SANTANDER,CARLOS,SAQUE,2022-02-05T05:58:09,375.51
2824,0001,SANTANDER,JOAO,DEPOSITO,2022-02-01T21:59:13,52.6
9279,0009,BANCO DO BRASIL,MARCOS,DEPOSITO,2022-02-28T09:53:18,1834.56
7912,0006,SANTANDER,CARLOS,SAQUE,2022-02-26T05:33:15,3322.08
4657,0003,ITAU,FELIPE,SAQUE,2022-02-03T03:16:41,2084.24
1488,0007,SANTANDER,LUCAS,SAQUE,2022-02-18T09:28:28,302.53
4657,0003,ITAU,FELIPE,DEPOSITO,2022-02-18T03:50:12,1666.76
2824,0001,SANTANDER,JOAO,SAQUE,2022-02-13T00:06:21,1004.81
2424,0005,BANCO DO BRASIL,ANA,DEPOSITO,2022-02-20T19:48:44,1637.65
2824,0001,SANTANDER,JOAO,DEPOSITO,2022-02-19T19:57:44,362.6
5506,0002,ITAU,MARIA,SAQUE,2022-02-14T11:50:45,2405.73
1434,0010,BANCO DO BRASIL,PAULA,SAQUE,2022-02-03T13:48:33,2981.21
7912,0006,SANTANDER,CARLOS,DEPOSITO,2022-02-23T19:26:24,4760.71
1434,0010,BANCO DO BRASIL,PAULA,SAQUE,2022-02-27T20:22:39,3667.88
4582,0008,ITAU,BRUNA,SAQUE,2022-02-25T09:15:02,4232.23
1434,0010,BANCO DO BRASIL,PAULA,SAQUE,2022-02-02T03:59:35,2815.83
2424,0005,BANCO DO BRASIL,ANA,SAQUE,2022-02-02T12:55:46,2374.27
2424,0005,BANCO DO BRASIL,ANA,SAQUE,2022-02-22T11:10:57,1110.99
1488,0007,SANTANDER,LUCAS,SAQUE,2022-02-17T04:08:29,771.98
1488,0007,SANTANDER,LUCAS,DEPOSITO,2022-02-05T20:35:07,1779.86
2424,0005,BANCO DO BRASIL,ANA,SAQUE,2022-02-16T05:58:08,1903.43
4582,0008,ITAU,BRUNA,DEPOSITO,2022-02-04T05:01:49,4666.43
1434,0010,BANCO DO BRASIL,PAULA,DEPOSITO,2022-02-02T03:15:25,2268.69
4657,0003,ITAU,FELIPE,DEPOSITO,2022-02-03T21:32:06,2627.3
2679,0004,BANCO DO BRASIL,JULIA,SAQUE,2022-02-27T05:46:20,1661.29
9279,0009,BANCO DO BRASIL,MARCOS,SAQUE,2022-02-22T06:40:55,4106.11
1434,0010,BANCO DO BRASIL,PAULA,DEPOSITO,2022-02-14T07:51:35,2691.87
2679,0004,BANCO DO BRASIL,JULIA,SAQUE,2022-02-23T14:09:12,150.83
4657,0003,ITAU,FELIPE,SAQUE,2022-02-25T07:28:26,773.8
1488,0007,SANTANDER,LUCAS,SAQUE,2022-02-08T03:35:15,3654.93
1434,0010,BANCO DO BRASIL,PAULA,SAQUE,2022-02-17T20:52:29,2034.1
2679,0004,BANCO DO BRASIL,JULIA,DEPOSITO,2022-02-19T01:49:56,4443.89
4582,0008,ITAU,BRUNA,DEPOSITO,2022-02-20T12:29:25,860.79
9279,0009,BANCO DO BRASIL,MARCOS,SAQUE,2022-02-01T17:21:29,4367.55
1488,0007,SANTANDER,LUCAS,SAQUE,2022-02-28T17:47:07,2995.19
2679,0004,BANCO DO BRASIL,JULIA,DEPOSITO,2022-02-09T21:14:46,2720.29
2424,0005,BANCO DO BRASIL,ANA,SAQUE,2022-02-17T12:09:31,4107.75
5506,0002,ITAU,MARIA,SAQUE,2022-02-22T01:42:32,2765.23
4582,0008,ITAU,BRUNA,DEPOSITO,2022-02-16T23:54:49,4037.83
4582,0008,ITAU,BRUNA,DEPOSITO,2022-02-09T03:00:49,12.71
9279,0009,BANCO DO BRASIL,MARCOS,SAQUE,2022-02-20T18:44:00,1201.7
2424,0005,BANCO DO BRASIL,ANA,DEPOSITO,2022-02-16T02:05:57,3877.6
2679,0004,BANCO DO BRASIL,JULIA,DEPOSITO,2022-02-11T05:07:04,4298.49
5506,0002,ITAU,MARIA,SAQUE,2022-02-01T11:14:15,3618.3
9279,0009,BANCO DO BRASIL,MARCOS,DEPOSITO,2022-02-15T17:56:19,3041.28
1488,0007,SANTANDER,LUCAS,SAQUE,2022-02-07T20:07:06,3632.36
2424,0005,BANCO DO BRASIL,ANA,DEPOSITO,2022-02-02T08:24:03,1214.23
2824,0001,SANTANDER,JOAO,SAQUE,2022-02-04T04:38:01,2613.3
9279,0009,BANCO DO BRASIL,MARCOS,SAQUE,2022-02-03T02:48:31,1370.33
5506,0002,ITAU,MARIA,DEPOSITO,2022-02-21T08:10:30,2623.58
4657,0003,ITAU,FELIPE,DEPOSITO,2022-02-02T20:13:51,460.38
9279,0009,BANCO DO BRASIL,MARCOS,DEPOSITO,2022-02-11T07:18:30,4673.46
7912,0006,SANTANDER,CARLOS,DEPOSITO,2022-02-11T07:15:05,3569.55
9279,0009,BANCO DO BRASIL,MARCOS,DEPOSITO,2022-02-06T12:22:54,1078.5
4657,0003,ITAU,FELIPE,DEPOSITO,2022-02-12T08:18:44,1166.25
2679,0004,BANCO DO BRASIL,JULIA,DEPOSITO,2022-02-10T16:37:42,1181.96
7912,0006,SANTANDER,CARLOS,DEPOSITO,2022-02-21T00:00:30,1708.16
2424,0005,BANCO DO BRASIL,ANA,DEPOSITO,2022-02-06T07:50:17,2381.22
2824,0001,SANTANDER,JOAO,SAQUE,2022-02-22T08:45:10,1762.43
2679,0004,BANCO DO BRASIL,JULIA,DEPOSITO,2022-02-08T15:35:02,4664.61
1488,0007,SANTANDER,LUCAS,DEPOSITO,2022-02-09T07:00:49,3062.06
2824,0001,SANTANDER,JOAO,SAQUE,2022-02-18T08:03:47,4078.3
1434,0010,BANCO DO BRASIL,PAULA,SAQUE,2022-02-04T06:40:21,1769.33
1488,0007,SANTANDER,LUCAS,DEPOSITO,2022-02-25T03:45:46,4961.51
2824,0001,SANTANDER,JOAO,DEPOSITO,2022-02-22T15:45:43,683.2
1488,0007,SANTANDER,LUCAS,DEPOSITO,2022-02-24T02:22:40,3336.72
2679,0004,BANCO DO BRASIL,JULIA,SAQUE,2022-02-13T17:50:55,3534.32
7912,0006,SANTANDER,CARLOS,SAQUE,2022-02-15T07:58:52,1680.04
4657,0003,ITAU,FELIPE,SAQUE,2022-02-21T06:53:32,220.2
1434,0010,BANCO DO BRASIL,PAULA,SAQUE,2022-02-09T12:12:20,3205.05
1488,0007,SANTANDER,LUCAS,DEPOSITO,2022-02-27T20:48:40,1527.82
2424,0005,BANCO DO BRASIL,ANA,SAQUE,2022-02-06T21:37:03,4340.8
2424,0005,BANCO DO BRASIL,ANA,SAQUE,2022-02-28T09:45:35,3599.4
7912,0006,SANTANDER,CARLOS,SAQUE,2022-02-27T15:59:49,4963.83
9279,0009,BANCO DO BRASIL,MARCOS,DEPOSITO,2022-02-21T15:44:52,4983.19
1488,0007,SANTANDER,LUCAS,DEPOSITO,2022-02-26T22:45:04,4075.43
1434,0010,BANCO DO BRASIL,PAULA,SAQUE,2022-02-21T05:09:47,4602.86
2424,0005,BANCO DO BRASIL,ANA,DEPOSITO,2022-02-06T04:05:41,777.99
5506,0002,ITAU,MARIA,DEPOSITO,2022-02-24T05:17:04,3503.56
4657,0003,ITAU,FELIPE,SAQUE,2022-02-10T18:13:50,676.05
4657,0003,ITAU,FELIPE,SAQUE,2022-02-07T16:54:33,1551.9
2679,0004,BANCO DO BRASIL,JULIA,SAQUE,2022-02-27T03:03:48,2969.52
5506,0002,ITAU,MARIA,SAQUE,2022-02-09T18:39:38,1983.66
7912,0006,SANTANDER,CARLOS,SAQUE,2022-02-04T18:07:38,3008.76
2424,0005,BANCO DO BRASIL,ANA,SAQUE,2022-02-04T22:19:26,3106.07
1488,0007,SANTANDER,LUCAS,SAQUE,2022-02-06T03:47:23,4563.92
5506,0002,ITAU,MARIA,SAQUE,2022-02-27T08:44:01,1230.27
4582,0008,ITAU,BRUNA,DEPOSITO,2022-02-01T03:07:54,942.11
2424,0005,BANCO DO BRASIL,ANA,SAQUE,2022-02-01T12:23:05,1147.71
2679,0004,BANCO DO BRASIL,JULIA,SAQUE,2022-02-25T06:29:00,947.97
2424,0005,BANCO DO BRASIL,ANA,DEPOSITO,2022-02-07T07:07:20,531.32
2424,0005,BANCO DO BRASIL,ANA,DEPOSITO,2022-02-05T10:26:28,3718.12
5506,0002,ITAU,MARIA,DEPOSITO,2022-02-19T13:32:35,4499.26
9279,0009,BANCO DO BRASIL,MARCOS,DEPOSITO,2022-02-02T04:00:32,1938.05
5506,0002,ITAU,MARIA,DEPOSITO,2022-02-07T10:54:43,4826.45
4582,0008,ITAU,BRUNA,DEPOSITO,2022-02-14T04:01:38,3594.38
9279,0009,BANCO DO BRASIL,MARCOS,DEPOSITO,2022-02-26T20:22:39,2685.7
9279,0009,BANCO DO BRASIL,MARCOS,DEPOSITO,2022-02-12T03:40:02,2054.72
1488,0007,SANTANDER,LUCAS,SAQUE,2022-02-10T10:10:08,688.66
1434,0010,BANCO DO BRASIL,PAULA,DEPOSITO,2022-02-26T00:40:54,182.85
4582,0008,ITAU,BRUNA,DEPOSITO,2022-02-17T15:02:22,2854.92
1434,0010,BANCO DO BRASIL,PAULA,DEPOSITO,2022-02-06T07:33:15,2306.47
4582,0008,ITAU,BRUNA,DEPOSITO,2022-02-05T04:55:26,4387.51
2424,0005,BANCO DO BRASIL,ANA,SAQUE,2022-02-24T22:20:41,1843.02
2679,0004,BANCO DO BRASIL,JULIA,DEPOSITO,2022-02-19T07:22:00,2267.58
4582,0008,ITAU,BRUNA,DEPOSITO,2022-02-19T20:30:55,189.56
1488,0007,SANTANDER,LUCAS,SAQUE,2022-02-04T19:58:17,1604.34
5506,0002,ITAU,MARIA,SAQUE,2022-02-03T12:23:09,2486.04
2679,0004,BANCO DO BRASIL,JULIA,SAQUE,2022-02-23T22:06:59,4686.33
5506,0002,ITAU,MARIA,SAQUE,2022-02-21T22:51:55,4407.09
9279,0009,BANCO DO BRASIL,MARCOS,DEPOSITO,2022-02-25T23:04:23,4525.96
4657,0003,ITAU,FELIPE,SAQUE,2022-02-24T03:32:41,3876.98
4657,0003,ITAU,FELIPE,DEPOSITO,2022-02-22T21:57:52,1354.47
1434,0010,BANCO DO BRASIL,PAULA,DEPOSITO,2022-02-02T22:55:55,2618.66
2679,0004,BANCO DO BRASIL,JULIA,DEPOSITO,2022-02-16T21:46:00,3592.25
1434,0010,BANCO DO BRASIL,PAULA,DEPOSITO,2022-02-05T07:43:25,4453.98
4657,0003,ITAU,FELIPE,DEPOSITO,2022-02-01T04:22:12,4158.39
1488,0007,SANTANDER,LUCAS,SAQUE,2022-02-04T01:42:45,4169.76
5506,0002,ITAU,MARIA,DEPOSITO,2022-02-20T10:54:31,664.65
4582,0008,ITAU,BRUNA,DEPOSITO,2022-02-09T14:07:39,953.83
4582,0008,ITAU,BRUNA,DEPOSITO,2022-02-24T15:43:56,3843.12
2679,0004,BANCO DO BRASIL,JULIA,DEPOSITO,2022-02-22T12:05:12,1243.34
4582,0008,ITAU,BRUNA,DEPOSITO,2022-02-05T12:38:03,865.4
1434,0010,BANCO DO BRASIL,PAULA,DEPOSITO,2022-02-11T17:33:24,639.21
2824,0001,SANTANDER,JOAO,SAQUE,2022-02-27T05:26:51,4499.54
2424,0005,BANCO DO BRASIL,ANA,SAQUE,2022-02-24T13:40:44,1291.62
9279,0009,BANCO DO BRASIL,MARCOS,DEPOSITO,2022-02-07T19:21:17,1602.01
1434,0010,BANCO DO BRASIL,PAULA,SAQUE,2022-02-11T14:57:41,3948.49
1434,0010,BANCO DO BRASIL,PAULA,SAQUE,2022-02-27T23:51:16,2729.73
1434,0010,BANCO DO BRASIL,PAULA,DEPOSITO,2022-02-17T03:42:02,4388.87
9279,0009,BANCO DO BRASIL,MARCOS,SAQUE,2022-02-21T03:03:58,2755.84
2679,0004,BANCO DO BRASIL,JULIA,SAQUE,2022-02-21T09:06:06,2439.37
2424,0005,BANCO DO BRASIL,ANA,DEPOSITO,2022-02-14T01:47:04,1099.53
1434,0010,BANCO DO BRASIL,PAULA,SAQUE,2022-02-23T00:15:44,1925.76
4657,0003,ITAU,FELIPE,SAQUE,2022-02-17T17:38:04,4646.04
5506,0002,ITAU,MARIA,DEPOSITO,2022-02-11T06:51:38,4975.18
2424,0005,BANCO DO BRASIL,ANA,DEPOSITO,2022-02-27T04:47:48,3958.17
2824,0001,SANTANDER,JOAO,DEPOSITO,2022-02-07T22:08:45,1498.3
2824,0001,SANTANDER,JOAO,SAQUE,2022-02-20T08:15:10,706.31
2424,0005,BANCO DO BRASIL,ANA,SAQUE,2022-02-25T07:42:42,1955.76
2824,0001,SANTANDER,JOAO,SAQUE,2022-02-12T02:04:58,2687.44
2824,0001,SANTANDER,JOAO,SAQUE,2022-02-03T13:04:05,2636.35
1434,0010,BANCO DO BRASIL,PAULA,SAQUE,2022-02-10T16:05:31,807.56
7912,0006,SANTANDER,CARLOS,SAQUE,2022-02-18T20:03:50,1178.3
4657,0003,ITAU,FELIPE,SAQUE,2022-02-22T07:28:55,4048.01
2824,0001,SANTANDER,JOAO,DEPOSITO,2022-02-23T01:10:08,3069.35
7912,0006,SANTANDER,CARLOS,DEPOSITO,2022-02-04T02:02:10,3645.75
9279,0009,BANCO DO BRASIL,MARCOS,SAQUE,2022-02-05T14:48:11,500.89
7912,0006,SANTANDER,CARLOS,DEPOSITO,2022-02-14T16:21:30,2242.42
2424,0005,BANCO DO BRASIL,ANA,DEPOSITO,2022-02-05T15:18:46,2649.51
2424,0005,BANCO DO BRASIL,ANA,DEPOSITO,2022-02-09T14:41:55,3539.24
4657,0003,ITAU,FELIPE,SAQUE,2022-02-10T08:56:25,2229.09
2679,0004,BANCO DO BRASIL,JULIA,SAQUE,2022-02-08T00:14:12,3106.71
5506,0002,ITAU,MARIA,SAQUE,2022-02-05T12:56:09,2032.34
5506,0002,ITAU,MARIA,SAQUE,2022-02-25T22:47:38,2505.61
9279,0009,BANCO DO BRASIL,MARCOS,SAQUE,2022-02-19T22:11:13,4123.57
2679,0004,BANCO DO BRASIL,JULIA,DEPOSITO,2022-02-26T17:56:02,1166.45
1488,0007,SANTANDER,LUCAS,DEPOSITO,2022-02-14T01:01:34,469.22
4582,0008,ITAU,BRUNA,SAQUE,2022-02-17T13:03:47,4164.26
1488,0007,SANTANDER,LUCAS,SAQUE,2022-02-04T12:17:53,4382.09
9279,0009,BANCO DO BRASIL,MARCOS,DEPOSITO,2022-02-25T06:10:27,2674.36
9279,0009,BANCO DO BRASIL,MARCOS,DEPOSITO,2022-02-17T06:35:01,4884.27
1488,0007,SANTANDER,LUCAS,DEPOSITO,2022-02-27T03:01:42,1572.68
4657,0003,ITAU,FELIPE,DEPOSITO,2022-02-01T05:21:43,4087.61
2424,0005,BANCO DO BRASIL,ANA,SAQUE,2022-02-10T00:13:58,1476.79
1434,0010,BANCO DO BRASIL,PAULA,SAQUE,2022-02-11T05:37:18,1854.11
4582,0008,ITAU,BRUNA,SAQUE,2022-02-26T20:06:17,3491.65
1434,0010,BANCO DO BRASIL,PAULA,DEPOSITO,2022-02-08T06:51:26,4864.16
7912,0006,SANTANDER,CARLOS,SAQUE,2022-02-21T19:24:44,3481.86
4657,0003,ITAU,FELIPE,DEPOSITO,2022-02-04T00:42:48,1852.42
5506,0002,ITAU,MARIA,SAQUE,2022-02-27T09:14:13,3410.84
1434,0010,BANCO DO BRASIL,PAULA,SAQUE,2022-02-23T17:19:34,2426.24
2424,0005,BANCO DO BRASIL,ANA,DEPOSITO,2022-02-28T15:09:18,3443.06
1488,0007,SANTANDER,LUCAS,SAQUE,2022-02-20T02:14:54,4144.46
2824,0001,SANTANDER,JOAO,SAQUE,2022-02-23T13:22:01,2795.97
5506,0002,ITAU,MARIA,SAQUE,2022-02-07T17:02:25,3500.39
2424,0005,BANCO DO BRASIL,ANA,SAQUE,2022-02-07T02:16:51,1184.11
1434,0010,BANCO DO BRASIL,PAULA,DEPOSITO,2022-02-14T07:11:48,690.51
4657,0003,ITAU,FELIPE,SAQUE,2022-02-23T05:17:16,1647.33
4657,0003,ITAU,FELIPE,SAQUE,2022-02-27T17:38:52,40.53
4657,0003,ITAU,FELIPE,SAQUE,2022-02-27T22:45:37,30.94
4582,0008,ITAU,BRUNA,SAQUE,2022-02-28T05:39:32,4555.08
7912,0006,SANTANDER,CARLOS,SAQUE,2022-02-08T04:17:51,1314.04
9279,0009,BANCO DO BRASIL,MARCOS,DEPOSITO,2022-02-23T00:05:17,3479.1
1488,0007,SANTANDER,LUCAS,DEPOSITO,2022-02-15T13:53:26,4385.3
1488,0007,SANTANDER,LUCAS,SAQUE,2022-02-09T07:37:37,120.35
2824,0001,SANTANDER,JOAO,SAQUE,2022-02-02T07:10:48,4982.29
1488,0007,SANTANDER,LUCAS,SAQUE,2022-02-12T11:49:08,4324.38
4582,0008,ITAU,BRUNA,SAQUE,2022-02-07T00:44:48,4647.87
5506,0002,ITAU,MARIA,SAQUE,2022-02-25T03:29:45,3737.6
1434,0010,BANCO DO BRASIL,PAULA,DEPOSITO,2022-02-20T10:58:18,2676.49
2824,0001,SANTANDER,JOAO,SAQUE,2022-02-12T14:39:44,3613.66
5506,0002,ITAU,MARIA,SAQUE,2022-02-07T17:29:41,3312.47
4582,0008,ITAU,BRUNA,DEPOSITO,2022-02-21T01:08:05,4633.22
1488,0007,SANTANDER,LUCAS,SAQUE,2022-02-27T04:23:59,1222.72
4657,0003,ITAU,FELIPE,DEPOSITO,2022-02-13T20:23:40,782.77
1488,0007,SANTANDER,LUCAS,SAQUE,2022-02-26T14:59:00,3636.51
9279,0009,BANCO DO BRASIL,MARCOS,DEPOSITO,2022-02-04T14:31:08,312.64
4657,0003,ITAU,FELIPE,SAQUE,2022-02-24T14:46:48,918.1
2424,0005,BANCO DO BRASIL,ANA,SAQUE,2022-02-03T06:22:14,644.01
2679,0004,BANCO DO BRASIL,JULIA,DEPOSITO,2022-02-06T15:00:00,4277.62
7912,0006,SANTANDER,CARLOS,DEPOSITO,2022-02-27T08:01:11,2134.99
2679,0004,BANCO DO BRASIL,JULIA,SAQUE,2022-02-13T19:39:02,722.12
1488,0007,SANTANDER,LUCAS,SAQUE,2022-02-15T19:05:54,2626.67
2824,0001,SANTANDER,JOAO,SAQUE,2022-02-01T13:56:09,2062.13
4582,0008,ITAU,BRUNA,SAQUE,2022-02-11T08:24:44,2763.3
7912,0006,SANTANDER,CARLOS,DEPOSITO,2022-02-16T10:03:07,2062.03
2424,0005,BANCO DO BRASIL,ANA,SAQUE,2022-02-17T06:18:05,2593.18
2424,0005,BANCO DO BRASIL,ANA,DEPOSITO,2022-02-20T14:14:03,610.29
1434,0010,BANCO DO BRASIL,PAULA,SAQUE,2022-02-17T14:07:54,1360.02
1488,0007,SANTANDER,LUCAS,DEPOSITO,2022-02-10T11:42:49,3572.2
5506,0002,ITAU,MARIA,SAQUE,2022-02-22T16:08:29,2992.95
1488,0007,SANTANDER,LUCAS,SAQUE,2022-02-21T15:59:22,762.23
7912,0006,SANTANDER,CARLOS,DEPOSITO,2022-02-20T16:38:14,149.67
7912,0006,SANTANDER,CARLOS,SAQUE,2022-02-21T02:08:36,4239.61
1488,0007,SANTANDER,LUCAS,DEPOSITO,2022-02-25T06:02:18,149.37
2679,0004,BANCO DO BRASIL,JULIA,DEPOSITO,2022-02-12T00:26:45,4424.74
2679,0004,BANCO DO BRASIL,JULIA,DEPOSITO,2022-02-27T02:23:35,3745.6
7912,0006,SANTANDER,CARLOS,SAQUE,2022-02-21T01:30:04,2897.19
4657,0003,ITAU,FELIPE,SAQUE,2022-02-02T23:48:49,2936.94
4657,0003,ITAU,FELIPE,SAQUE,2022-02-25T22:24:39,3325.38
4582,0008,ITAU,BRUNA,SAQUE,2022-02-18T20:46:04,4397.17
4657,0003,ITAU,FELIPE,DEPOSITO,2022-02-16T15:42:58,4023.86
5506,0002,ITAU,MARIA,DEPOSITO,2022-02-26T11:45:27,2692.46
1488,0007,SANTANDER,LUCAS,SAQUE,2022-02-19T16:58:47,987.35
2424,0005,BANCO DO BRASIL,ANA,DEPOSITO,2022-02-21T09:13:48,2272.36
1488,0007,SANTANDER,LUCAS,SAQUE,2022-02-26T05:45:03,4628.62
2824,0001,SANTANDER,JOAO,DEPOSITO,2022-02-10T00:53:22,2016.32
2424,0005,BANCO DO BRASIL,ANA,DEPOSITO,2022-02-06T03:20:54,3115.27
5506,0002,ITAU,MARIA,SAQUE,2022-02-14T12:25:17,3660.85
5506,0002,ITAU,MARIA,DEPOSITO,2022-02-09T14:09:05,3936.75
1488,0007,SANTANDER,LUCAS,DEPOSITO,2022-02-22T20:25:38,3761.66
7912,0006,SANTANDER,CARLOS,DEPOSITO,2022-02-09T12:38:07,1011.97
4657,0003,ITAU,FELIPE,DEPOSITO,2022-02-25T16:44:36,1128.97
4657,0003,ITAU,FELIPE,SAQUE,2022-02-11T14:13:17,3453.21
2679,0004,BANCO DO BRASIL,JULIA,SAQUE,2022-02-06T20:23:39,679.37
2424,0005,BANCO DO BRASIL,ANA,SAQUE,2022-02-19T05:17:50,1814.37
1488,0007,SANTANDER,LUCAS,SAQUE,2022-02-21T17:52:06,4218.12
5506,0002,ITAU,MARIA,SAQUE,2022-02-02T09:51:08,786.15
2824,0001,SANTANDER,JOAO,SAQUE,2022-02-27T17:55:58,3406.5
4657,0003,ITAU,FELIPE,DEPOSITO,2022-02-25T12:20:44,1374.5
2679,0004,BANCO DO BRASIL,JULIA,SAQUE,2022-02-21T15:39:11,142.08
2424,0005,BANCO DO BRASIL,ANA,DEPOSITO,2022-02-14T14:37:39,4215.8
4657,0003,ITAU,FELIPE,SAQUE,2022-02-19T19:36:45,2770.86
2679,0004,BANCO DO BRASIL,JULIA,SAQUE,2022-02-23T19:16:11,3520.49
9279,0009,BANCO DO BRASIL,MARCOS,DEPOSITO,2022-02-17T13:24:25,3626.54
2824,0001,SANTANDER,JOAO,DEPOSITO,2022-02-22T13:32:26,1284.9
2679,0004,BANCO DO BRASIL,JULIA,SAQUE,2022-02-03T21:09:24,2854.67
7912,0006,SANTANDER,CARLOS,SAQUE,2022-02-01T01:28:14,4383.41
2424,0005,BANCO DO BRASIL,ANA,DEPOSITO,2022-02-17T21:53:55,4378.26
1488,0007,SANTANDER,LUCAS,DEPOSITO,2022-02-28T00:56:04,2778.15
4582,0008,ITAU,BRUNA,DEPOSITO,2022-02-17T22:58:44,3421.15
4657,0003,ITAU,FELIPE,SAQUE,2022-02-04T14:01:34,1646.75
1488,0007,SANTANDER,LUCAS,SAQUE,2022-02-27T21:08:27,1182.91
4657,0003,ITAU,FELIPE,DEPOSITO,2022-02-25T20:31:18,2155.94
7912,0006,SANTANDER,CARLOS,SAQUE,2022-02-13T05:31:13,4218.11
2679,0004,BANCO DO BRASIL,JULIA,DEPOSITO,2022-02-05T02:36:26,3293.49
2824,0001,SANTANDER,JOAO,SAQUE,2022-02-05T08:53:04,1775.33
2824,0001,SANTANDER,JOAO,SAQUE,2022-02-27T21:05:36,4501.22
2679,0004,BANCO DO BRASIL,JULIA,DEPOSITO,2022-02-19T20:43:07,3602.65
1488,0007,SANTANDER,LUCAS,DEPOSITO,2022-02-21T13:19:39,3003.74
1488,0007,SANTANDER,LUCAS,SAQUE,2022-02-02T06:35:50,457.2
1488,0007,SANTANDER,LUCAS,DEPOSITO,2022-02-02T10:20:57,1919.82
4657,0003,ITAU,FELIPE,DEPOSITO,2022-02-18T16:38:36,4523.29
2824,0001,SANTANDER,JOAO,DEPOSITO,2022-02-15T22:48:01,3057.62
2424,0005,BANCO DO BRASIL,ANA,DEPOSITO,2022-02-22T00:45:03,4894.65
2424,0005,BANCO DO BRASIL,ANA,DEPOSITO,2022-02-13T14:56:09,352.87
2424,0005,BANCO DO BRASIL,ANA,SAQUE,2022-02-04T22:26:02,3162.56
4582,0008,ITAU,BRUNA,DEPOSITO,2022-02-07T11:12:31,4944.47
1434,0010,BANCO DO BRASIL,PAULA,SAQUE,2022-02-03T21:54:05,3331.35
9279,0009,BANCO DO BRASIL,MARCOS,DEPOSITO,2022-02-17T05:44:44,214.64
7912,0006,SANTANDER,CARLOS,SAQUE,2022-02-17T20:57:30,3487.87
9279,0009,BANCO DO BRASIL,MARCOS,DEPOSITO,2022-02-07T12:21:15,4256.79
9279,0009,BANCO DO BRASIL,MARCOS,SAQUE,2022-02-21T17:38:07,4682.33
5506,0002,ITAU,MARIA,DEPOSITO,2022-02-01T18:24:28,2045.92
7912,0006,SANTANDER,CARLOS,SAQUE,2022-02-12T20:52:16,51.75
4582,0008,ITAU,BRUNA,DEPOSITO,2022-02-12T00:47:46,4574.24
7912,0006,SANTANDER,CARLOS,SAQUE,2022-02-09T12:50:16,2299.53
2824,0001,SANTANDER,JOAO,DEPOSITO,2022-02-22T02:44:32,1380.03
2679,0004,BANCO DO BRASIL,JULIA,DEPOSITO,2022-02-21T19:15:59,3100.1
9279,0009,BANCO DO BRASIL,MARCOS,SAQUE,2022-02-27T14:53:45,2039.84
4657,0003,ITAU,FELIPE,SAQUE,2022-02-13T17:14:49,2212.49
1434,0010,BANCO DO BRASIL,PAULA,DEPOSITO,2022-02-13T08:47:19,1509.51
4582,0008,ITAU,BRUNA,DEPOSITO,2022-02-27T03:30:10,4114.56
7912,0006,SANTANDER,CARLOS,DEPOSITO,2022-02-22T16:13:54,1360.96
7912,0006,SANTANDER,CARLOS,SAQUE,2022-02-20T17:07:03,587.12
4582,0008,ITAU,BRUNA,DEPOSITO,2022-02-19T18:02:51,4748.39
2424,0005,BANCO DO BRASIL,ANA,DEPOSITO,2022-02-20T15:23:30,1947.49
2679,0004,BANCO DO BRASIL,JULIA,SAQUE,2022-02-19T19:33:22,651.23
4582,0008,ITAU,BRUNA,SAQUE,2022-02-26T03:56:39,989.6
1488,0007,SANTANDER,LUCAS,SAQUE,2022-02-03T13:49:30,3354.57
5506,0002,ITAU,MARIA,SAQUE,2022-02-08T09:35:05,3696.52
2824,0001,SANTANDER,JOAO,DEPOSITO,2022-02-16T08:43:02,668.59
7912,0006,SANTANDER,CARLOS,SAQUE,2022-02-14T04:13:54,1727.24
5506,0002,ITAU,MARIA,SAQUE,2022-02-08T13:15:02,4367.37
5506,0002,ITAU,MARIA,SAQUE,2022-02-27T22:16:51,3261.24
2424,0005,BANCO DO BRASIL,ANA,DEPOSITO,2022-02-07T13:50:26,2245.04
7912,0006,SANTANDER,CARLOS,SAQUE,2022-02-17T17:09:14,1738.12
7912,0006,SANTANDER,CARLOS,DEPOSITO,2022-02-13T16:15:29,3284.04
4657,0003,ITAU,FELIPE,DEPOSITO,2022-02-03T14:00:30,952.71
2824,0001,SANTANDER,JOAO,SAQUE,2022-02-26T06:31:01,3833.24
2679,0004,BANCO DO BRASIL,JULIA,SAQUE,2022-02-21T15:08:10,3515.93
2424,0005,BANCO DO BRASIL,ANA,SAQUE,2022-02-05T00:21:38,2145.83
5506,0002,ITAU,MARIA,DEPOSITO,2022-02-24T14:33:53,4748.92
2679,0004,BANCO DO BRASIL,JULIA,DEPOSITO,2022-02-12T01:26:59,2013.81
4582,0008,ITAU,BRUNA,DEPOSITO,2022-02-27T16:28:38,2558.92
2424,0005,BANCO DO BRASIL,ANA,SAQUE,2022-02-27T15:02:16,2680.76
7912,0006,SANTANDER,CARLOS,SAQUE,2022-02-23T00:30:08,4316.43
2679,0004,BANCO DO BRASIL,JULIA,DEPOSITO,2022-02-11T22:46:58,4558.32
2824,0001,SANTANDER,JOAO,DEPOSITO,2022-02-03T06:04:31,1639.92
1488,0007,SANTANDER,LUCAS,SAQUE,2022-02-12T00:03:17,1762.49
1434,0010,BANCO DO BRASIL,PAULA,DEPOSITO,2022-02-22T07:13:34,3629.56
1488,0007,SANTANDER,LUCAS,DEPOSITO,2022-02-20T02:09:44,1150.39
2679,0004,BANCO DO BRASIL,JULIA,SAQUE,2022-02-28T15:23:31,262.19
4582,0008,ITAU,BRUNA,SAQUE,2022-02-10T15:31:40,4418.76
9279,0009,BANCO DO BRASIL,MARCOS,DEPOSITO,2022-02-22T05:55:11,4663.21
2424,0005,BANCO DO BRASIL,ANA,DEPOSITO,2022-02-19T03:11:03,4184.12
2424,0005,BANCO DO BRASIL,ANA,SAQUE,2022-02-25T22:20:49,3568.98
7912,0006,SANTANDER,CARLOS,SAQUE,2022-02-22T20:02:22,4237.2
4582,0008,ITAU,BRUNA,SAQUE,2022-02-11T09:36:15,2456.73
1488,0007,SANTANDER,LUCAS,SAQUE,2022-02-01T17:22:12,364.89
4657,0003,ITAU,FELIPE,DEPOSITO,2022-02-26T01:43:36,4905.96
2824,0001,SANTANDER,JOAO,DEPOSITO,2022-02-26T17:01:16,3229.74
2679,0004,BANCO DO BRASIL,JULIA,SAQUE,2022-02-26T17:08:41,678.43
1488,0007,SANTANDER,LUCAS,SAQUE,2022-02-10T21:21:19,3614.65
2679,0004,BANCO DO BRASIL,JULIA,DEPOSITO,2022-02-14T01:38:47,199.86
5506,0002,ITAU,MARIA,DEPOSITO,2022-02-03T00:33:57,3599.89
5506,0002,ITAU,MARIA,DEPOSITO,2022-02-14T02:21:16,618.01
9279,0009,BANCO DO BRASIL,MARCOS,DEPOSITO,2022-02-15T17:56:19,3041.28
1434,0010,BANCO DO BRASIL,PAULA,SAQUE,2022-02-05T14:10:02,2254.75
5506,0002,ITAU,MARIA,SAQUE,2022-02-11T18:21:14,20.96
4582,0008,ITAU,BRUNA,SAQUE,2022-02-03T10:35:09,1308.18
4657,0003,ITAU,FELIPE,SAQUE,2022-02-24T19:16:43,629.95
4657,0003,ITAU,FELIPE,SAQUE,2022-02-01T15:53:30,3914.47
1488,0007,SANTANDER,LUCAS,DEPOSITO,2022-02-22T01:58:26,4409.59
7912,0006,SANTANDER,CARLOS,SAQUE,2022-02-06T01:16:33,3172.94
4582,0008,ITAU,BRUNA,DEPOSITO,2022-02-17T10:57:52,1727.87
5506,0002,ITAU,MARIA,SAQUE,2022-02-09T19:29:18,3213.74
1434,0010,BANCO DO BRASIL,PAULA,DEPOSITO,2022-02-21T15:47:02,3586.27
5506,0002,ITAU,MARIA,SAQUE,2022-02-21T12:36:28,1568.62
4582,0008,ITAU,BRUNA,SAQUE,2022-02-08T02:56:38,488.5
9279,0009,BANCO DO BRASIL,MARCOS,SAQUE,2022-02-14T20:27:31,728.73
5506,0002,ITAU,MARIA,DEPOSITO,2022-02-24T23:00:19,4339.56
1488,0007,SANTANDER,LUCAS,SAQUE,2022-02-14T19:11:49,1498.27
2824,0001,SANTANDER,JOAO,SAQUE,2022-02-08T16:00:15,1376.14
1488,0007,SANTANDER,LUCAS,SAQUE,2022-02-22T11:59:14,827.82
7912,0006,SANTANDER,CARLOS,DEPOSITO,2022-02-14T22:22:55,4196.58
7912,0006,SANTANDER,CARLOS,SAQUE,2022-02-21T00:45:45,1724.43
2424,0005,BANCO DO BRASIL,ANA,DEPOSITO,2022-02-02T05:51:02,1335.57
7912,0006,SANTANDER,CARLOS,SAQUE,2022-02-24T04:39:55,2469.08
5506,0002,ITAU,MARIA,SAQUE,2022-02-17T04:51:42,1002.83
9279,0009,BANCO DO BRASIL,MARCOS,SAQUE,2022-02-14T23:47:08,1802.96
1488,0007,SANTANDER,LUCAS,DEPOSITO,2022-02-03T09:12:26,2582.68
4582,0008,ITAU,BRUNA,SAQUE,2022-02-23T02:02:54,883.97
2824,0001,SANTANDER,JOAO,SAQUE,2022-02-09T21:22:30,188.95
1488,0007,SANTANDER,LUCAS,SAQUE,2022-02-13T02:55:16,1879.48
2679,0004,BANCO DO BRASIL,JULIA,DEPOSITO,2022-02-20T14:20:41,2297.34
2824,0001,SANTANDER,JOAO,SAQUE,2022-02-16T16:20:55,248.45
2679,0004,BANCO DO BRASIL,JULIA,SAQUE,2022-02-01T22:50:51,3371.15
2824,0001,SANTANDER,JOAO,SAQUE,2022-02-05T07:54:15,1506.5
4582,0008,ITAU,BRUNA,DEPOSITO,2022-02-14T10:22:44,3526.39
7912,0006,SANTANDER,CARLOS,SAQUE,2022-02-27T01:26:38,4363.26
2424,0005,BANCO DO BRASIL,ANA,DEPOSITO,2022-02-27T07:50:53,3460.87
5506,0002,ITAU,MARIA,DEPOSITO,2022-02-01T07:19:36,2279.39
4657,0003,ITAU,FELIPE,SAQUE,2022-02-14T18:46:42,1523.28
4657,0003,ITAU,FELIPE,SAQUE,2022-02-14T04:19:07,407.3
4582,0008,ITAU,BRUNA,SAQUE,2022-02-11T08:18:38,4849.07
9279,0009,BANCO DO BRASIL,MARCOS,SAQUE,2022-02-06T11:53:02,4570.26
9279,0009,BANCO DO BRASIL,MARCOS,DEPOSITO,2022-02-01T19:47:35,2567.67
2824,0001,SANTANDER,JOAO,SAQUE,2022-02-04T06:29:03,4942.31
1488,0007,SANTANDER,LUCAS,SAQUE,2022-02-10T02:17:48,667.18
1488,0007,SANTANDER,LUCAS,SAQUE,2022-02-28T23:44:43,1796.24
2679,0004,BANCO DO BRASIL,JULIA,SAQUE,2022-02-05T02:36:36,782.24
2424,0005,BANCO DO BRASIL,ANA,DEPOSITO,2022-02-01T19:58:21,2516.06
2824,0001,SANTANDER,JOAO,DEPOSITO,2022-02-19T11:30:50,1006.22
2679,0004,BANCO DO BRASIL,JULIA,SAQUE,2022-02-18T00:51:21,3681.79
1488,0007,SANTANDER,LUCAS,DEPOSITO,2022-02-15T12:27:31,414.83
2679,0004,BANCO DO BRASIL,JULIA,DEPOSITO,2022-02-01T13:45:56,188.46
7912,0006,SANTANDER,CARLOS,DEPOSITO,2022-02-19T14:03:27,4747.84
9279,0009,BANCO DO BRASIL,MARCOS,DEPOSITO,2022-02-18T04:46:40,485.42
2679,0004,BANCO DO BRASIL,JULIA,DEPOSITO,2022-02-25T07:39:12,1342.61
2679,0004,BANCO DO BRASIL,JULIA,SAQUE,2022-02-03T10:55:41,3936.11
1488,0007,SANTANDER,LUCAS,DEPOSITO,2022-02-20T07:52:14,4280.91
2824,0001,SANTANDER,JOAO,SAQUE,2022-02-11T05:10:13,3627.3
5506,0002,ITAU,MARIA,DEPOSITO,2022-02-15T15:14:43,3629.5
2824,0001,SANTANDER,JOAO,DEPOSITO,2022-02-10T15:58:46,1377.15
4582,0008,ITAU,BRUNA,DEPOSITO,2022-02-14T06:02:10,3783.95
1434,0010,BANCO DO BRASIL,PAULA,DEPOSITO,2022-02-14T18:09:56,2914.2
2424,0005,BANCO DO BRASIL,ANA,SAQUE,2022-02-01T15:28:42,2298.69
2824,0001,SANTANDER,JOAO,SAQUE,2022-02-04T04:52:29,3895.54
2424,0005,BANCO DO BRASIL,ANA,DEPOSITO,2022-02-21T18:22:22,2744.78
2424,0005,BANCO DO BRASIL,ANA,DEPOSITO,2022-02-07T07:32:18,813.03
2424,0005,BANCO DO BRASIL,ANA,SAQUE,2022-02-27T06:30:40,171.21
2424,0005,BANCO DO BRASIL,ANA,SAQUE,2022-02-25T06:20:50,3403.1
9279,0009,BANCO DO BRASIL,MARCOS,SAQUE,2022-02-15T05:01:41,3771.18
4657,0003,ITAU,FELIPE,DEPOSITO,2022-02-03T00:37:54,529.27
7912,0006,SANTANDER,CARLOS,SAQUE,2022-02-16T22:26:44,4215.28
5506,0002,ITAU,MARIA,DEPOSITO,2022-02-02T03:39:14,2724.43
7912,0006,SANTANDER,CARLOS,SAQUE,2022-02-24T13:21:10,4830.85
9279,0009,BANCO DO BRASIL,MARCOS,SAQUE,2022-02-18T19:27:38,2035.26
4657,0003,ITAU,FELIPE,SAQUE,2022-02-06T20:05:53,406.21
2424,0005,BANCO DO BRASIL,ANA,DEPOSITO,2022-02-03T00:47:38,524.61
1488,0007,SANTANDER,LUCAS,SAQUE,2022-02-10T23:31:03,2693.39
2679,0004,BANCO DO BRASIL,JULIA,DEPOSITO,2022-02-20T17:28:10,4309.24
7912,0006,SANTANDER,CARLOS,DEPOSITO,2022-02-20T05:09:02,106.09
4582,0008,ITAU,BRUNA,SAQUE,2022-02-05T04:26:53,338.08
1488,0007,SANTANDER,LUCAS,DEPOSITO,2022-02-05T12:40:59,96.17
4657,0003,ITAU,FELIPE,SAQUE,2022-02-23T14:49:21,3626.15
4582,0008,ITAU,BRUNA,SAQUE,2022-02-05T12:41:30,4764.56
2424,0005,BANCO DO BRASIL,ANA,DEPOSITO,2022-02-16T02:52:16,3705.15
2824,0001,SANTANDER,JOAO,SAQUE,2022-02-06T08:39:40,4177.81
5506,0002,ITAU,MARIA,DEPOSITO,2022-02-11T21:56:25,1553.45
1488,0007,SANTANDER,LUCAS,DEPOSITO,2022-02-18T22:31:57,4222.31
4582,0008,ITAU,BRUNA,DEPOSITO,2022-02-06T01:47:58,4140.09
2679,0004,BANCO DO BRASIL,JULIA,DEPOSITO,2022-02-17T01:39:35,4046.22
9279,0009,BANCO DO BRASIL,MARCOS,SAQUE,2022-02-08T09:06:45,824.65
2424,0005,BANCO DO BRASIL,ANA,SAQUE,2022-02-10T19:20:02,4081.21
1434,0010,BANCO DO BRASIL,PAULA,DEPOSITO,2022-02-26T08:38:02,2651.3
7912,0006,SANTANDER,CARLOS,SAQUE,2022-02-18T11:35:09,1206.93
4582,0008,ITAU,BRUNA,DEPOSITO,2022-02-04T05:56:24,633.86
2824,0001,SANTANDER,JOAO,DEPOSITO,2022-02-24T13:39:28,48.31
2424,0005,BANCO DO BRASIL,ANA,SAQUE,2022-02-15T22:34:51,1508.42
2824,0001,SANTANDER,JOAO,SAQUE,2022-02-14T01:36:12,434.35
4582,0008,ITAU,BRUNA,DEPOSITO,2022-02-25T12:07:42,1315.71
2824,0001,SANTANDER,JOAO,SAQUE,2022-02-19T19:22:39,656.09
2679,0004,BANCO DO BRASIL,JULIA,DEPOSITO,2022-02-09T05:42:17,3297.67
5506,0002,ITAU,MARIA,SAQUE,2022-02-25T22:05:10,1715.31
5506,0002,ITAU,MARIA,SAQUE,2022-02-09T00:29:49,4465.47
1488,0007,SANTANDER,LUCAS,DEPOSITO,2022-02-12T12:00:37,2606.94
1488,0007,SANTANDER,LUCAS,DEPOSITO,2022-02-07T14:34:33,61.33
2824,0001,SANTANDER,JOAO,DEPOSITO,2022-02-20T09:22:08,3585.96
5506,0002,ITAU,MARIA,DEPOSITO,2022-02-16T13:58:17,3616.05
4582,0008,ITAU,BRUNA,DEPOSITO,2022-02-13T02:33:36,4880.86
2424,0005,BANCO DO BRASIL,ANA,SAQUE,2022-02-22T03:50:34,3177.58
7912,0006,SANTANDER,CARLOS,DEPOSITO,2022-02-22T23:18:16,3808.55
4582,0008,ITAU,BRUNA,DEPOSITO,2022-02-23T17:33:45,1952.05
4657,0003,ITAU,FELIPE,SAQUE,2022-02-05T19:17:33,2099.29
4657,0003,ITAU,FELIPE,SAQUE,2022-02-11T02:19:51,162.84
4582,0008,ITAU,BRUNA,DEPOSITO,2022-02-21T20:11:15,3128.25
7912,0006,SANTANDER,CARLOS,SAQUE,2022-02-05T17:27:20,1663.28
1434,0010,BANCO DO BRASIL,PAULA,SAQUE,2022-02-16T04:26:51,4281.75
9279,0009,BANCO DO BRASIL,MARCOS,SAQUE,2022-02-21T11:44:12,1725.64
4657,0003,ITAU,FELIPE,SAQUE,2022-02-10T04:14:20,2046.29
1434,0010,BANCO DO BRASIL,PAULA,DEPOSITO,2022-02-04T19:25:58,3902.81
5506,0002,ITAU,MARIA,SAQUE,2022-02-05T00:00:15,4601.21
7912,0006,SANTANDER,CARLOS,SAQUE,2022-02-19T19:07:59,2358.93
9279,0009,BANCO DO BRASIL,MARCOS,SAQUE,2022-02-22T08:05:49,4802.15
9279,0009,BANCO DO BRASIL,MARCOS,SAQUE,2022-02-27T17:29:49,4844.87
4582,0008,ITAU,BRUNA,DEPOSITO,2022-02-11T00:26:18,2138.57
1434,0010,BANCO DO BRASIL,PAULA,SAQUE,2022-02-12T07:04:59,581.09
1434,0010,BANCO DO BRASIL,PAULA,SAQUE,2022-02-12T18:29:02,263.32
2424,0005,BANCO DO BRASIL,ANA,DEPOSITO,2022-02-01T14:41:53,618.59
2679,0004,BANCO DO BRASIL,JULIA,DEPOSITO,2022-02-28T14:00:31,166.3
4582,0008,ITAU,BRUNA,SAQUE,2022-02-27T17:16:40,1481.68
1434,0010,BANCO DO BRASIL,PAULA,DEPOSITO,2022-02-20T22:00:03,3941.77
2679,0004,BANCO DO BRASIL,JULIA,SAQUE,2022-02-04T16:25:25,1968.43
2824,0001,SANTANDER,JOAO,DEPOSITO,2022-02-28T21:22:13,641.1
5506,0002,ITAU,MARIA,DEPOSITO,2022-02-26T08:15:08,1459.64
2679,0004,BANCO DO BRASIL,JULIA,DEPOSITO,2022-02-19T02:49:36,3008.7
2679,0004,BANCO DO BRASIL,JULIA,SAQUE,2022-02-19T04:17:29,802.16
5506,0002,ITAU,MARIA,DEPOSITO,2022-02-25T00:25:31,89.62
1434,0010,BANCO DO BRASIL,PAULA,SAQUE,2022-02-24T12:27:05,1722.35
4657,0003,ITAU,FELIPE,SAQUE,2022-02-06T14:00:37,3955.66
9279,0009,BANCO DO BRASIL,MARCOS,DEPOSITO,2022-02-19T12:33:12,1432.29
5506,0002,ITAU,MARIA,DEPOSITO,2022-02-25T15:10:59,345.32
4657,0003,ITAU,FELIPE,DEPOSITO,2022-02-14T12:29:30,4356.33
4582,0008,ITAU,BRUNA,SAQUE,2022-02-24T15:12:28,2216.87
2679,0004,BANCO DO BRASIL,JULIA,SAQUE,2022-02-06T08:53:47,2858.02
5506,0002,ITAU,MARIA,SAQUE,2022-02-11T23:34:09,1260.85
9279,0009,BANCO DO BRASIL,MARCOS,DEPOSITO,2022-02-22T16:37:31,1532.19
4582,0008,ITAU,BRUNA,SAQUE,2022-02-23T01:36:12,3209.79
9279,0009,BANCO DO BRASIL,MARCOS,SAQUE,2022-02-07T13:58:21,4814.23
9279,0009,BANCO DO BRASIL,MARCOS,SAQUE,2022-02-16T17:49:00,4215.83
1488,0007,SANTANDER,LUCAS,DEPOSITO,2022-02-22T14:36:01,1842.94
1488,0007,SANTANDER,LUCAS,SAQUE,2022-02-03T20:38:22,3076.23
2424,0005,BANCO DO BRASIL,ANA,DEPOSITO,2022-02-22T21:57:01,4695.04
5506,0002,ITAU,MARIA,SAQUE,2022-02-13T07:47:54,1587.9
2679,0004,BANCO DO BRASIL,JULIA,SAQUE,2022-02-04T17:15:32,292.71
9279,0009,BANCO DO BRASIL,MARCOS,SAQUE,2022-02-14T22:12:38,521.02
5506,0002,ITAU,MARIA,DEPOSITO,2022-02-01T09:43:08,1179.93
2424,0005,BANCO DO BRASIL,ANA,SAQUE,2022-02-11T17:30:31,4402.05
2679,0004,BANCO DO BRASIL,JULIA,SAQUE,2022-02-19T15:15:49,1386.04
1488,0007,SANTANDER,LUCAS,DEPOSITO,2022-02-18T16:03:16,4019.1
7912,0006,SANTANDER,CARLOS,DEPOSITO,2022-02-27T12:34:48,3219.56
9279,0009,BANCO DO BRASIL,MARCOS,SAQUE,2022-02-20T01:55:21,3043.57
1434,0010,BANCO DO BRASIL,PAULA,DEPOSITO,2022-02-14T19:46:21,822.88
1488,0007,SANTANDER,LUCAS,DEPOSITO,2022-02-19T18:36:58,2253.86
4657,0003,ITAU,FELIPE,SAQUE,2022-02-28T16:46:45,3663.42
1488,0007,SANTANDER,LUCAS,SAQUE,2022-02-14T00:04:26,2349.89
9279,0009,BANCO DO BRASIL,MARCOS,DEPOSITO,2022-02-18T15:34:39,4831.72
2424,0005,BANCO DO BRASIL,ANA,DEPOSITO,2022-02-05T23:12:08,46.66
5506,0002,ITAU,MARIA,DEPOSITO,2022-02-12T11:50:21,4839.68
1488,0007,SANTANDER,LUCAS,DEPOSITO,2022-02-28T22:41:15,3862.17
2824,0001,SANTANDER,JOAO,DEPOSITO,2022-02-06T17:23:05,2789.9
2679,0004,BANCO DO BRASIL,JULIA,SAQUE,2022-02-01T04:57:54,2047.19
4657,0003,ITAU,FELIPE,SAQUE,2022-02-13T17:25:25,73.84
2424,0005,BANCO DO BRASIL,ANA,DEPOSITO,2022-02-08T16:11:51,851.02
2824,0001,SANTANDER,JOAO,DEPOSITO,2022-02-01T00:00:39,1524.2
4582,0008,ITAU,BRUNA,DEPOSITO,2022-02-22T05:41:42,4449.29
1488,0007,SANTANDER,LUCAS,SAQUE,2022-02-12T07:27:43,2712.31
4582,0008,ITAU,BRUNA,SAQUE,2022-02-15T03:38:30,953.41
1488,0007,SANTANDER,LUCAS,SAQUE,2022-02-13T20:06:59,2687.5
1488,0007,SANTANDER,LUCAS,SAQUE,2022-02-23T04:59:46,1827.13
7912,0006,SANTANDER,CARLOS,DEPOSITO,2022-02-04T18:44:42,2861.96
2424,0005,BANCO DO BRASIL,ANA,SAQUE,2022-02-04T17:09:37,378.71
4582,0008,ITAU,BRUNA,DEPOSITO,2022-02-28T05:39:24,1140.22
1434,0010,BANCO DO BRASIL,PAULA,DEPOSITO,2022-02-23T07:44:53,2361.11
4657,0003,ITAU,FELIPE,SAQUE,2022-02-02T01:31:50,2952.57
2424,0005,BANCO DO BRASIL,ANA,DEPOSITO,2022-02-10T06:01:59,215.09
9279,0009,BANCO DO BRASIL,MARCOS,SAQUE,2022-02-12T07:16:27,271.93
2679,0004,BANCO DO BRASIL,JULIA,SAQUE,2022-02-24T01:08:05,2396.59
7912,0006,SANTANDER,CARLOS,SAQUE,2022-02-17T09:52:22,1049.81
5506,0002,ITAU,MARIA,DEPOSITO,2022-02-08T03:35:44,218.57
5506,0002,ITAU,MARIA,SAQUE,2022-02-24T13:15:28,1700.85
9279,0009,BANCO DO BRASIL,MARCOS,DEPOSITO,2022-02-10T03:51:17,2949.02
1434,0010,BANCO DO BRASIL,PAULA,SAQUE,2022-02-13T21:00:17,1457.18
1434,0010,BANCO DO BRASIL,PAULA,DEPOSITO,2022-02-13T10:41:21,3007.59
2679,0004,BANCO DO BRASIL,JULIA,SAQUE,2022-02-08T09:35:03,523.85
4657,0003,ITAU,FELIPE,SAQUE,2022-02-20T11:43:37,2753.3
2424,0005,BANCO DO BRASIL,ANA,DEPOSITO,2022-02-25T14:45:00,2392.78
9279,0009,BANCO DO BRASIL,MARCOS,SAQUE,2022-02-28T13:26:53,3145.86
2424,0005,BANCO DO BRASIL,ANA,DEPOSITO,2022-02-07T03:16:49,665.07
7912,0006,SANTANDER,CARLOS,DEPOSITO,2022-02-26T04:28:47,4199.12
2679,0004,BANCO DO BRASIL,JULIA,DEPOSITO,2022-02-03T20:18:54,831.54
4582,0008,ITAU,BRUNA,DEPOSITO,2022-02-28T08:47:57,3801.79
2424,0005,BANCO DO BRASIL,ANA,SAQUE,2022-02-15T13:37:14,4195.47
2679,0004,BANCO DO BRASIL,JULIA,DEPOSITO,2022-02-10T17:19:25,2978.85
1434,0010,BANCO DO BRASIL,PAULA,SAQUE,2022-02-24T11:03:07,1663.68
2424,0005,BANCO DO BRASIL,ANA,SAQUE,2022-02-17T06:18:05,2593.18
5506,0002,ITAU,MARIA,DEPOSITO,2022-02-12T21:42:35,1645.93
5506,0002,ITAU,MARIA,SAQUE,2022-02-24T22:24:34,2127.76
9279,0009,BANCO DO BRASIL,MARCOS,SAQUE,2022-02-21T22:39:06,4647.13
4657,0003,ITAU,FELIPE,SAQUE,2022-02-27T14:23:59,1967.51
1434,0010,BANCO DO BRASIL,PAULA,SAQUE,2022-02-09T04:50:42,1838.66
4657,0003,ITAU,FELIPE,SAQUE,2022-02-02T03:43:15,2036.55
9279,0009,BANCO DO BRASIL,MARCOS,SAQUE,2022-02-05T09:54:03,3961.0
2424,0005,BANCO DO BRASIL,ANA,DEPOSITO,2022-02-21T16:44:08,2566.77
4582,0008,ITAU,BRUNA,SAQUE,2022-02-16T23:07:40,2851.88
2424,0005,BANCO DO BRASIL,ANA,DEPOSITO,2022-02-08T16:19:23,2854.97
9279,0009,BANCO DO BRASIL,MARCOS,DEPOSITO,2022-02-20T21:27:40,1474.43
1434,0010,BANCO DO BRASIL,PAULA,DEPOSITO,2022-02-11T17:21:41,3201.84
1434,0010,BANCO DO BRASIL,PAULA,SAQUE,2022-02-23T18:00:34,964.14
1488,0007,SANTANDER,LUCAS,SAQUE,2022-02-21T06:12:32,341.01
4657,0003,ITAU,FELIPE,SAQUE,2022-02-27T12:58:26,1308.75
1434,0010,BANCO DO BRASIL,PAULA,SAQUE,2022-02-03T10:36:02,4754.91
1488,0007,SANTANDER,LUCAS,SAQUE,2022-02-16T10:42:08,3726.08
9279,0009,BANCO DO BRASIL,MARCOS,DEPOSITO,2022-02-17T20:50:16,4816.81
1488,0007,SANTANDER,LUCAS,DEPOSITO,2022-02-09T17:45:11,1310.78
5506,0002,ITAU,MARIA,DEPOSITO,2022-02-23T22:46:23,3915.95
4582,0008,ITAU,BRUNA,SAQUE,2022-02-10T23:54:02,1686.48
2679,0004,BANCO DO BRASIL,JULIA,DEPOSITO,2022-02-23T06:11:55,2168.79
1488,0007,SANTANDER,LUCAS,SAQUE,2022-02-12T00:38:07,894.78
7912,0006,SANTANDER,CARLOS,SAQUE,2022-02-15T23:26:27,2243.71
7912,0006,SANTANDER,CARLOS,SAQUE,2022-02-11T23:43:58,4715.68
5506,0002,ITAU,MARIA,SAQUE,2022-02-09T16:57:04,1123.69
2824,0001,SANTANDER,JOAO,SAQUE,2022-02-24T03:31:12,398.91
2679,0004,BANCO DO BRASIL,JULIA,SAQUE,2022-02-25T19:56:43,4304.26
7912,0006,SANTANDER,CARLOS,SAQUE,2022-02-27T07:16:05,1017.95
2424,0005,BANCO DO BRASIL,ANA,DEPOSITO,2022-02-09T03:15:22,699.71
1488,0007,SANTANDER,LUCAS,DEPOSITO,2022-02-19T22:07:03,4505.77
2679,0004,BANCO DO BRASIL,JULIA,SAQUE,2022-02-18T08:37:55,473.05
1434,0010,BANCO DO BRASIL,PAULA,SAQUE,2022-02-14T18:27:09,2340.91
4582,0008,ITAU,BRUNA,DEPOSITO,2022-02-22T04:10:04,2265.9
7912,0006,SANTANDER,CARLOS,SAQUE,2022-02-03T02:01:05,4421.44
7912,0006,SANTANDER,CARLOS,SAQUE,2022-02-27T20:26:17,965.0
2424,0005,BANCO DO BRASIL,ANA,SAQUE,2022-02-16T03:40:22,3197.87
5506,0002,ITAU,MARIA,SAQUE,2022-02-16T16:51:24,1713.58
4582,0008,ITAU,BRUNA,SAQUE,2022-02-20T06:30:55,21.23
2679,0004,BANCO DO BRASIL,JULIA,DEPOSITO,2022-02-03T11:53:03,2060.71
2679,0004,BANCO DO BRASIL,JULIA,DEPOSITO,2022-02-10T07:49:25,4672.18
1488,0007,SANTANDER,LUCAS,SAQUE,2022-02-21T03:54:05,4207.07
1488,0007,SANTANDER,LUCAS,DEPOSITO,2022-02-28T02:11:47,2804.26
1488,0007,SANTANDER,LUCAS,SAQUE,2022-02-22T04:15:25,2864.49
9279,0009,BANCO DO BRASIL,MARCOS,SAQUE,2022-02-12T15:43:45,3946.15
2424,0005,BANCO DO BRASIL,ANA,SAQUE,2022-02-02T13:36:10,1696.85
4582,0008,ITAU,BRUNA,DEPOSITO,2022-02-27T20:33:17,4305.29
2679,0004,BANCO DO BRASIL,JULIA,SAQUE,2022-02-01T23:13:04,2636.98
9279,0009,BANCO DO BRASIL,MARCOS,DEPOSITO,2022-02-15T08:20:55,2374.81
2824,0001,SANTANDER,JOAO,SAQUE,2022-02-10T16:27:33,4590.83
4582,0008,ITAU,BRUNA,SAQUE,2022-02-07T20:08:03,493.09
1434,0010,BANCO DO BRASIL,PAULA,DEPOSITO,2022-02-09T12:35:32,2688.92
1434,0010,BANCO DO BRASIL,PAULA,SAQUE,2022-02-14T09:49:37,3594.46
9279,0009,BANCO DO BRASIL,MARCOS,SAQUE,2022-02-24T02:45:53,2407.53
2679,0004,BANCO DO BRASIL,JULIA,SAQUE,2022-02-02T01:16:19,2880.41
1488,0007,SANTANDER,LUCAS,SAQUE,2022-02-25T06:16:45,2941.3
2424,0005,BANCO DO BRASIL,ANA,DEPOSITO,2022-02-09T17:37:46,4348.05
4582,0008,ITAU,BRUNA,SAQUE,2022-02-20T09:07:45,1399.92
2679,0004,BANCO DO BRASIL,JULIA,DEPOSITO,2022-02-06T08:25:42,1419.76
2424,0005,BANCO DO BRASIL,ANA,SAQUE,2022-02-16T14:19:35,3903.35
7912,0006,SANTANDER,CARLOS,SAQUE,2022-02-23T17:51:17,3801.13
1488,0007,SANTANDER,LUCAS,DEPOSITO,2022-02-09T15:23:58,136.22
2824,0001,SANTANDER,JOAO,SAQUE,2022-02-03T20:13:39,2757.18
1434,0010,BANCO DO BRASIL,PAULA,SAQUE,2022-02-06T04:45:12,717.76
7912,0006,SANTANDER,CARLOS,DEPOSITO,2022-02-18T09:13:52,3713.54
4657,0003,ITAU,FELIPE,DEPOSITO,2022-02-19T13:02:48,34.02
1488,0007,SANTANDER,LUCAS,SAQUE,2022-02-27T17:15:57,3542.12
2679,0004,BANCO DO BRASIL,JULIA,DEPOSITO,2022-02-18T10:55:27,700.65
7912,0006,SANTANDER,CARLOS,DEPOSITO,2022-02-26T17:55:30,671.7
2679,0004,BANCO DO BRASIL,JULIA,DEPOSITO,2022-02-20T11:46:04,998.46
1488,0007,SANTANDER,LUCAS,DEPOSITO,2022-02-17T01:06:41,2501.32
4582,0008,ITAU,BRUNA,DEPOSITO,2022-02-19T17:23:28,3452.61
2424,0005,BANCO DO BRASIL,ANA,SAQUE,2022-02-01T08:24:34,2745.58
1488,0007,SANTANDER,LUCAS,DEPOSITO,2022-02-26T12:28:47,2059.87
2824,0001,SANTANDER,JOAO,SAQUE,2022-02-22T13:03:44,1125.49
1488,0007,SANTANDER,LUCAS,DEPOSITO,2022-02-04T22:18:52,4299.42
2424,0005,BANCO DO BRASIL,ANA,DEPOSITO,2022-02-16T12:46:09,2900.56
4657,0003,ITAU,FELIPE,DEPOSITO,2022-02-10T03:44:50,3661.65
7912,0006,SANTANDER,CARLOS,SAQUE,2022-02-08T21:14:13,1979.39
2424,0005,BANCO DO BRASIL,ANA,DEPOSITO,2022-02-04T23:25:16,4355.66
2679,0004,BANCO DO BRASIL,JULIA,SAQUE,2022-02-13T10:10:45,1481.04
2824,0001,SANTANDER,JOAO,DEPOSITO,2022-02-10T18:05:32,406.49
2424,0005,BANCO DO BRASIL,ANA,SAQUE,2022-02-15T07:28:38,1955.41
1434,0010,BANCO DO BRASIL,PAULA,DEPOSITO,2022-02-15T22:22:09,2217.26
5506,0002,ITAU,MARIA,DEPOSITO,2022-02-26T04:16:45,2823.67
4657,0003,ITAU,FELIPE,SAQUE,2022-02-25T07:27:57,3729.83
2824,0001,SANTANDER,JOAO,SAQUE,2022-02-01T18:13:25,1506.21
2679,0004,BANCO DO BRASIL,JULIA,DEPOSITO,2022-02-28T12:50:09,4500.46
5506,0002,ITAU,MARIA,SAQUE,2022-02-11T01:13:51,2939.19
2679,0004,BANCO DO BRASIL,JULIA,SAQUE,2022-02-03T12:03:34,4571.72
4657,0003,ITAU,FELIPE,SAQUE,2022-02-19T23:59:46,1324.32
5506,0002,ITAU,MARIA,DEPOSITO,2022-02-10T00:12:12,1484.65
4657,0003,ITAU,FELIPE,DEPOSITO,2022-02-06T21:51:55,4734.62
9279,0009,BANCO DO BRASIL,MARCOS,DEPOSITO,2022-02-11T21:56:23,203.79
2679,0004,BANCO DO BRASIL,JULIA,DEPOSITO,2022-02-17T20:11:34,3233.58
5506,0002,ITAU,MARIA,DEPOSITO,2022-02-10T23:29:01,4872.25
1488,0007,SANTANDER,LUCAS,SAQUE,2022-02-09T06:45:51,4076.58
2679,0004,BANCO DO BRASIL,JULIA,SAQUE,2022-02-26T05:54:26,4382.41
2824,0001,SANTANDER,JOAO,DEPOSITO,2022-02-03T21:22:54,2560.5
1488,0007,SANTANDER,LUCAS,DEPOSITO,2022-02-07T14:34:33,61.33
1488,0007,SANTANDER,LUCAS,DEPOSITO,2022-02-18T04:21:54,4638.12
4582,0008,ITAU,BRUNA,DEPOSITO,2022-02-13T12:54:28,3095.0
7912,0006,SANTANDER,CARLOS,SAQUE,2022-02-03T13:09:23,1305.84
2424,0005,BANCO DO BRASIL,ANA,SAQUE,2022-02-20T22:46:29,3330.67
2424,0005,BANCO DO BRASIL,ANA,DEPOSITO,2022-02-08T23:18:09,3434.47
2679,0004,BANCO DO BRASIL,JULIA,SAQUE,2022-02-11T22:16:28,3391.7
4582,0008,ITAU,BRUNA,DEPOSITO,2022-02-04T22:42:02,3075.4
2679,0004,BANCO DO BRASIL,JULIA,DEPOSITO,2022-02-11T19:24:43,4920.11
1488,0007,SANTANDER,LUCAS,DEPOSITO,2022-02-26T23:55:10,3438.47
1434,0010,BANCO DO BRASIL,PAULA,DEPOSITO,2022-02-23T11:42:04,1020.38
2424,0005,BANCO DO BRASIL,ANA,SAQUE,2022-02-02T00:47:05,3212.6
4657,0003,ITAU,FELIPE,SAQUE,2022-02-28T02:40:25,3856.34
9279,0009,BANCO DO BRASIL,MARCOS,DEPOSITO,2022-02-23T10:49:00,3922.11
4582,0008,ITAU,BRUNA,SAQUE,2022-02-21T12:12:04,624.33
1488,0007,SANTANDER,LUCAS,DEPOSITO,2022-02-28T23:06:35,457.08
4657,0003,ITAU,FELIPE,DEPOSITO,2022-02-06T03:13:42,2302.3
4582,0008,ITAU,BRUNA,SAQUE,2022-02-28T08:18:09,1227.92
4582,0008,ITAU,BRUNA,SAQUE,2022-02-12T03:31:44,153.29
5506,0002,ITAU,MARIA,DEPOSITO,2022-02-24T09:48:20,1469.13
4657,0003,ITAU,FELIPE,SAQUE,2022-02-14T17:05:11,3456.58
4582,0008,ITAU,BRUNA,DEPOSITO,2022-02-20T11:28:26,680.34
1434,0010,BANCO DO BRASIL,PAULA,SAQUE,2022-02-09T14:29:44,1477.78
1488,0007,SANTANDER,LUCAS,SAQUE,2022-02-13T01:09:44,538.17
5506,0002,ITAU,MARIA,SAQUE,2022-02-26T22:47:17,3171.41
4657,0003,ITAU,FELIPE,SAQUE,2022-02-19T09:20:05,2842.13
1434,0010,BANCO DO BRASIL,PAULA,SAQUE,2022-02-16T15:35:26,3509.43
4582,0008,ITAU,BRUNA,SAQUE,2022-02-14T12:19:49,2278.35
5506,0002,ITAU,MARIA,DEPOSITO,2022-02-08T18:36:23,2455.38
5506,0002,ITAU,MARIA,DEPOSITO,2022-02-08T19:58:19,708.63
2824,0001,SANTANDER,JOAO,SAQUE,2022-02-23T00:25:51,4152.59
5506,0002,ITAU,MARIA,DEPOSITO,2022-02-01T18:48:38,46.21
5506,0002,ITAU,MARIA,DEPOSITO,2022-02-15T01:15:49,4642.65
2679,0004,BANCO DO BRASIL,JULIA,DEPOSITO,2022-02-17T22:06:13,1469.85
5506,0002,ITAU,MARIA,DEPOSITO,2022-02-05T04:45:14,2146.31
1488,0007,SANTANDER,LUCAS,SAQUE,2022-02-14T23:58:42,4791.7
5506,0002,ITAU,MARIA,DEPOSITO,2022-02-16T16:06:52,1849.16
5506,0002,ITAU,MARIA,SAQUE,2022-02-23T16:11:52,3037.43
7912,0006,SANTANDER,CARLOS,SAQUE,2022-02-16T14:46:17,2063.35
4657,0003,ITAU,FELIPE,DEPOSITO,2022-02-27T10:14:33,2202.42
9279,0009,BANCO DO BRASIL,MARCOS,DEPOSITO,2022-02-19T17:31:10,2936.3
4657,0003,ITAU,FELIPE,SAQUE,2022-02-24T21:29:22,4727.28
4657,0003,ITAU,FELIPE,SAQUE,2022-02-27T23:15:50,3291.25
5506,0002,ITAU,MARIA,SAQUE,2022-02-04T00:14:16,4596.39
9279,0009,BANCO DO BRASIL,MARCOS,DEPOSITO,2022-02-12T10:58:51,1352.98
9279,0009,BANCO DO BRASIL,MARCOS,DEPOSITO,2022-02-25T20:30:57,1120.0
4657,0003,ITAU,FELIPE,SAQUE,2022-02-24T05:13:24,4239.35
2824,0001,SANTANDER,JOAO,SAQUE,2022-02-19T20:24:24,512.86
1488,0007,SANTANDER,LUCAS,SAQUE,2022-02-17T06:33:53,3319.59
1488,0007,SANTANDER,LUCAS,DEPOSITO,2022-02-24T03:48:58,3474.25
4657,0003,ITAU,FELIPE,SAQUE,2022-02-12T22:14:32,4611.07
7912,0006,SANTANDER,CARLOS,SAQUE,2022-02-26T21:32:50,3395.12
4582,0008,ITAU,BRUNA,DEPOSITO,2022-02-21T14:32:51,3817.63
9279,0009,BANCO DO BRASIL,MARCOS,SAQUE,2022-02-08T10:04:14,1875.83
4657,0003,ITAU,FELIPE,SAQUE,2022-02-17T07:39:51,421.9
1434,0010,BANCO DO BRASIL,PAULA,SAQUE,2022-02-02T18:17:05,4896.02
9279,0009,BANCO DO BRASIL,MARCOS,SAQUE,2022-02-14T19:53:25,1664.17
1434,0010,BANCO DO BRASIL,PAULA,DEPOSITO,2022-02-01T04:52:59,4120.74
1488,0007,SANTANDER,LUCAS,SAQUE,2022-02-06T06:29:36,92.65
5506,0002,ITAU,MARIA,SAQUE,2022-02-07T23:02:07,1980.11
2824,0001,SANTANDER,JOAO,DEPOSITO,2022-02-08T10:50:10,2208.88
5506,0002,ITAU,MARIA,DEPOSITO,2022-02-04T21:31:53,3244.95
5506,0002,ITAU,MARIA,SAQUE,2022-02-26T17:13:44,2074.42
9279,0009,BANCO DO BRASIL,MARCOS,DEPOSITO,2022-02-28T01:22:52,1322.4
9279,0009,BANCO DO BRASIL,MARCOS,SAQUE,2022-02-20T07:34:58,2679.19
2424,0005,BANCO DO BRASIL,ANA,SAQUE,2022-02-09T04:04:40,3752.18
4582,0008,ITAU,BRUNA,SAQUE,2022-02-16T06:41:22,1355.51
2824,0001,SANTANDER,JOAO,DEPOSITO,2022-02-09T17:50:45,1929.79
9279,0009,BANCO DO BRASIL,MARCOS,SAQUE,2022-02-21T00:23:30,938.43
9279,0009,BANCO DO BRASIL,MARCOS,SAQUE,2022-02-24T06:48:34,4868.09
9279,0009,BANCO DO BRASIL,MARCOS,SAQUE,2022-02-27T02:45:13,2973.55
4657,0003,ITAU,FELIPE,DEPOSITO,2022-02-15T04:02:36,2549.27
1488,0007,SANTANDER,LUCAS,DEPOSITO,2022-02-15T04:19:24,2408.87
4657,0003,ITAU,FELIPE,SAQUE,2022-02-23T09:16:42,3193.14
5506,0002,ITAU,MARIA,SAQUE,2022-02-14T01:28:40,2034.9
5506,0002,ITAU,MARIA,DEPOSITO,2022-02-22T11:24:19,3283.3
2824,0001,SANTANDER,JOAO,SAQUE,2022-02-12T12:36:32,3287.38
9279,0009,BANCO DO BRASIL,MARCOS,SAQUE,2022-02-04T19:12:05,473.24
1488,0007,SANTANDER,LUCAS,DEPOSITO,2022-02-26T11:43:42,2338.43
4657,0003,ITAU,FELIPE,SAQUE,2022-02-02T18:52:20,406.47
2424,0005,BANCO DO BRASIL,ANA,SAQUE,2022-02-01T04:48:24,2634.82
7912,0006,SANTANDER,CARLOS,SAQUE,2022-02-07T15:17:10,3717.07
2424,0005,BANCO DO BRASIL,ANA,SAQUE,2022-02-20T08:07:21,2357.29
2679,0004,BANCO DO BRASIL,JULIA,SAQUE,2022-02-27T02:07:24,4437.32
7912,0006,SANTANDER,CARLOS,DEPOSITO,2022-02-24T17:34:24,1217.06
1488,0007,SANTANDER,LUCAS,DEPOSITO,2022-02-22T19:32:14,3316.34
2424,0005,BANCO DO BRASIL,ANA,SAQUE,2022-02-19T07:22:37,3716.71
9279,0009,BANCO DO BRASIL,MARCOS,DEPOSITO,2022-02-24T14:48:20,1275.15
1434,0010,BANCO DO BRASIL,PAULA,DEPOSITO,2022-02-21T12:52:33,936.91
2424,0005,BANCO DO BRASIL,ANA,SAQUE,2022-02-16T00:44:00,1247.06
2679,0004,BANCO DO BRASIL,JULIA,DEPOSITO,2022-02-26T21:47:36,4083.26
5506,0002,ITAU,MARIA,SAQUE,2022-02-01T13:19:19,3173.1
1488,0007,SANTANDER,LUCAS,SAQUE,2022-02-19T00:14:23,3753.08
4657,0003,ITAU,FELIPE,DEPOSITO,2022-02-17T13:16:26,4036.87
4657,0003,ITAU,FELIPE,DEPOSITO,2022-02-01T22:12:36,2361.39
7912,0006,SANTANDER,CARLOS,SAQUE,2022-02-05T17:48:43,2191.07
4582,0008,ITAU,BRUNA,SAQUE,2022-02-24T02:53:08,1501.27
1488,0007,SANTANDER,LUCAS,SAQUE,2022-02-27T06:26:42,3510.33
2679,0004,BANCO DO BRASIL,JULIA,SAQUE,2022-02-03T19:47:23,555.42
2424,0005,BANCO DO BRASIL,ANA,DEPOSITO,2022-02-16T16:42:42,1426.32
9279,0009,BANCO DO BRASIL,MARCOS,DEPOSITO,2022-02-17T04:38:12,2454.76
9279,0009,BANCO DO BRASIL,MARCOS,DEPOSITO,2022-02-28T00:43:56,1091.58
5506,0002,ITAU,MARIA,DEPOSITO,2022-02-15T11:10:15,4337.19
2824,0001,SANTANDER,JOAO,DEPOSITO,2022-02-16T21:51:39,932.03
4582,0008,ITAU,BRUNA,SAQUE,2022-02-01T14:17:24,2874.58
1434,0010,BANCO DO BRASIL,PAULA,SAQUE,2022-02-24T13:50:20,4188.29
2824,0001,SANTANDER,JOAO,DEPOSITO,2022-02-16T18:53:18,2994.22
5506,0002,ITAU,MARIA,DEPOSITO,2022-02-26T05:52:08,1581.36
1434,0010,BANCO DO BRASIL,PAULA,DEPOSITO,2022-02-14T19:06:11,2154.72
4582,0008,ITAU,BRUNA,DEPOSITO,2022-02-05T18:29:12,1970.55
1434,0010,BANCO DO BRASIL,PAULA,DEPOSITO,2022-02-11T17:39:20,1178.95
1488,0007,SANTANDER,LUCAS,DEPOSITO,2022-02-07T17:02:22,4012.68
9279,0009,BANCO DO BRASIL,MARCOS,SAQUE,2022-02-06T11:23:02,1414.21
4582,0008,ITAU,BRUNA,DEPOSITO,2022-02-11T22:43:21,1013.95
2824,0001,SANTANDER,JOAO,SAQUE,2022-02-08T09:32:26,4681.68
1434,0010,BANCO DO BRASIL,PAULA,SAQUE,2022-02-23T17:19:34,2426.24
2424,0005,BANCO DO BRASIL,ANA,SAQUE,2022-02-21T23:33:53,2031.89
5506,0002,ITAU,MARIA,DEPOSITO,2022-02-01T09:09:42,1044.58
1488,0007,SANTANDER,LUCAS,DEPOSITO,2022-02-24T07:15:34,867.54
1434,0010,BANCO DO BRASIL,PAULA,SAQUE,2022-02-18T23:00:29,1426.52
9279,0009,BANCO DO BRASIL,MARCOS,SAQUE,2022-02-12T13:27:48,3996.03
4582,0008,ITAU,BRUNA,SAQUE,2022-02-07T23:57:11,2055.79
1488,0007,SANTANDER,LUCAS,DEPOSITO,2022-02-07T09:03:40,3400.39
2424,0005,BANCO DO BRASIL,ANA,DEPOSITO,2022-02-25T15:03:53,4143.16
5506,0002,ITAU,MARIA,DEPOSITO,2022-02-26T06:01:49,4816.69
2679,0004,BANCO DO BRASIL,JULIA,DEPOSITO,2022-02-16T07:52:25,4253.6
5506,0002,ITAU,MARIA,DEPOSITO,2022-02-27T21:12:18,3430.02
2824,0001,SANTANDER,JOAO,DEPOSITO,2022-02-19T23:14:38,3285.65
4582,0008,ITAU,BRUNA,SAQUE,2022-02-10T18:34:34,1481.21
2424,0005,BANCO DO BRASIL,ANA,DEPOSITO,2022-02-20T02:11:35,1534.69
4657,0003,ITAU,FELIPE,SAQUE,2022-02-04T21:30:08,3062.05
1434,0010,BANCO DO BRASIL,PAULA,DEPOSITO,2022-02-19T06:44:54,1463.28
4582,0008,ITAU,BRUNA,SAQUE,2022-02-16T12:20:48,3342.52
7912,0006,SANTANDER,CARLOS,SAQUE,2022-02-22T22:55:59,1128.06
1434,0010,BANCO DO BRASIL,PAULA,SAQUE,2022-02-09T01:33:03,408.25
9279,0009,BANCO DO BRASIL,MARCOS,DEPOSITO,2022-02-19T22:22:31,3628.24
7912,0006,SANTANDER,CARLOS,DEPOSITO,2022-02-27T13:48:49,284.17
7912,0006,SANTANDER,CARLOS,DEPOSITO,2022-02-14T20:05:59,2131.6
2824,0001,SANTANDER,JOAO,SAQUE,2022-02-26T02:23:00,3295.08
1488,0007,SANTANDER,LUCAS,SAQUE,2022-02-16T14:55:35,1248.83
2424,0005,BANCO DO BRASIL,ANA,DEPOSITO,2022-02-19T04:52:12,4310.82
2824,0001,SANTANDER,JOAO,SAQUE,2022-02-27T18:11:39,1076.62
5506,0002,ITAU,MARIA,DEPOSITO,2022-02-07T06:24:30,874.72
7912,0006,SANTANDER,CARLOS,SAQUE,2022-02-25T07:04:54,3832.34
4582,0008,ITAU,BRUNA,SAQUE,2022-02-08T03:50:22,1010.03
2824,0001,SANTANDER,JOAO,DEPOSITO,2022-02-10T09:27:43,762.12
1488,0007,SANTANDER,LUCAS,DEPOSITO,2022-02-04T05:06:55,1062.8
2424,0005,BANCO DO BRASIL,ANA,SAQUE,2022-02-12T21:42:21,1573.76
2824,0001,SANTANDER,JOAO,SAQUE,2022-02-07T19:26:18,2110.12
7912,0006,SANTANDER,CARLOS,DEPOSITO,2022-02-14T13:46:25,2711.33
4582,0008,ITAU,BRUNA,DEPOSITO,2022-02-17T05:28:00,1528.74
1488,0007,SANTANDER,LUCAS,SAQUE,2022-02-07T08:43:17,991.73
1488,0007,SANTANDER,LUCAS,SAQUE,2022-02-26T16:11:09,726.4
1434,0010,BANCO DO BRASIL,PAULA,DEPOSITO,2022-02-05T01:00:51,1787.73
1488,0007,SANTANDER,LUCAS,DEPOSITO,2022-02-11T19:34:52,4472.69
4582,0008,ITAU,BRUNA,SAQUE,2022-02-26T16:25:48,1862.86
7912,0006,SANTANDER,CARLOS,DEPOSITO,2022-02-22T06:13:35,1176.98
2424,0005,BANCO DO BRASIL,ANA,SAQUE,2022-02-27T17:57:17,391.9
9279,0009,BANCO DO BRASIL,MARCOS,DEPOSITO,2022-02-25T10:34:08,3930.19
2824,0001,SANTANDER,JOAO,SAQUE,2022-02-09T01:13:18,3788.46
9279,0009,BANCO DO BRASIL,MARCOS,SAQUE,2022-02-24T21:19:52,3627.69
4657,0003,ITAU,FELIPE,DEPOSITO,2022-02-09T19:14:52,600.58
9279,0009,BANCO DO BRASIL,MARCOS,DEPOSITO,2022-02-02T04:47:03,4557.57
2824,0001,SANTANDER,JOAO,SAQUE,2022-02-26T05:33:59,45.9
4657,0003,ITAU,FELIPE,SAQUE,2022-02-09T10:20:49,2967.23
7912,0006,SANTANDER,CARLOS,DEPOSITO,2022-02-22T09:59:06,1873.6
4657,0003,ITAU,FELIPE,DEPOSITO,2022-02-12T18:57:02,1282.43
2424,0005,BANCO DO BRASIL,ANA,DEPOSITO,2022-02-19T07:20:00,2861.14
7912,0006,SANTANDER,CARLOS,DEPOSITO,2022-02-17T05:14:05,3773.64
1488,0007,SANTANDER,LUCAS,DEPOSITO,2022-02-09T06:31:22,2673.61
7912,0006,SANTANDER,CARLOS,DEPOSITO,2022-02-20T05:25:51,3624.74
1434,0010,BANCO DO BRASIL,PAULA,DEPOSITO,2022-02-23T04:07:26,3777.27
2824,0001,SANTANDER,JOAO,DEPOSITO,2022-02-24T09:53:42,2470.11
1488,0007,SANTANDER,LUCAS,DEPOSITO,2022-02-11T23:00:26,937.1
1434,0010,BANCO DO BRASIL,PAULA,SAQUE,2022-02-01T03:52:23,3707.7
2424,0005,BANCO DO BRASIL,ANA,DEPOSITO,2022-02-18T22:02:50,4665.08
2424,0005,BANCO DO BRASIL,ANA,SAQUE,2022-02-03T20:03:12,453.91
2824,0001,SANTANDER,JOAO,DEPOSITO,2022-02-09T13:47:26,3864.59
9279,0009,BANCO DO BRASIL,MARCOS,SAQUE,2022-02-20T12:44:07,4027.17
4657,0003,ITAU,FELIPE,SAQUE,2022-02-28T12:06:21,282.49
2824,0001,SANTANDER,JOAO,DEPOSITO,2022-02-01T12:34:36,675.54
4657,0003,ITAU,FELIPE,SAQUE,2022-02-09T10:30:26,2764.44
4657,0003,ITAU,FELIPE,DEPOSITO,2022-02-26T18:14:53,2399.76
1488,0007,SANTANDER,LUCAS,SAQUE,2022-02-12T17:58:44,2302.94
2679,0004,BANCO DO BRASIL,JULIA,SAQUE,2022-02-15T02:23:20,33.65
4657,0003,ITAU,FELIPE,DEPOSITO,2022-02-02T04:52:41,905.01
2824,0001,SANTANDER,JOAO,SAQUE,2022-02-28T07:09:30,480.12
2424,0005,BANCO DO BRASIL,ANA,DEPOSITO,2022-02-01T23:34:22,1695.95
2424,0005,BANCO DO BRASIL,ANA,SAQUE,2022-02-20T11:27:59,1580.84
2424,0005,BANCO DO BRASIL,ANA,SAQUE,2022-02-09T15:29:27,3049.67
7912,0006,SANTANDER,CARLOS,SAQUE,2022-02-16T18:12:51,1603.51
2679,0004,BANCO DO BRASIL,JULIA,DEPOSITO,2022-02-27T17:04:28,4631.47
1434,0010,BANCO DO BRASIL,PAULA,DEPOSITO,2022-02-11T03:36:03,476.48
9279,0009,BANCO DO BRASIL,MARCOS,SAQUE,2022-02-10T13:37:14,219.89
2824,0001,SANTANDER,JOAO,DEPOSITO,2022-02-18T10:35:55,4470.38
9279,0009,BANCO DO BRASIL,MARCOS,DEPOSITO,2022-02-20T04:16:42,2339.49
2424,0005,BANCO DO BRASIL,ANA,SAQUE,2022-02-20T20:16:19,4426.15
4582,0008,ITAU,BRUNA,DEPOSITO,2022-02-09T06:43:28,1104.63
2424,0005,BANCO DO BRASIL,ANA,DEPOSITO,2022-02-05T06:27:33,3834.41
9279,0009,BANCO DO BRASIL,MARCOS,SAQUE,2022-02-27T11:20:21,4666.13
2424,0005,BANCO DO BRASIL,ANA,DEPOSITO,2022-02-12T00:50:27,2124.11
4657,0003,ITAU,FELIPE,DEPOSITO,2022-02-25T23:41:52,2339.41
1488,0007,SANTANDER,LUCAS,SAQUE,2022-02-08T09:40:13,3648.95
4582,0008,ITAU,BRUNA,DEPOSITO,2022-02-02T11:33:31,3213.26
4582,0008,ITAU,BRUNA,DEPOSITO,2022-02-27T00:50:47,1008.29
2824,0001,SANTANDER,JOAO,SAQUE,2022-02-17T22:11:02,3299.89
2424,0005,BANCO DO BRASIL,ANA,DEPOSITO,2022-02-24T08:32:06,712.0
4582,0008,ITAU,BRUNA,DEPOSITO,2022-02-09T15:56:31,3969.52
2679,0004,BANCO DO BRASIL,JULIA,SAQUE,2022-02-16T21:36:41,701.44
1434,0010,BANCO DO BRASIL,PAULA,SAQUE,2022-02-23T13:04:07,2212.48
2824,0001,SANTANDER,JOAO,SAQUE,2022-02-06T05:13:28,4502.96
9279,0009,BANCO DO BRASIL,MARCOS,DEPOSITO,2022-02-21T08:31:33,2015.99
1488,0007,SANTANDER,LUCAS,DEPOSITO,2022-02-20T20:52:47,4491.35
4582,0008,ITAU,BRUNA,SAQUE,2022-02-18T13:21:25,1927.53
1434,0010,BANCO DO BRASIL,PAULA,DEPOSITO,2022-02-13T03:05:11,778.94
5506,0002,ITAU,MARIA,DEPOSITO,2022-02-14T19:07:57,573.9
2424,0005,BANCO DO BRASIL,ANA,SAQUE,2022-02-01T12:52:52,4960.58
1488,0007,SANTANDER,LUCAS,SAQUE,2022-02-16T16:21:37,1210.51
2679,0004,BANCO DO BRASIL,JULIA,DEPOSITO,2022-02-28T20:03:48,3849.41
5506,0002,ITAU,MARIA,SAQUE,2022-02-27T16:19:18,1429.62
4657,0003,ITAU,FELIPE,SAQUE,2022-02-10T07:19:29,2667.45
4582,0008,ITAU,BRUNA,DEPOSITO,2022-02-04T02:03:42,1096.51
2824,0001,SANTANDER,JOAO,DEPOSITO,2022-02-26T11:38:33,46.38
2424,0005,BANCO DO BRASIL,ANA,SAQUE,2022-02-05T02:34:41,4899.84
5506,0002,ITAU,MARIA,SAQUE,2022-02-14T12:45:18,2879.21
9279,0009,BANCO DO BRASIL,MARCOS,SAQUE,2022-02-08T22:07:14,4701.6
5506,0002,ITAU,MARIA,SAQUE,2022-02-05T17:25:02,1117.37
1488,0007,SANTANDER,LUCAS,SAQUE,2022-02-15T15:18:34,430.56
2679,0004,BANCO DO BRASIL,JULIA,SAQUE,2022-02-10T18:24:00,3453.19
1488,0007,SANTANDER,LUCAS,SAQUE,2022-02-05T20:56:52,2252.14
4582,0008,ITAU,BRUNA,DEPOSITO,2022-02-11T14:52:38,4262.13
9279,0009,BANCO DO BRASIL,MARCOS,SAQUE,2022-02-21T10:24:20,451.26
5506,0002,ITAU,MARIA,SAQUE,2022-02-22T07:41:39,2236.27
1488,0007,SANTANDER,LUCAS,SAQUE,2022-02-22T10:41:41,1481.83
9279,0009,BANCO DO BRASIL,MARCOS,DEPOSITO,2022-02-15T04:37:04,3677.37
2824,0001,SANTANDER,JOAO,SAQUE,2022-02-28T20:54:49,1168.78
1434,0010,BANCO DO BRASIL,PAULA,SAQUE,2022-02-27T20:00:25,4276.47
4657,0003,ITAU,FELIPE,DEPOSITO,2022-02-04T03:20:32,1195.42
4657,0003,ITAU,FELIPE,DEPOSITO,2022-02-25T09:05:39,2159.93
1434,0010,BANCO DO BRASIL,PAULA,SAQUE,2022-02-06T23:30:27,4355.5
9279,0009,BANCO DO BRASIL,MARCOS,DEPOSITO,2022-02-21T01:25:04,2969.56
5506,0002,ITAU,MARIA,DEPOSITO,2022-02-15T18:41:38,1726.66
9279,0009,BANCO DO BRASIL,MARCOS,DEPOSITO,2022-02-09T09:31:21,3180.15
1434,0010,BANCO DO BRASIL,PAULA,DEPOSITO,2022-02-05T19:53:12,1743.25
4657,0003,ITAU,FELIPE,SAQUE,2022-02-06T22:32:24,1253.04
7912,0006,SANTANDER,CARLOS,DEPOSITO,2022-02-24T04:42:27,683.53
4657,0003,ITAU,FELIPE,DEPOSITO,2022-02-12T03:18:49,1661.81
2824,0001,SANTANDER,JOAO,SAQUE,2022-02-13T03:29:50,4498.58
5506,0002,ITAU,MARIA,DEPOSITO,2022-02-07T04:17:41,3786.86
4657,0003,ITAU,FELIPE,DEPOSITO,2022-02-16T21:20:22,3162.86
2679,0004,BANCO DO BRASIL,JULIA,DEPOSITO,2022-02-07T10:32:54,1471.98
2824,0001,SANTANDER,JOAO,SAQUE,2022-02-27T07:48:16,2171.42
1434,0010,BANCO DO BRASIL,PAULA,SAQUE,2022-02-21T06:13:42,1209.4
1488,0007,SANTANDER,LUCAS,DEPOSITO,2022-02-27T08:11:16,2334.96
2679,0004,BANCO DO BRASIL,JULIA,SAQUE,2022-02-06T13:15:46,585.24
5506,0002,ITAU,MARIA,SAQUE,2022-02-20T13:21:18,2582.91
1434,0010,BANCO DO BRASIL,PAULA,SAQUE,2022-02-11T16:56:07,1467.53
7912,0006,SANTANDER,CARLOS,SAQUE,2022-02-14T01:25:57,3746.16
2824,0001,SANTANDER,JOAO,SAQUE,2022-02-23T19:23:38,1892.58
4657,0003,ITAU,FELIPE,SAQUE,2022-02-19T02:48:10,399.86
4657,0003,ITAU,FELIPE,DEPOSITO,2022-02-18T12:05:34,3709.05
9279,0009,BANCO DO BRASIL,MARCOS,SAQUE,2022-02-27T05:03:55,1119.24
2679,0004,BANCO DO BRASIL,JULIA,SAQUE,2022-02-18T08:09:41,2494.18
4657,0003,ITAU,FELIPE,DEPOSITO,2022-02-08T09:22:58,2575.61
1488,0007,SANTANDER,LUCAS,DEPOSITO,2022-02-18T05:35:42,1565.69
9279,0009,BANCO DO BRASIL,MARCOS,DEPOSITO,2022-02-20T05:21:43,3475.99
1488,0007,SANTANDER,LUCAS,SAQUE,2022-02-09T22:14:34,4272.52
2679,0004,BANCO DO BRASIL,JULIA,SAQUE,2022-02-16T19:34:18,2856.13
1434,0010,BANCO DO BRASIL,PAULA,SAQUE,2022-02-19T19:30:07,3845.79
1488,0007,SANTANDER,LUCAS,DEPOSITO,2022-02-26T11:30:29,224.07
2679,0004,BANCO DO BRASIL,JULIA,DEPOSITO,2022-02-01T10:48:03,2058.07
4582,0008,ITAU,BRUNA,DEPOSITO,2022-02-24T22:34:23,1364.83
2824,0001,SANTANDER,JOAO,SAQUE,2022-02-07T18:52:01,1094.9
7912,0006,SANTANDER,CARLOS,SAQUE,2022-02-04T06:26:47,4428.45
7912,0006,SANTANDER,CARLOS,SAQUE,2022-02-08T06:13:08,3599.42
2424,0005,BANCO DO BRASIL,ANA,DEPOSITO,2022-02-03T11:19:18,4008.11
5506,0002,ITAU,MARIA,DEPOSITO,2022-02-10T05:12:50,2625.11
2424,0005,BANCO DO BRASIL,ANA,SAQUE,2022-02-24T12:58:15,912.24
2679,0004,BANCO DO BRASIL,JULIA,DEPOSITO,2022-02-15T03:36:59,3523.66
2824,0001,SANTANDER,JOAO,SAQUE,2022-02-02T01:15:27,927.2
9279,0009,BANCO DO BRASIL,MARCOS,SAQUE,2022-02-08T05:35:06,4542.97
7912,0006,SANTANDER,CARLOS,SAQUE,2022-02-22T22:37:28,2524.16
2679,0004,BANCO DO BRASIL,JULIA,SAQUE,2022-02-16T11:46:21,3616.95
9279,0009,BANCO DO BRASIL,MARCOS,DEPOSITO,2022-02-27T08:19:51,3488.22
7912,0006,SANTANDER,CARLOS,SAQUE,2022-02-25T23:02:07,1197.64
1488,0007,SANTANDER,LUCAS,SAQUE,2022-02-02T15:14:27,2659.08
9279,0009,BANCO DO BRASIL,MARCOS,SAQUE,2022-02-05T07:39:54,4870.9
1488,0007,SANTANDER,LUCAS,SAQUE,2022-02-18T04:22:25,1081.43
1488,0007,SANTANDER,LUCAS,SAQUE,2022-02-18T19:23:41,3156.09
5506,0002,ITAU,MARIA,SAQUE,2022-02-11T10:51:28,1409.18
2679,0004,BANCO DO BRASIL,JULIA,DEPOSITO,2022-02-08T00:10:55,4030.82
4582,0008,ITAU,BRUNA,DEPOSITO,2022-02-07T11:22:18,4931.17
4582,0008,ITAU,BRUNA,SAQUE,2022-02-12T18:39:41,3572.1
1434,0010,BANCO DO BRASIL,PAULA,DEPOSITO,2022-02-26T05:43:35,640.83
4657,0003,ITAU,FELIPE,DEPOSITO,2022-02-24T02:13:48,2392.47
4657,0003,ITAU,FELIPE,SAQUE,2022-02-16T18:56:55,1768.82
5506,0002,ITAU,MARIA,DEPOSITO,2022-02-04T06:51:07,4767.48
2679,0004,BANCO DO BRASIL,JULIA,SAQUE,2022-02-20T14:48:31,3306.05
2824,0001,SANTANDER,JOAO,SAQUE,2022-02-06T15:54:18,451.05
2679,0004,BANCO DO BRASIL,JULIA,DEPOSITO,2022-02-22T12:32:34,4536.55
1488,0007,SANTANDER,LUCAS,DEPOSITO,2022-02-23T23:10:42,4090.32
1434,0010,BANCO DO BRASIL,PAULA,SAQUE,2022-02-22T17:37:36,3531.16
1434,0010,BANCO DO BRASIL,PAULA,DEPOSITO,2022-02-09T20:57:33,4736.12
2679,0004,BANCO DO BRASIL,JULIA,SAQUE,2022-02-17T17:11:47,1567.34
9279,0009,BANCO DO BRASIL,MARCOS,SAQUE,2022-02-28T01:00:10,1853.09
9279,0009,BANCO DO BRASIL,MARCOS,SAQUE,2022-02-21T06:14:37,2307.85
2424,0005,BANCO DO BRASIL,ANA,DEPOSITO,2022-02-18T13:35:06,3094.49
4657,0003,ITAU,FELIPE,DEPOSITO,2022-02-08T04:10:16,4110.09
1434,0010,BANCO DO BRASIL,PAULA,DEPOSITO,2022-02-12T17:48:53,3985.8
4657,0003,ITAU,FELIPE,SAQUE,2022-02-03T14:43:33,4083.89
1488,0007,SANTANDER,LUCAS,DEPOSITO,2022-02-28T16:15:16,465.54
7912,0006,SANTANDER,CARLOS,SAQUE,2022-02-04T18:34:15,1286.61
9279,0009,BANCO DO BRASIL,MARCOS,DEPOSITO,2022-02-02T18:05:35,2472.1
9279,0009,BANCO DO BRASIL,MARCOS,DEPOSITO,2022-02-16T09:15:40,1353.22
7912,0006,SANTANDER,CARLOS,SAQUE,2022-02-26T17:16:51,2150.49
7912,0006,SANTANDER,CARLOS,SAQUE,2022-02-12T13:35:20,4125.09
4582,0008,ITAU,BRUNA,DEPOSITO,2022-02-24T22:22:57,4672.88
2679,0004,BANCO DO BRASIL,JULIA,DEPOSITO,2022-02-20T08:51:34,4975.8
1488,0007,SANTANDER,LUCAS,SAQUE,2022-02-12T13:40:54,1074.89
4582,0008,ITAU,BRUNA,SAQUE,2022-02-01T17:24:30,721.69
4582,0008,ITAU,BRUNA,SAQUE,2022-02-05T17:12:45,4507.8
9279,0009,BANCO DO BRASIL,MARCOS,SAQUE,2022-02-05T12:34:27,2416.38
1434,0010,BANCO DO BRASIL,PAULA,SAQUE,2022-02-16T08:47:20,4145.13
5506,0002,ITAU,MARIA,SAQUE,2022-02-12T20:39:06,4765.93
7912,0006,SANTANDER,CARLOS,DEPOSITO,2022-02-23T12:54:13,1611.04
1434,0010,BANCO DO BRASIL,PAULA,DEPOSITO,2022-02-26T05:43:35,640.83
4657,0003,ITAU,FELIPE,DEPOSITO,2022-02-16T19:28:52,1898.0
2824,0001,SANTANDER,JOAO,SAQUE,2022-02-18T14:22:14,2770.58
1434,0010,BANCO DO BRASIL,PAULA,DEPOSITO,2022-02-18T13:35:20,449.77
2679,0004,BANCO DO BRASIL,JULIA,DEPOSITO,2022-02-02T20:36:24,776.17
7912,0006,SANTANDER,CARLOS,DEPOSITO,2022-02-08T00:59:00,3899.78
9279,0009,BANCO DO BRASIL,MARCOS,SAQUE,2022-02-08T17:04:26,2632.43
5506,0002,ITAU,MARIA,DEPOSITO,2022-02-20T07:58:25,3920.93
4582,0008,ITAU,BRUNA,DEPOSITO,2022-02-20T21:59:09,2311.81
7912,0006,SANTANDER,CARLOS,SAQUE,2022-02-02T02:51:33,2039.46
2824,0001,SANTANDER,JOAO,DEPOSITO,2022-02-04T18:37:44,4480.81
2824,0001,SANTANDER,JOAO,SAQUE,2022-02-15T12:45:09,1068.77
4657,0003,ITAU,FELIPE,DEPOSITO,2022-02-01T19:45:19,628.34
2824,0001,SANTANDER,JOAO,SAQUE,2022-02-17T15:49:06,3635.48
7912,0006,SANTANDER,CARLOS,DEPOSITO,2022-02-10T04:22:43,1304.28
2424,0005,BANCO DO BRASIL,ANA,SAQUE,2022-02-07T18:36:55,510.83
2824,0001,SANTANDER,JOAO,DEPOSITO,2022-02-13T20:59:02,4633.33
7912,0006,SANTANDER,CARLOS,SAQUE,2022-02-16T20:19:52,4578.41
2824,0001,SANTANDER,JOAO,SAQUE,2022-02-08T01:18:26,2559.43
1488,0007,SANTANDER,LUCAS,SAQUE,2022-02-01T11:16:05,2506.0
2424,0005,BANCO DO BRASIL,ANA,DEPOSITO,2022-02-10T08:06:46,4544.77
2679,0004,BANCO DO BRASIL,JULIA,DEPOSITO,2022-02-05T05:37:54,4437.1
9279,0009,BANCO DO BRASIL,MARCOS,SAQUE,2022-02-06T07:25:28,3847.08
4582,0008,ITAU,BRUNA,SAQUE,2022-02-25T04:36:08,4008.33
9279,0009,BANCO DO BRASIL,MARCOS,SAQUE,2022-02-12T01:44:22,472.72
9279,0009,BANCO DO BRASIL,MARCOS,SAQUE,2022-02-25T04:56:50,4809.58
1488,0007,SANTANDER,LUCAS,DEPOSITO,2022-02-03T02:36:59,3551.09
7912,0006,SANTANDER,CARLOS,DEPOSITO,2022-02-09T03:19:27,2030.89
1488,0007,SANTANDER,LUCAS,DEPOSITO,2022-02-28T04:51:01,4875.88
2824,0001,SANTANDER,JOAO,SAQUE,2022-02-08T09:55:14,1713.32
1434,0010,BANCO DO BRASIL,PAULA,DEPOSITO,2022-02-04T19:04:45,1532.2
4582,0008,ITAU,BRUNA,DEPOSITO,2022-02-21T05:25:13,3333.31
4582,0008,ITAU,BRUNA,SAQUE,2022-02-26T10:13:48,4006.72
7912,0006,SANTANDER,CARLOS,DEPOSITO,2022-02-22T16:49:31,3840.52
5506,0002,ITAU,MARIA,SAQUE,2022-02-08T10:25:27,4486.64
2824,0001,SANTANDER,JOAO,DEPOSITO,2022-02-22T08:55:21,4262.64
2424,0005,BANCO DO BRASIL,ANA,SAQUE,2022-02-12T00:12:16,1140.93
2424,0005,BANCO DO BRASIL,ANA,DEPOSITO,2022-02-24T08:00:00,183.79
2824,0001,SANTANDER,JOAO,SAQUE,2022-02-27T05:32:11,2734.45
1434,0010,BANCO DO BRASIL,PAULA,SAQUE,2022-02-09T08:04:49,4612.25
2824,0001,SANTANDER,JOAO,DEPOSITO,2022-02-18T03:23:25,826.7
5506,0002,ITAU,MARIA,DEPOSITO,2022-02-07T19:01:52,3339.66
4657,0003,ITAU,FELIPE,SAQUE,2022-02-13T12:48:27,4410.9
4582,0008,ITAU,BRUNA,DEPOSITO,2022-02-05T03:23:21,2623.85
7912,0006,SANTANDER,CARLOS,SAQUE,2022-02-09T11:44:11,2664.74
7912,0006,SANTANDER,CARLOS,DEPOSITO,2022-02-26T18:17:41,1446.55
7912,0006,SANTANDER,CARLOS,SAQUE,2022-02-11T04:43:39,4361.31
2824,0001,SANTANDER,JOAO,DEPOSITO,2022-02-15T08:19:20,3562.24
9279,0009,BANCO DO BRASIL,MARCOS,DEPOSITO,2022-02-18T18:57:37,3493.68
1434,0010,BANCO DO BRASIL,PAULA,DEPOSITO,2022-02-12T11:27:05,2886.3
9279,0009,BANCO DO BRASIL,MARCOS,DEPOSITO,2022-02-01T07:16:41,2412.54
1434,0010,BANCO DO BRASIL,PAULA,SAQUE,2022-02-25T09:32:24,3208.53
2824,0001,SANTANDER,JOAO,DEPOSITO,2022-02-27T07:04:20,1626.42
2679,0004,BANCO DO BRASIL,JULIA,SAQUE,2022-02-23T19:49:48,3073.46
2679,0004,BANCO DO BRASIL,JULIA,DEPOSITO,2022-02-21T13:38:40,1605.02
1434,0010,BANCO DO BRASIL,PAULA,DEPOSITO,2022-02-22T10:32:08,3845.44
2824,0001,SANTANDER,JOAO,SAQUE,2022-02-19T08:55:43,3989.88
5506,0002,ITAU,MARIA,DEPOSITO,2022-02-11T21:56:23,2218.25
9279,0009,BANCO DO BRASIL,MARCOS,SAQUE,2022-02-05T07:19:10,2874.05
4582,0008,ITAU,BRUNA,SAQUE,2022-02-16T06:29:50,1560.97
4582,0008,ITAU,BRUNA,SAQUE,2022-02-21T01:25:20,2637.78
2679,0004,BANCO DO BRASIL,JULIA,SAQUE,2022-02-12T20:50:22,440.2
1488,0007,SANTANDER,LUCAS,DEPOSITO,2022-02-25T07:58:40,3771.96
4582,0008,ITAU,BRUNA,SAQUE,2022-02-03T03:58:16,1145.96
4657,0003,ITAU,FELIPE,SAQUE,2022-02-17T01:27:58,1676.62
4657,0003,ITAU,FELIPE,DEPOSITO,2022-02-10T10:12:24,3163.79
5506,0002,ITAU,MARIA,SAQUE,2022-02-28T18:19:19,4009.27
2679,0004,BANCO DO BRASIL,JULIA,SAQUE,2022-02-01T07:35:18,3341.9
1434,0010,BANCO DO BRASIL,PAULA,DEPOSITO,2022-02-21T00:20:35,2538.21
2424,0005,BANCO DO BRASIL,ANA,DEPOSITO,2022-02-15T00:44:41,46.04
2424,0005,BANCO DO BRASIL,ANA,DEPOSITO,2022-02-25T07:59:48,716.19
1434,0010,BANCO DO BRASIL,PAULA,SAQUE,2022-02-09T14:06:44,4355.86
9279,0009,BANCO DO BRASIL,MARCOS,SAQUE,2022-02-13T09:37:41,859.9
5506,0002,ITAU,MARIA,DEPOSITO,2022-02-12T10:43:58,2781.15
9279,0009,BANCO DO BRASIL,MARCOS,SAQUE,2022-02-01T05:16:41,197.8
5506,0002,ITAU,MARIA,SAQUE,2022-02-06T11:18:58,1919.08
9279,0009,BANCO DO BRASIL,MARCOS,SAQUE,2022-02-16T11:49:30,794.48
4582,0008,ITAU,BRUNA,DEPOSITO,2022-02-09T00:38:45,3003.51
1488,0007,SANTANDER,LUCAS,DEPOSITO,2022-02-25T19:50:27,1401.66
2424,0005,BANCO DO BRASIL,ANA,SAQUE,2022-02-19T13:50:47,3171.97
1434,0010,BANCO DO BRASIL,PAULA,DEPOSITO,2022-02-20T16:35:27,1386.24
1488,0007,SANTANDER,LUCAS,DEPOSITO,2022-02-11T07:52:35,2929.94
9279,0009,BANCO DO BRASIL,MARCOS,DEPOSITO,2022-02-05T11:49:47,2000.3
2424,0005,BANCO DO BRASIL,ANA,SAQUE,2022-02-08T06:20:01,3824.16
1488,0007,SANTANDER,LUCAS,SAQUE,2022-02-15T05:11:41,3203.59
2424,0005,BANCO DO BRASIL,ANA,DEPOSITO,2022-02-22T18:36:11,1440.19
2424,0005,BANCO DO BRASIL,ANA,DEPOSITO,2022-02-03T09:27:20,4775.04
9279,0009,BANCO DO BRASIL,MARCOS,SAQUE,2022-02-28T16:22:58,2613.55
9279,0009,BANCO DO BRASIL,MARCOS,DEPOSITO,2022-02-17T01:32:49,3698.69
7912,0006,SANTANDER,CARLOS,SAQUE,2022-02-26T14:15:55,3881.34
2824,0001,SANTANDER,JOAO,DEPOSITO,2022-02-17T12:02:48,2407.84
2824,0001,SANTANDER,JOAO,SAQUE,2022-02-28T21:24:27,298.47
5506,0002,ITAU,MARIA,SAQUE,2022-02-02T23:42:53,4283.61
2679,0004,BANCO DO BRASIL,JULIA,SAQUE,2022-02-25T15:11:32,400.04
4582,0008,ITAU,BRUNA,SAQUE,2022-02-25T09:09:41,554.16
1488,0007,SANTANDER,LUCAS,DEPOSITO,2022-02-14T15:59:53,1494.03
4582,0008,ITAU,BRUNA,SAQUE,2022-02-23T19:36:06,1746.33
4657,0003,ITAU,FELIPE,SAQUE,2022-02-04T11:40:42,3862.78
1488,0007,SANTANDER,LUCAS,DEPOSITO,2022-02-28T12:47:08,2306.22
4657,0003,ITAU,FELIPE,DEPOSITO,2022-02-21T17:37:13,3400.43
9279,0009,BANCO DO BRASIL,MARCOS,DEPOSITO,2022-02-15T21:40:24,3433.15
7912,0006,SANTANDER,CARLOS,SAQUE,2022-02-15T15:01:09,395.23
2424,0005,BANCO DO BRASIL,ANA,DEPOSITO,2022-02-04T21:29:28,1671.27
1488,0007,SANTANDER,LUCAS,DEPOSITO,2022-02-24T00:03:24,3600.69
1434,0010,BANCO DO BRASIL,PAULA,DEPOSITO,2022-02-23T00:38:37,2056.66
2679,0004,BANCO DO BRASIL,JULIA,SAQUE,2022-02-19T23:23:23,4122.71
4657,0003,ITAU,FELIPE,SAQUE,2022-02-26T20:44:44,4718.95
1488,0007,SANTANDER,LUCAS,SAQUE,2022-02-03T00:58:54,766.66
1488,0007,SANTANDER,LUCAS,DEPOSITO,2022-02-26T08:58:02,3610.96
7912,0006,SANTANDER,CARLOS,DEPOSITO,2022-02-11T04:15:53,2198.56
9279,0009,BANCO DO BRASIL,MARCOS,DEPOSITO,2022-02-16T10:53:30,1176.43
4582,0008,ITAU,BRUNA,SAQUE,2022-02-16T02:04:01,1684.58
2424,0005,BANCO DO BRASIL,ANA,SAQUE,2022-02-26T22:06:02,629.45
2679,0004,BANCO DO BRASIL,JULIA,SAQUE,2022-02-01T14:28:06,1491.0
1488,0007,SANTANDER,LUCAS,DEPOSITO,2022-02-18T01:07:00,2760.73
9279,0009,BANCO DO BRASIL,MARCOS,SAQUE,2022-02-17T09:05:37,4358.07
1434,0010,BANCO DO BRASIL,PAULA,DEPOSITO,2022-02-14T13:58:18,401.45
5506,0002,ITAU,MARIA,DEPOSITO,2022-02-21T22:36:16,4884.23
5506,0002,ITAU,MARIA,DEPOSITO,2022-02-14T23:26:27,2352.96
9279,0009,BANCO DO BRASIL,MARCOS,SAQUE,2022-02-23T19:33:06,736.11
4657,0003,ITAU,FELIPE,DEPOSITO,2022-02-18T17:24:24,3236.14
4582,0008,ITAU,BRUNA,SAQUE,2022-02-13T22:47:38,152.65
7912,0006,SANTANDER,CARLOS,SAQUE,2022-02-11T18:05:46,3563.87
7912,0006,SANTANDER,CARLOS,SAQUE,2022-02-03T22:19:01,3524.53
9279,0009,BANCO DO BRASIL,MARCOS,DEPOSITO,2022-02-14T20:20:55,1620.77
7912,0006,SANTANDER,CARLOS,SAQUE,2022-02-12T12:08:45,4068.48
7912,0006,SANTANDER,CARLOS,SAQUE,2022-02-22T10:11:56,1370.22
4582,0008,ITAU,BRUNA,DEPOSITO,2022-02-21T03:13:54,2549.78
4582,0008,ITAU,BRUNA,SAQUE,2022-02-22T07:26:51,3920.41
5506,0002,ITAU,MARIA,DEPOSITO,2022-02-12T04:51:10,2857.22
4657,0003,ITAU,FELIPE,DEPOSITO,2022-02-20T11:30:59,2872.35
1434,0010,BANCO DO BRASIL,PAULA,DEPOSITO,2022-02-25T11:19:51,4408.14
2424,0005,BANCO DO BRASIL,ANA,DEPOSITO,2022-02-18T11:47:15,2806.15
1488,0007,SANTANDER,LUCAS,DEPOSITO,2022-02-23T14:35:50,2261.93
5506,0002,ITAU,MARIA,SAQUE,2022-02-25T15:22:55,3181.74
1488,0007,SANTANDER,LUCAS,SAQUE,2022-02-09T20:32:23,2354.13
4582,0008,ITAU,BRUNA,SAQUE,2022-02-24T03:00:32,2191.49
5506,0002,ITAU,MARIA,SAQUE,2022-02-24T09:44:27,2436.37
1488,0007,SANTANDER,LUCAS,SAQUE,2022-02-27T19:42:16,2416.04
2824,0001,SANTANDER,JOAO,SAQUE,2022-02-20T14:02:28,2067.57
1434,0010,BANCO DO BRASIL,PAULA,DEPOSITO,2022-02-24T11:47:31,944.62
7912,0006,SANTANDER,CARLOS,SAQUE,2022-02-13T23:42:06,4504.5
4582,0008,ITAU,BRUNA,DEPOSITO,2022-02-12T15:48:58,4268.03
9279,0009,BANCO DO BRASIL,MARCOS,DEPOSITO,2022-02-08T18:22:57,3998.62
9279,0009,BANCO DO BRASIL,MARCOS,SAQUE,2022-02-16T13:03:51,2784.16
4582,0008,ITAU,BRUNA,DEPOSITO,2022-02-27T04:00:02,3851.24
9279,0009,BANCO DO BRASIL,MARCOS,DEPOSITO,2022-02-27T14:19:01,2235.11
9279,0009,BANCO DO BRASIL,MARCOS,SAQUE,2022-02-26T03:30:28,2563.61
9279,0009,BANCO DO BRASIL,MARCOS,DEPOSITO,2022-02-26T05:47:22,3480.03
7912,0006,SANTANDER,CARLOS,DEPOSITO,2022-02-03T22:32:45,1996.72
2824,0001,SANTANDER,JOAO,DEPOSITO,2022-02-11T16:07:59,4192.61
2679,0004,BANCO DO BRASIL,JULIA,SAQUE,2022-02-21T13:01:25,3711.81
1488,0007,SANTANDER,LUCAS,SAQUE,2022-02-24T19:26:00,128.93
2679,0004,BANCO DO BRASIL,JULIA,DEPOSITO,2022-02-10T18:05:36,3445.27
4657,0003,ITAU,FELIPE,SAQUE,2022-02-10T15:10:44,3422.94
5506,0002,ITAU,MARIA,SAQUE,2022-02-21T07:47:21,4691.96
1434,0010,BANCO DO BRASIL,PAULA,SAQUE,2022-02-05T09:23:19,4065.14
9279,0009,BANCO DO BRASIL,MARCOS,SAQUE,2022-02-20T05:06:05,4353.92
1434,0010,BANCO DO BRASIL,PAULA,SAQUE,2022-02-28T07:19:42,219.43
4657,0003,ITAU,FELIPE,SAQUE,2022-02-21T13:08:17,1032.41
1434,0010,BANCO DO BRASIL,PAULA,DEPOSITO,2022-02-20T19:21:44,3394.66
4657,0003,ITAU,FELIPE,SAQUE,2022-02-21T07:51:37,1689.17
4582,0008,ITAU,BRUNA,DEPOSITO,2022-02-13T08:24:11,4158.77
2679,0004,BANCO DO BRASIL,JULIA,DEPOSITO,2022-02-17T01:10:52,1180.18
1488,0007,SANTANDER,LUCAS,SAQUE,2022-02-06T11:04:27,4083.7
7912,0006,SANTANDER,CARLOS,DEPOSITO,2022-02-21T20:27:02,4885.14
4582,0008,ITAU,BRUNA,SAQUE,2022-02-19T10:11:44,304.06
7912,0006,SANTANDER,CARLOS,SAQUE,2022-02-19T10:39:54,698.98
1434,0010,BANCO DO BRASIL,PAULA,SAQUE,2022-02-13T19:14:38,259.73
2424,0005,BANCO DO BRASIL,ANA,DEPOSITO,2022-02-22T02:22:27,1247.59
5506,0002,ITAU,MARIA,SAQUE,2022-02-13T10:47:36,68.37
1434,0010,BANCO DO BRASIL,PAULA,SAQUE,2022-02-16T23:00:32,4524.91
1488,0007,SANTANDER,LUCAS,SAQUE,2022-02-21T08:16:43,3506.56
9279,0009,BANCO DO BRASIL,MARCOS,SAQUE,2022-02-23T00:57:49,1899.17
2424,0005,BANCO DO BRASIL,ANA,SAQUE,2022-02-07T20:50:53,4432.92
2824,0001,SANTANDER,JOAO,SAQUE,2022-02-24T14:07:03,1929.06
1488,0007,SANTANDER,LUCAS,SAQUE,2022-02-03T00:40:17,3930.35
4582,0008,ITAU,BRUNA,SAQUE,2022-02-10T05:36:45,1707.18
2424,0005,BANCO DO BRASIL,ANA,DEPOSITO,2022-02-21T07:05:30,1242.37
4582,0008,ITAU,BRUNA,SAQUE,2022-02-21T00:04:03,800.67
9279,0009,BANCO DO BRASIL,MARCOS,SAQUE,2022-02-25T12:15:42,2855.47
7912,0006,SANTANDER,CARLOS,DEPOSITO,2022-02-07T01:58:46,601.03
4582,0008,ITAU,BRUNA,DEPOSITO,2022-02-16T13:56:14,3536.78
1488,0007,SANTANDER,LUCAS,DEPOSITO,2022-02-13T12:30:54,1883.81
1488,0007,SANTANDER,LUCAS,SAQUE,2022-02-04T15:23:02,2739.76
4657,0003,ITAU,FELIPE,DEPOSITO,2022-02-07T13:47:46,1934.15
2824,0001,SANTANDER,JOAO,DEPOSITO,2022-02-05T21:01:10,4662.52
7912,0006,SANTANDER,CARLOS,DEPOSITO,2022-02-08T06:31:09,2110.72
2679,0004,BANCO DO BRASIL,JULIA,DEPOSITO,2022-02-18T10:45:16,1039.47
1488,0007,SANTANDER,LUCAS,DEPOSITO,2022-02-09T12:56:54,2476.25
2824,0001,SANTANDER,JOAO,DEPOSITO,2022-02-13T18:12:06,1749.4
2679,0004,BANCO DO BRASIL,JULIA,SAQUE,2022-02-01T01:37:51,3246.74
2679,0004,BANCO DO BRASIL,JULIA,SAQUE,2022-02-14T02:00:11,2885.47
2824,0001,SANTANDER,JOAO,SAQUE,2022-02-12T21:34:26,3535.88
1488,0007,SANTANDER,LUCAS,DEPOSITO,2022-02-02T13:49:13,4438.35
7912,0006,SANTANDER,CARLOS,SAQUE,2022-02-28T23:35:20,3327.97
4657,0003,ITAU,FELIPE,DEPOSITO,2022-02-05T17:05:36,3780.81
2679,0004,BANCO DO BRASIL,JULIA,DEPOSITO,2022-02-20T01:21:35,4821.49
4582,0008,ITAU,BRUNA,DEPOSITO,2022-02-12T18:46:50,265.24
9279,0009,BANCO DO BRASIL,MARCOS,DEPOSITO,2022-02-11T15:14:12,2889.33
7912,0006,SANTANDER,CARLOS,SAQUE,2022-02-04T12:56:50,3880.99
4657,0003,ITAU,FELIPE,SAQUE,2022-02-12T09:55:02,3494.73
5506,0002,ITAU,MARIA,DEPOSITO,2022-02-27T01:40:42,2911.4
9279,0009,BANCO DO BRASIL,MARCOS,DEPOSITO,2022-02-18T11:45:56,4201.41
2679,0004,BANCO DO BRASIL,JULIA,SAQUE,2022-02-28T23:43:42,2083.77
5506,0002,ITAU,MARIA,SAQUE,2022-02-12T23:51:17,3138.44
4657,0003,ITAU,FELIPE,DEPOSITO,2022-02-16T09:32:47,4398.54
4657,0003,ITAU,FELIPE,DEPOSITO,2022-02-06T14:29:02,4449.67
1434,0010,BANCO DO BRASIL,PAULA,DEPOSITO,2022-02-09T18:25:33,1821.48
4582,0008,ITAU,BRUNA,SAQUE,2022-02-20T07:41:46,3204.79
1488,0007,SANTANDER,LUCAS,SAQUE,2022-02-11T10:07:01,800.04
2824,0001,SANTANDER,JOAO,SAQUE,2022-02-19T04:30:29,4306.99
4657,0003,ITAU,FELIPE,SAQUE,2022-02-14T14:03:36,4512.15
4582,0008,ITAU,BRUNA,SAQUE,2022-02-24T00:14:14,2115.18
5506,0002,ITAU,MARIA,DEPOSITO,2022-02-23T03:16:32,2076.13
5506,0002,ITAU,MARIA,DEPOSITO,2022-02-24T22:02:52,2997.47
1488,0007,SANTANDER,LUCAS,DEPOSITO,2022-02-22T12:36:43,3318.97
1434,0010,BANCO DO BRASIL,PAULA,DEPOSITO,2022-02-13T19:11:50,1110.81
2679,0004,BANCO DO BRASIL,JULIA,SAQUE,2022-02-11T17:51:02,1238.9
5506,0002,ITAU,MARIA,SAQUE,2022-02-04T20:35:06,4252.27
1434,0010,BANCO DO BRASIL,PAULA,DEPOSITO,2022-02-14T17:45:55,4177.08
1434,0010,BANCO DO BRASIL,PAULA,SAQUE,2022-02-04T18:39:13,3616.39
4657,0003,ITAU,FELIPE,DEPOSITO,2022-02-22T17:21:08,3928.91
2679,0004,BANCO DO BRASIL,JULIA,SAQUE,2022-02-14T08:16:58,4527.39
4582,0008,ITAU,BRUNA,DEPOSITO,2022-02-18T11:57:19,3388.14
5506,0002,ITAU,MARIA,DEPOSITO,2022-02-28T02:55:54,4529.66
2679,0004,BANCO DO BRASIL,JULIA,DEPOSITO,2022-02-06T13:35:44,72.03
1434,0010,BANCO DO BRASIL,PAULA,DEPOSITO,2022-02-19T06:02:59,615.11
4657,0003,ITAU,FELIPE,SAQUE,2022-02-25T06:22:38,4228.2
4582,0008,ITAU,BRUNA,DEPOSITO,2022-02-01T07:25:49,2300.62
2824,0001,SANTANDER,JOAO,SAQUE,2022-02-09T01:19:35,645.7
2424,0005,BANCO DO BRASIL,ANA,SAQUE,2022-02-23T03:29:36,3060.02
7912,0006,SANTANDER,CARLOS,SAQUE,2022-02-11T09:07:44,1916.41
4657,0003,ITAU,FELIPE,DEPOSITO,2022-02-18T08:08:29,2922.75
4657,0003,ITAU,FELIPE,DEPOSITO,2022-02-16T05:41:17,1774.15
4657,0003,ITAU,FELIPE,SAQUE,2022-02-16T15:04:31,1020.97
4582,0008,ITAU,BRUNA,SAQUE,2022-02-18T02:40:18,1663.95
1434,0010,BANCO DO BRASIL,PAULA,DEPOSITO,2022-02-26T10:31:18,4274.93
9279,0009,BANCO DO BRASIL,MARCOS,DEPOSITO,2022-02-22T10:13:49,2659.23
4657,0003,ITAU,FELIPE,SAQUE,2022-02-17T02:59:20,4500.35
1488,0007,SANTANDER,LUCAS,DEPOSITO,2022-02-09T18:04:56,4716.56
2424,0005,BANCO DO BRASIL,ANA,SAQUE,2022-02-09T06:45:02,4194.09
5506,0002,ITAU,MARIA,SAQUE,2022-02-20T11:31:22,194.65
4657,0003,ITAU,FELIPE,SAQUE,2022-02-28T18:19:29,4757.6
9279,0009,BANCO DO BRASIL,MARCOS,DEPOSITO,2022-02-28T14:18:24,4560.73
2679,0004,BANCO DO BRASIL,JULIA,DEPOSITO,2022-02-25T09:22:46,3567.18
2679,0004,BANCO DO BRASIL,JULIA,DEPOSITO,2022-02-04T23:04:38,1880.81
7912,0006,SANTANDER,CARLOS,SAQUE,2022-02-01T11:53:34,3368.9
4657,0003,ITAU,FELIPE,DEPOSITO,2022-02-21T14:29:06,608.4
9279,0009,BANCO DO BRASIL,MARCOS,DEPOSITO,2022-02-09T02:26:50,2520.73
2824,0001,SANTANDER,JOAO,SAQUE,2022-02-28T10:25:32,2181.13
1488,0007,SANTANDER,LUCAS,SAQUE,2022-02-06T02:33:02,546.44
1488,0007,SANTANDER,LUCAS,SAQUE,2022-02-11T06:09:07,144.98
4657,0003,ITAU,FELIPE,DEPOSITO,2022-02-10T01:59:34,3670.47
9279,0009,BANCO DO BRASIL,MARCOS,SAQUE,2022-02-06T06:14:03,2378.18
2424,0005,BANCO DO BRASIL,ANA,SAQUE,2022-02-23T23:55:54,1316.94
5506,0002,ITAU,MARIA,DEPOSITO,2022-02-12T20:42:02,4279.14
4657,0003,ITAU,FELIPE,DEPOSITO,2022-02-23T19:35:34,4959.48
2679,0004,BANCO DO BRASIL,JULIA,DEPOSITO,2022-02-20T20:16:39,2209.24
2424,0005,BANCO DO BRASIL,ANA,SAQUE,2022-02-18T01:56:32,2110.14
5506,0002,ITAU,MARIA,SAQUE,2022-02-20T22:31:28,2494.44
2679,0004,BANCO DO BRASIL,JULIA,DEPOSITO,2022-02-13T06:05:27,3133.34
4582,0008,ITAU,BRUNA,DEPOSITO,2022-02-25T20:47:14,2942.3
2424,0005,BANCO DO BRASIL,ANA,DEPOSITO,2022-02-20T20:15:03,3874.58
2679,0004,BANCO DO BRASIL,JULIA,SAQUE,2022-02-03T23:29:28,1325.84
4582,0008,ITAU,BRUNA,SAQUE,2022-02-22T10:24:27,1789.04
2679,0004,BANCO DO BRASIL,JULIA,SAQUE,2022-02-27T04:38:06,2207.99
1434,0010,BANCO DO BRASIL,PAULA,SAQUE,2022-02-22T06:25:13,2485.77
4657,0003,ITAU,FELIPE,SAQUE,2022-02-02T01:00:26,1809.98
1434,0010,BANCO DO BRASIL,PAULA,DEPOSITO,2022-02-19T17:00:01,2198.32
5506,0002,ITAU,MARIA,DEPOSITO,2022-02-07T06:38:48,1096.38
4657,0003,ITAU,FELIPE,SAQUE,2022-02-04T00:41:14,36.86
1434,0010,BANCO DO BRASIL,PAULA,SAQUE,2022-02-24T00:33:33,1008.07
4582,0008,ITAU,BRUNA,SAQUE,2022-02-23T03:22:23,3950.54
2824,0001,SANTANDER,JOAO,DEPOSITO,2022-02-04T17:32:53,2135.83
7912,0006,SANTANDER,CARLOS,DEPOSITO,2022-02-21T21:13:17,460.83
5506,0002,ITAU,MARIA,DEPOSITO,2022-02-18T15:48:26,319.5
1488,0007,SANTANDER,LUCAS,SAQUE,2022-02-13T16:12:44,883.42
2824,0001,SANTANDER,JOAO,DEPOSITO,2022-02-13T00:27:11,4872.39
2679,0004,BANCO DO BRASIL,JULIA,SAQUE,2022-02-04T16:43:28,2158.56
1488,0007,SANTANDER,LUCAS,DEPOSITO,2022-02-02T02:41:12,3741.47
2424,0005,BANCO DO BRASIL,ANA,DEPOSITO,2022-02-23T05:37:48,2406.49
7912,0006,SANTANDER,CARLOS,SAQUE,2022-02-03T23:05:59,4177.0
1488,0007,SANTANDER,LUCAS,SAQUE,2022-02-11T03:03:30,4168.91
1488,0007,SANTANDER,LUCAS,SAQUE,2022-02-23T16:19:08,2727.98
1434,0010,BANCO DO BRASIL,PAULA,DEPOSITO,2022-02-20T00:01:53,132.26
4657,0003,ITAU,FELIPE,DEPOSITO,2022-02-08T13:36:34,2939.81
7912,0006,SANTANDER,CARLOS,SAQUE,2022-02-16T19:15:51,3392.87
2424,0005,BANCO DO BRASIL,ANA,SAQUE,2022-02-16T02:44:18,2590.8
1488,0007,SANTANDER,LUCAS,DEPOSITO,2022-02-01T09:49:31,709.96
4657,0003,ITAU,FELIPE,DEPOSITO,2022-02-10T08:21:16,117.65
4582,0008,ITAU,BRUNA,SAQUE,2022-02-22T05:04:42,1381.19
1434,0010,BANCO DO BRASIL,PAULA,DEPOSITO,2022-02-13T06:42:35,1738.75
9279,0009,BANCO DO BRASIL,MARCOS,DEPOSITO,2022-02-04T15:10:35,2874.0
2424,0005,BANCO DO BRASIL,ANA,DEPOSITO,2022-02-27T08:40:35,2372.26
2824,0001,SANTANDER,JOAO,DEPOSITO,2022-02-16T07:17:56,1153.28
5506,0002,ITAU,MARIA,SAQUE,2022-02-28T23:32:13,2704.67
1434,0010,BANCO DO BRASIL,PAULA,SAQUE,2022-02-26T06:36:00,555.49
2679,0004,BANCO DO BRASIL,JULIA,SAQUE,2022-02-22T16:06:07,870.89
4657,0003,ITAU,FELIPE,SAQUE,2022-02-28T12:46:16,237.94
7912,0006,SANTANDER,CARLOS,SAQUE,2022-02-23T16:56:32,2483.78
1488,0007,SANTANDER,LUCAS,SAQUE,2022-02-11T11:42:15,2838.98
2679,0004,BANCO DO BRASIL,JULIA,DEPOSITO,2022-02-02T14:15:43,1998.47
5506,0002,ITAU,MARIA,DEPOSITO,2022-02-13T21:52:38,1788.31
1434,0010,BANCO DO BRASIL,PAULA,DEPOSITO,2022-02-17T18:45:16,3645.44
4582,0008,ITAU,BRUNA,SAQUE,2022-02-19T16:29:40,479.52
4657,0003,ITAU,FELIPE,SAQUE,2022-02-12T19:55:48,1870.92
7912,0006,SANTANDER,CARLOS,SAQUE,2022-02-21T02:53:51,3810.44
1434,0010,BANCO DO BRASIL,PAULA,SAQUE,2022-02-01T10:06:33,4474.83
7912,0006,SANTANDER,CARLOS,DEPOSITO,2022-02-24T17:17:05,4832.88
9279,0009,BANCO DO BRASIL,MARCOS,DEPOSITO,2022-02-03T08:00:04,4159.0
2679,0004,BANCO DO BRASIL,JULIA,DEPOSITO,2022-02-23T01:27:13,96.81
4582,0008,ITAU,BRUNA,SAQUE,2022-02-10T01:27:39,385.14
1434,0010,BANCO DO BRASIL,PAULA,SAQUE,2022-02-25T04:23:41,4235.55
4582,0008,ITAU,BRUNA,SAQUE,2022-02-12T05:49:57,2056.8
1434,0010,BANCO DO BRASIL,PAULA,DEPOSITO,2022-02-14T17:51:07,3565.63
4657,0003,ITAU,FELIPE,SAQUE,2022-02-18T04:55:12,336.41
4582,0008,ITAU,BRUNA,SAQUE,2022-02-22T23:07:56,2481.47
5506,0002,ITAU,MARIA,SAQUE,2022-02-02T17:00:19,2822.56
2824,0001,SANTANDER,JOAO,DEPOSITO,2022-02-27T10:25:27,4238.71
5506,0002,ITAU,MARIA,DEPOSITO,2022-02-21T14:59:34,3430.94
2679,0004,BANCO DO BRASIL,JULIA,SAQUE,2022-02-27T03:02:27,4329.86
2824,0001,SANTANDER,JOAO,DEPOSITO,2022-02-27T05:52:07,726.71
1488,0007,SANTANDER,LUCAS,SAQUE,2022-02-27T13:21:43,4656.79
1434,0010,BANCO DO BRASIL,PAULA,SAQUE,2022-02-01T14:40:54,3586.95
5506,0002,ITAU,MARIA,DEPOSITO,2022-02-12T23:58:33,287.49
4657,0003,ITAU,FELIPE,SAQUE,2022-02-11T11:02:15,4070.95
5506,0002,ITAU,MARIA,SAQUE,2022-02-14T09:49:01,710.8
4657,0003,ITAU,FELIPE,SAQUE,2022-02-20T07:33:17,3955.11
1488,0007,SANTANDER,LUCAS,SAQUE,2022-02-03T20:06:18,1744.05
7912,0006,SANTANDER,CARLOS,DEPOSITO,2022-02-28T08:50:20,1895.77
1488,0007,SANTANDER,LUCAS,SAQUE,2022-02-22T02:44:20,3850.86
1488,0007,SANTANDER,LUCAS,SAQUE,2022-02-22T08:29:11,403.54
4582,0008,ITAU,BRUNA,SAQUE,2022-02-27T13:53:10,4668.33
4657,0003,ITAU,FELIPE,DEPOSITO,2022-02-13T21:57:26,476.55
1488,0007,SANTANDER,LUCAS,DEPOSITO,2022-02-12T09:56:26,3973.34
1488,0007,SANTANDER,LUCAS,SAQUE,2022-02-06T12:50:24,1679.53
7912,0006,SANTANDER,CARLOS,DEPOSITO,2022-02-23T00:06:46,2442.66
2824,0001,SANTANDER,JOAO,SAQUE,2022-02-07T00:36:23,3072.35
7912,0006,SANTANDER,CARLOS,DEPOSITO,2022-02-14T14:47:38,2834.54
2824,0001,SANTANDER,JOAO,SAQUE,2022-02-24T22:33:50,549.39
2424,0005,BANCO DO BRASIL,ANA,SAQUE,2022-02-01T20:41:31,2463.68
5506,0002,ITAU,MARIA,DEPOSITO,2022-02-28T14:00:21,3855.92
2824,0001,SANTANDER,JOAO,DEPOSITO,2022-02-16T05:41:43,1573.71
2824,0001,SANTANDER,JOAO,SAQUE,2022-02-19T07:42:29,2760.52
4582,0008,ITAU,BRUNA,SAQUE,2022-02-26T22:10:05,1203.45
2679,0004,BANCO DO BRASIL,JULIA,SAQUE,2022-02-17T06:13:16,1200.78
7912,0006,SANTANDER,CARLOS,SAQUE,2022-02-23T14:48:53,560.48
2424,0005,BANCO DO BRASIL,ANA,DEPOSITO,2022-02-23T01:02:25,13.59
2824,0001,SANTANDER,JOAO,DEPOSITO,2022-02-26T11:27:19,711.65
1488,0007,SANTANDER,LUCAS,DEPOSITO,2022-02-23T18:55:47,219.37
2824,0001,SANTANDER,JOAO,DEPOSITO,2022-02-26T14:49:37,1032.87
2824,0001,SANTANDER,JOAO,DEPOSITO,2022-02-05T02:22:26,985.47
4582,0008,ITAU,BRUNA,DEPOSITO,2022-02-06T10:51:25,3660.89
2824,0001,SANTANDER,JOAO,SAQUE,2022-02-16T15:44:08,832.97
5506,0002,ITAU,MARIA,SAQUE,2022-02-19T04:01:14,2735.53
7912,0006,SANTANDER,CARLOS,DEPOSITO,2022-02-17T19:06:33,3645.17
1488,0007,SANTANDER,LUCAS,DEPOSITO,2022-02-28T21:42:15,1486.4
4657,0003,ITAU,FELIPE,SAQUE,2022-02-17T17:39:09,4579.94
7912,0006,SANTANDER,CARLOS,DEPOSITO,2022-02-06T06:40:28,3497.42
1488,0007,SANTANDER,LUCAS,SAQUE,2022-02-12T07:18:46,4192.16
1434,0010,BANCO DO BRASIL,PAULA,DEPOSITO,2022-02-10T03:20:59,1924.28
4582,0008,ITAU,BRUNA,DEPOSITO,2022-02-10T03:26:18,734.95
4657,0003,ITAU,FELIPE,DEPOSITO,2022-02-21T17:39:09,3176.96
1434,0010,BANCO DO BRASIL,PAULA,DEPOSITO,2022-02-01T22:08:38,3772.02
2824,0001,SANTANDER,JOAO,DEPOSITO,2022-02-01T07:57:54,4077.33
4657,0003,ITAU,FELIPE,DEPOSITO,2022-02-24T18:16:37,1072.3
5506,0002,ITAU,MARIA,SAQUE,2022-02-07T23:07:59,554.96
1488,0007,SANTANDER,LUCAS,SAQUE,2022-02-11T13:31:48,667.16
1434,0010,BANCO DO BRASIL,PAULA,SAQUE,2022-02-19T06:54:37,779.72
5506,0002,ITAU,MARIA,DEPOSITO,2022-02-24T04:53:09,1283.87
2679,0004,BANCO DO BRASIL,JULIA,DEPOSITO,2022-02-15T01:37:18,3933.98
1434,0010,BANCO DO BRASIL,PAULA,DEPOSITO,2022-02-20T20:15:04,4262.98
7912,0006,SANTANDER,CARLOS,SAQUE,2022-02-07T22:36:02,4093.93
2424,0005,BANCO DO BRASIL,ANA,SAQUE,2022-02-18T02:02:32,2541.61
7912,0006,SANTANDER,CARLOS,SAQUE,2022-02-22T19:26:20,1330.86
1488,0007,SANTANDER,LUCAS,SAQUE,2022-02-14T11:53:21,3938.03
9279,0009,BANCO DO BRASIL,MARCOS,DEPOSITO,2022-02-20T12:35:22,822.32
2679,0004,BANCO DO BRASIL,JULIA,DEPOSITO,2022-02-13T01:12:17,3955.64
2824,0001,SANTANDER,JOAO,DEPOSITO,2022-02-04T13:06:52,990.16
4582,0008,ITAU,BRUNA,DEPOSITO,2022-02-20T16:18:21,3295.59
5506,0002,ITAU,MARIA,DEPOSITO,2022-02-23T08:02:37,2558.31
2679,0004,BANCO DO BRASIL,JULIA,SAQUE,2022-02-14T19:00:05,878.99
5506,0002,ITAU,MARIA,DEPOSITO,2022-02-09T02:51:33,4448.35
2679,0004,BANCO DO BRASIL,JULIA,SAQUE,2022-02-28T07:40:18,89.34
1488,0007,SANTANDER,LUCAS,SAQUE,2022-02-07T16:09:53,4549.0
4582,0008,ITAU,BRUNA,DEPOSITO,2022-02-10T19:21:38,766.84
7912,0006,SANTANDER,CARLOS,SAQUE,2022-02-01T08:59:24,48.44
2679,0004,BANCO DO BRASIL,JULIA,SAQUE,2022-02-09T12:28:54,3840.3
1434,0010,BANCO DO BRASIL,PAULA,SAQUE,2022-02-12T18:19:03,367.5
9279,0009,BANCO DO BRASIL,MARCOS,DEPOSITO,2022-02-06T00:41:13,4695.26
1434,0010,BANCO DO BRASIL,PAULA,DEPOSITO,2022-02-08T10:45:07,4128.66
2424,0005,BANCO DO BRASIL,ANA,DEPOSITO,2022-02-20T07:06:05,3252.68
4657,0003,ITAU,FELIPE,DEPOSITO,2022-02-16T02:12:50,3598.52
2824,0001,SANTANDER,JOAO,SAQUE,2022-02-13T07:07:50,2411.34
4657,0003,ITAU,FELIPE,DEPOSITO,2022-02-19T12:55:17,1219.36
2679,0004,BANCO DO BRASIL,JULIA,SAQUE,2022-02-24T20:06:28,4516.08
1434,0010,BANCO DO BRASIL,PAULA,DEPOSITO,2022-02-16T16:38:44,4287.48
4657,0003,ITAU,FELIPE,SAQUE,2022-02-01T13:57:31,570.11
1434,0010,BANCO DO BRASIL,PAULA,DEPOSITO,2022-02-18T20:17:40,4154.0
2424,0005,BANCO DO BRASIL,ANA,DEPOSITO,2022-02-06T08:31:52,4251.5
1488,0007,SANTANDER,LUCAS,DEPOSITO,2022-02-15T01:06:18,4427.96
1434,0010,BANCO DO BRASIL,PAULA,SAQUE,2022-02-02T19:08:05,1475.12
4657,0003,ITAU,FELIPE,SAQUE,2022-02-07T22:51:17,4394.53
5506,0002,ITAU,MARIA,DEPOSITO,2022-02-26T00:04:42,3232.17
2679,0004,BANCO DO BRASIL,JULIA,SAQUE,2022-02-08T23:38:05,1652.83
2679,0004,BANCO DO BRASIL,JULIA,SAQUE,2022-02-06T04:26:50,884.02
9279,0009,BANCO DO BRASIL,MARCOS,SAQUE,2022-02-21T04:21:51,2283.58
2679,0004,BANCO DO BRASIL,JULIA,SAQUE,2022-02-10T04:51:41,1431.65
5506,0002,ITAU,MARIA,SAQUE,2022-02-23T05:56:28,3109.58
5506,0002,ITAU,MARIA,SAQUE,2022-02-07T08:53:47,4617.81
2679,0004,BANCO DO BRASIL,JULIA,DEPOSITO,2022-02-19T05:02:30,3530.11
4582,0008,ITAU,BRUNA,SAQUE,2022-02-13T05:09:41,2008.23
2679,0004,BANCO DO BRASIL,JULIA,SAQUE,2022-02-25T00:36:20,3000.36
2824,0001,SANTANDER,JOAO,DEPOSITO,2022-02-03T12:25:28,4270.76
4657,0003,ITAU,FELIPE,DEPOSITO,2022-02-22T15:50:52,3222.96
1488,0007,SANTANDER,LUCAS,DEPOSITO,2022-02-14T11:59:40,4214.74
9279,0009,BANCO DO BRASIL,MARCOS,DEPOSITO,2022-02-28T13:42:39,1713.07
1488,0007,SANTANDER,LUCAS,DEPOSITO,2022-02-25T05:49:09,1660.82
4582,0008,ITAU,BRUNA,DEPOSITO,2022-02-27T03:49:30,3679.35
2679,0004,BANCO DO BRASIL,JULIA,SAQUE,2022-02-25T03:10:00,4033.95
5506,0002,ITAU,MARIA,SAQUE,2022-02-14T19:28:55,4391.49
1434,0010,BANCO DO BRASIL,PAULA,DEPOSITO,2022-02-01T17:04:50,344.31
5506,0002,ITAU,MARIA,DEPOSITO,2022-02-21T16:45:31,671.53
1488,0007,SANTANDER,LUCAS,DEPOSITO,2022-02-27T14:05:52,770.28
7912,0006,SANTANDER,CARLOS,SAQUE,2022-02-20T21:15:05,1942.3
4582,0008,ITAU,BRUNA,SAQUE,2022-02-15T13:35:48,4638.48
2679,0004,BANCO DO BRASIL,JULIA,SAQUE,2022-02-07T16:33:00,595.01
9279,0009,BANCO DO BRASIL,MARCOS,DEPOSITO,2022-02-21T20:00:45,4695.48
7912,0006,SANTANDER,CARLOS,SAQUE,2022-02-07T06:36:19,3657.36
4657,0003,ITAU,FELIPE,DEPOSITO,2022-02-23T11:34:03,3316.21
1434,0010,BANCO DO BRASIL,PAULA,DEPOSITO,2022-02-16T21:44:39,1868.22
4582,0008,ITAU,BRUNA,SAQUE,2022-02-24T05:54:56,1475.92
2424,0005,BANCO DO BRASIL,ANA,DEPOSITO,2022-02-19T07:52:07,4574.42
7912,0006,SANTANDER,CARLOS,DEPOSITO,2022-02-18T19:32:14,139.19
4657,0003,ITAU,FELIPE,SAQUE,2022-02-09T08:51:48,2590.23
4657,0003,ITAU,FELIPE,DEPOSITO,2022-02-13T16:46:19,2766.39
4582,0008,ITAU,BRUNA,SAQUE,2022-02-25T19:36:07,4832.19
4582,0008,ITAU,BRUNA,DEPOSITO,2022-02-15T11:36:13,1775.92
2824,0001,SANTANDER,JOAO,SAQUE,2022-02-01T06:38:40,3454.4
9279,0009,BANCO DO BRASIL,MARCOS,SAQUE,2022-02-21T12:48:36,4685.93
5506,0002,ITAU,MARIA,DEPOSITO,2022-02-11T03:06:29,4071.84
2824,0001,SANTANDER,JOAO,DEPOSITO,2022-02-23T07:57:09,2868.17
2679,0004,BANCO DO BRASIL,JULIA,DEPOSITO,2022-02-04T23:38:16,2690.98
1488,0007,SANTANDER,LUCAS,DEPOSITO,2022-02-20T07:17:00,686.11
1488,0007,SANTANDER,LUCAS,DEPOSITO,2022-02-07T18:36:29,4179.2
9279,0009,BANCO DO BRASIL,MARCOS,SAQUE,2022-02-26T17:56:30,676.01
4582,0008,ITAU,BRUNA,SAQUE,2022-02-09T04:03:44,1818.44
4657,0003,ITAU,FELIPE,DEPOSITO,2022-02-10T08:08:13,2681.72
2424,0005,BANCO DO BRASIL,ANA,DEPOSITO,2022-02-14T15:43:26,2859.11
2824,0001,SANTANDER,JOAO,SAQUE,2022-02-25T05:36:51,1072.63
4582,0008,ITAU,BRUNA,SAQUE,2022-02-05T12:41:30,4764.56
9279,0009,BANCO DO BRASIL,MARCOS,SAQUE,2022-02-06T16:56:39,141.68
4582,0008,ITAU,BRUNA,SAQUE,2022-02-18T17:55:16,1838.5
9279,0009,BANCO DO BRASIL,MARCOS,DEPOSITO,2022-02-04T06:31:04,1945.78
2824,0001,SANTANDER,JOAO,SAQUE,2022-02-04T18:21:01,402.64
1488,0007,SANTANDER,LUCAS,DEPOSITO,2022-02-01T18:27:59,4757.03
2824,0001,SANTANDER,JOAO,DEPOSITO,2022-02-16T17:30:13,2832.43
1434,0010,BANCO DO BRASIL,PAULA,DEPOSITO,2022-02-15T16:47:15,3096.31
1488,0007,SANTANDER,LUCAS,SAQUE,2022-02-04T13:51:08,2738.21
9279,0009,BANCO DO BRASIL,MARCOS,SAQUE,2022-02-12T16:44:56,967.74
9279,0009,BANCO DO BRASIL,MARCOS,DEPOSITO,2022-02-25T16:06:58,162.37
1434,0010,BANCO DO BRASIL,PAULA,SAQUE,2022-02-28T20:59:22,1582.52
1434,0010,BANCO DO BRASIL,PAULA,SAQUE,2022-02-01T05:37:35,26.76
5506,0002,ITAU,MARIA,DEPOSITO,2022-02-16T07:45:37,3449.16
5506,0002,ITAU,MARIA,SAQUE,2022-02-08T13:01:38,2686.59
2424,0005,BANCO DO BRASIL,ANA,SAQUE,2022-02-22T06:09:31,2874.73
9279,0009,BANCO DO BRASIL,MARCOS,SAQUE,2022-02-25T09:04:43,4039.4
4657,0003,ITAU,FELIPE,SAQUE,2022-02-07T20:10:16,3577.15
9279,0009,BANCO DO BRASIL,MARCOS,DEPOSITO,2022-02-13T07:12:50,4149.73
7912,0006,SANTANDER,CARLOS,DEPOSITO,2022-02-28T07:16:07,466.95
1434,0010,BANCO DO BRASIL,PAULA,SAQUE,2022-02-04T17:08:56,3308.79
2824,0001,SANTANDER,JOAO,DEPOSITO,2022-02-08T14:07:48,2672.0
2424,0005,BANCO DO BRASIL,ANA,SAQUE,2022-02-03T14:36:51,471.28
9279,0009,BANCO DO BRASIL,MARCOS,SAQUE,2022-02-08T12:13:21,4642.71
4657,0003,ITAU,FELIPE,SAQUE,2022-02-28T15:21:46,4216.61
1488,0007,SANTANDER,LUCAS,SAQUE,2022-02-11T23:05:35,3205.94
1434,0010,BANCO DO BRASIL,PAULA,SAQUE,2022-02-03T18:16:20,4693.14
4657,0003,ITAU,FELIPE,DEPOSITO,2022-02-20T07:56:30,1431.19
4657,0003,ITAU,FELIPE,DEPOSITO,2022-02-26T09:28:48,3820.31
5506,0002,ITAU,MARIA,SAQUE,2022-02-09T15:11:16,425.31
1434,0010,BANCO DO BRASIL,PAULA,DEPOSITO,2022-02-10T14:14:09,2579.33
2824,0001,SANTANDER,JOAO,SAQUE,2022-02-26T03:37:57,773.55
5506,0002,ITAU,MARIA,SAQUE,2022-02-13T17:50:01,3792.12
4657,0003,ITAU,FELIPE,SAQUE,2022-02-07T22:21:00,4244.86
7912,0006,SANTANDER,CARLOS,SAQUE,2022-02-12T17:35:17,2815.52
4582,0008,ITAU,BRUNA,SAQUE,2022-02-08T12:35:06,228.2
9279,0009,BANCO DO BRASIL,MARCOS,SAQUE,2022-02-01T08:11:36,3437.43
1434,0010,BANCO DO BRASIL,PAULA,DEPOSITO,2022-02-09T19:11:01,3394.26
1434,0010,BANCO DO BRASIL,PAULA,SAQUE,2022-02-22T18:07:01,1716.07
2424,0005,BANCO DO BRASIL,ANA,SAQUE,2022-02-15T13:54:51,4922.13
1434,0010,BANCO DO BRASIL,PAULA,SAQUE,2022-02-01T22:23:41,1994.94
4657,0003,ITAU,FELIPE,DEPOSITO,2022-02-15T12:26:47,1592.4
4582,0008,ITAU,BRUNA,SAQUE,2022-02-06T22:21:42,1260.94
2679,0004,BANCO DO BRASIL,JULIA,SAQUE,2022-02-18T05:55:44,2770.22
2679,0004,BANCO DO BRASIL,JULIA,SAQUE,2022-02-11T03:00:21,3817.68
9279,0009,BANCO DO BRASIL,MARCOS,DEPOSITO,2022-02-23T08:44:16,2972.04
5506,0002,ITAU,MARIA,SAQUE,2022-02-06T17:32:56,4355.64
7912,0006,SANTANDER,CARLOS,SAQUE,2022-02-25T02:59:43,1881.24
2424,0005,BANCO DO BRASIL,ANA,DEPOSITO,2022-02-23T23:21:17,3786.99
2824,0001,SANTANDER,JOAO,DEPOSITO,2022-02-24T14:12:46,3736.72
2679,0004,BANCO DO BRASIL,JULIA,DEPOSITO,2022-02-17T03:10:33,2755.69
9279,0009,BANCO DO BRASIL,MARCOS,DEPOSITO,2022-02-28T13:19:04,2833.86
1434,0010,BANCO DO BRASIL,PAULA,SAQUE,2022-02-16T07:23:03,4236.52
7912,0006,SANTANDER,CARLOS,SAQUE,2022-02-09T07:42:38,444.49
1434,0010,BANCO DO BRASIL,PAULA,DEPOSITO,2022-02-24T14:20:17,2147.77
2424,0005,BANCO DO BRASIL,ANA,DEPOSITO,2022-02-28T18:52:48,3457.45
5506,0002,ITAU,MARIA,DEPOSITO,2022-02-09T18:12:02,2954.63
5506,0002,ITAU,MARIA,DEPOSITO,2022-02-06T12:05:25,484.83
4657,0003,ITAU,FELIPE,DEPOSITO,2022-02-22T11:12:43,3119.68
2824,0001,SANTANDER,JOAO,SAQUE,2022-02-13T12:23:27,372.03
4657,0003,ITAU,FELIPE,DEPOSITO,2022-02-16T12:07:37,2262.93
5506,0002,ITAU,MARIA,DEPOSITO,2022-02-03T09:39:09,4316.14
4582,0008,ITAU,BRUNA,DEPOSITO,2022-02-28T03:56:37,3376.71
1488,0007,SANTANDER,LUCAS,SAQUE,2022-02-16T14:45:18,415.73
7912,0006,SANTANDER,CARLOS,SAQUE,2022-02-12T10:30:50,2472.84
1434,0010,BANCO DO BRASIL,PAULA,SAQUE,2022-02-12T09:20:18,253.1
2679,0004,BANCO DO BRASIL,JULIA,SAQUE,2022-02-23T05:20:21,1851.63
1434,0010,BANCO DO BRASIL,PAULA,DEPOSITO,2022-02-04T14:38:07,2753.74
1434,0010,BANCO DO BRASIL,PAULA,SAQUE,2022-02-17T04:23:41,416.69
2824,0001,SANTANDER,JOAO,DEPOSITO,2022-02-16T01:02:42,833.19
5506,0002,ITAU,MARIA,DEPOSITO,2022-02-12T11:25:18,3692.19
9279,0009,BANCO DO BRASIL,MARCOS,SAQUE,2022-02-01T12:26:01,4558.44
7912,0006,SANTANDER,CARLOS,DEPOSITO,2022-02-09T12:44:16,1428.55
1434,0010,BANCO DO BRASIL,PAULA,DEPOSITO,2022-02-15T03:20:30,172.87
2424,0005,BANCO DO BRASIL,ANA,DEPOSITO,2022-02-12T08:39:05,223.61
1434,0010,BANCO DO BRASIL,PAULA,DEPOSITO,2022-02-21T13:08:14,3777.55
5506,0002,ITAU,MARIA,DEPOSITO,2022-02-07T22:10:57,4693.61
5506,0002,ITAU,MARIA,SAQUE,2022-02-04T03:06:55,996.77
1488,0007,SANTANDER,LUCAS,SAQUE,2022-02-01T10:56:24,1944.99
9279,0009,BANCO DO BRASIL,MARCOS,SAQUE,2022-02-14T23:34:41,2196.2
4582,0008,ITAU,BRUNA,DEPOSITO,2022-02-13T16:54:38,1128.79
1434,0010,BANCO DO BRASIL,PAULA,SAQUE,2022-02-11T19:21:39,4168.24
4582,0008,ITAU,BRUNA,SAQUE,2022-02-12T19:31:49,1066.09
2679,0004,BANCO DO BRASIL,JULIA,SAQUE,2022-02-01T07:35:18,1585.39
2824,0001,SANTANDER,JOAO,SAQUE,2022-02-15T16:40:07,621.89
1488,0007,SANTANDER,LUCAS,SAQUE,2022-02-17T23:05:02,1113.78
1488,0007,SANTANDER,LUCAS,SAQUE,2022-02-07T00:26:44,2652.77
2424,0005,BANCO DO BRASIL,ANA,SAQUE,2022-02-17T19:26:24,708.32
2424,0005,BANCO DO BRASIL,ANA,SAQUE,2022-02-13T10:46:55,3437.41
2424,0005,BANCO DO BRASIL,ANA,SAQUE,2022-02-23T19:14:36,1911.86
9279,0009,BANCO DO BRASIL,MARCOS,DEPOSITO,2022-02-05T09:44:24,2571.23
5506,0002,ITAU,MARIA,DEPOSITO,2022-02-11T14:58:06,887.67
2679,0004,BANCO DO BRASIL,JULIA,DEPOSITO,2022-02-13T05:36:35,2805.05
2679,0004,BANCO DO BRASIL,JULIA,DEPOSITO,2022-02-14T18:30:39,1649.52
2824,0001,SANTANDER,JOAO,DEPOSITO,2022-02-18T12:44:41,2035.88
2824,0001,SANTANDER,JOAO,DEPOSITO,2022-02-14T13:59:40,1050.27
4582,0008,ITAU,BRUNA,DEPOSITO,2022-02-18T11:46:03,2220.71
1488,0007,SANTANDER,LUCAS,SAQUE,2022-02-02T03:02:25,3001.36
4582,0008,ITAU,BRUNA,DEPOSITO,2022-02-12T01:19:51,536.2
1434,0010,BANCO DO BRASIL,PAULA,DEPOSITO,2022-02-09T01:22:57,3084.59
4582,0008,ITAU,BRUNA,DEPOSITO,2022-02-21T18:39:54,873.57
1434,0010,BANCO DO BRASIL,PAULA,DEPOSITO,2022-02-23T08:10:37,2318.85
4657,0003,ITAU,FELIPE,DEPOSITO,2022-02-16T03:57:08,4549.58
4657,0003,ITAU,FELIPE,SAQUE,2022-02-13T14:38:26,3165.71
4657,0003,ITAU,FELIPE,DEPOSITO,2022-02-13T20:32:29,3861.18
7912,0006,SANTANDER,CARLOS,DEPOSITO,2022-02-22T23:36:12,4025.94
2824,0001,SANTANDER,JOAO,DEPOSITO,2022-02-17T01:55:19,3372.29
4657,0003,ITAU,FELIPE,SAQUE,2022-02-22T10:18:39,1995.89
7912,0006,SANTANDER,CARLOS,DEPOSITO,2022-02-06T11:22:34,1356.99
2824,0001,SANTANDER,JOAO,DEPOSITO,2022-02-21T02:07:25,1945.12
7912,0006,SANTANDER,CARLOS,DEPOSITO,2022-02-17T22:27:01,3864.13
1488,0007,SANTANDER,LUCAS,SAQUE,2022-02-15T13:00:27,2982.45
4582,0008,ITAU,BRUNA,DEPOSITO,2022-02-26T06:56:02,4827.97
4582,0008,ITAU,BRUNA,SAQUE,2022-02-03T13:08:04,595.56
7912,0006,SANTANDER,CARLOS,DEPOSITO,2022-02-24T02:07:03,4650.06
4582,0008,ITAU,BRUNA,SAQUE,2022-02-23T02:35:53,2078.06
9279,0009,BANCO DO BRASIL,MARCOS,SAQUE,2022-02-19T15:03:54,4719.45
4657,0003,ITAU,FELIPE,DEPOSITO,2022-02-01T16:37:29,4215.27
2679,0004,BANCO DO BRASIL,JULIA,SAQUE,2022-02-04T18:53:45,384.97
1488,0007,SANTANDER,LUCAS,SAQUE,2022-02-04T10:21:46,1196.02
1434,0010,BANCO DO BRASIL,PAULA,DEPOSITO,2022-02-21T17:33:12,3048.13
2424,0005,BANCO DO BRASIL,ANA,SAQUE,2022-02-15T17:25:17,4403.12
1488,0007,SANTANDER,LUCAS,SAQUE,2022-02-19T16:17:11,1914.28
2679,0004,BANCO DO BRASIL,JULIA,SAQUE,2022-02-25T19:57:29,3710.91
9279,0009,BANCO DO BRASIL,MARCOS,SAQUE,2022-02-15T20:20:49,80.51
7912,0006,SANTANDER,CARLOS,DEPOSITO,2022-02-28T04:55:52,4032.16
1488,0007,SANTANDER,LUCAS,DEPOSITO,2022-02-12T05:53:17,1774.66
2824,0001,SANTANDER,JOAO,SAQUE,2022-02-15T03:14:54,2203.37
2679,0004,BANCO DO BRASIL,JULIA,SAQUE,2022-02-18T23:45:05,1370.49
4582,0008,ITAU,BRUNA,DEPOSITO,2022-02-03T12:07:55,1025.76
5506,0002,ITAU,MARIA,SAQUE,2022-02-16T10:50:36,2698.47
7912,0006,SANTANDER,CARLOS,DEPOSITO,2022-02-02T00:17:55,2728.21
5506,0002,ITAU,MARIA,DEPOSITO,2022-02-26T01:08:00,4639.94
1434,0010,BANCO DO BRASIL,PAULA,SAQUE,2022-02-15T02:19:13,3732.58
1434,0010,BANCO DO BRASIL,PAULA,DEPOSITO,2022-02-16T05:19:07,4019.86
2679,0004,BANCO DO BRASIL,JULIA,SAQUE,2022-02-24T17:41:00,2378.83
2824,0001,SANTANDER,JOAO,DEPOSITO,2022-02-12T10:03:00,2155.51
1434,0010,BANCO DO BRASIL,PAULA,SAQUE,2022-02-03T20:15:36,4225.64
4582,0008,ITAU,BRUNA,DEPOSITO,2022-02-11T14:48:46,1731.73
2679,0004,BANCO DO BRASIL,JULIA,SAQUE,2022-02-25T16:03:12,3500.13
2424,0005,BANCO DO BRASIL,ANA,DEPOSITO,2022-02-07T19:37:58,4699.75
1488,0007,SANTANDER,LUCAS,DEPOSITO,2022-02-25T13:05:53,4233.94
1488,0007,SANTANDER,LUCAS,SAQUE,2022-02-09T18:11:20,581.44
5506,0002,ITAU,MARIA,DEPOSITO,2022-02-24T03:03:40,1625.06
7912,0006,SANTANDER,CARLOS,SAQUE,2022-02-19T22:33:00,148.47
1488,0007,SANTANDER,LUCAS,DEPOSITO,2022-02-06T14:20:17,3782.71
2679,0004,BANCO DO BRASIL,JULIA,DEPOSITO,2022-02-08T19:30:11,4917.83
5506,0002,ITAU,MARIA,DEPOSITO,2022-02-15T13:28:29,4258.3
2824,0001,SANTANDER,JOAO,SAQUE,2022-02-15T12:45:09,1068.77
1434,0010,BANCO DO BRASIL,PAULA,SAQUE,2022-02-23T10:20:25,4063.75
4657,0003,ITAU,FELIPE,DEPOSITO,2022-02-16T14:14:18,521.96
4582,0008,ITAU,BRUNA,DEPOSITO,2022-02-21T04:15:11,1289.47
7912,0006,SANTANDER,CARLOS,DEPOSITO,2022-02-26T03:01:10,2262.92
9279,0009,BANCO DO BRASIL,MARCOS,SAQUE,2022-02-08T07:23:27,988.92
1434,0010,BANCO DO BRASIL,PAULA,SAQUE,2022-02-17T10:08:55,2600.31
2424,0005,BANCO DO BRASIL,ANA,DEPOSITO,2022-02-23T05:38:40,3448.07
4582,0008,ITAU,BRUNA,DEPOSITO,2022-02-08T18:09:41,80.44
7912,0006,SANTANDER,CARLOS,SAQUE,2022-02-24T04:20:57,4747.89
2824,0001,SANTANDER,JOAO,SAQUE,2022-02-19T07:43:55,688.16
1488,0007,SANTANDER,LUCAS,SAQUE,2022-02-28T01:46:07,1943.12
7912,0006,SANTANDER,CARLOS,DEPOSITO,2022-02-06T01:52:03,4290.09
1434,0010,BANCO DO BRASIL,PAULA,DEPOSITO,2022-02-09T02:53:21,2273.54
5506,0002,ITAU,MARIA,DEPOSITO,2022-02-22T17:40:46,545.94
7912,0006,SANTANDER,CARLOS,DEPOSITO,2022-02-10T12:26:31,3285.99
7912,0006,SANTANDER,CARLOS,DEPOSITO,2022-02-03T00:49:08,4567.1
9279,0009,BANCO DO BRASIL,MARCOS,SAQUE,2022-02-20T06:17:17,1825.69
1488,0007,SANTANDER,LUCAS,SAQUE,2022-02-11T09:16:23,330.5
5506,0002,ITAU,MARIA,DEPOSITO,2022-02-09T13:31:09,1945.52
5506,0002,ITAU,MARIA,DEPOSITO,2022-02-20T07:18:55,3533.29
1434,0010,BANCO DO BRASIL,PAULA,SAQUE,2022-02-17T19:10:22,1108.09
2679,0004,BANCO DO BRASIL,JULIA,SAQUE,2022-02-05T23:38:31,71.32
9279,0009,BANCO DO BRASIL,MARCOS,SAQUE,2022-02-25T15:00:48,4513.27
4582,0008,ITAU,BRUNA,SAQUE,2022-02-11T07:33:06,75.51
4657,0003,ITAU,FELIPE,SAQUE,2022-02-07T20:26:38,4421.89
7912,0006,SANTANDER,CARLOS,SAQUE,2022-02-27T18:18:54,3202.57
1434,0010,BANCO DO BRASIL,PAULA,SAQUE,2022-02-11T10:38:49,2694.8
1488,0007,SANTANDER,LUCAS,DEPOSITO,2022-02-25T16:45:17,1269.1
2424,0005,BANCO DO BRASIL,ANA,SAQUE,2022-02-21T20:00:23,1000.08
7912,0006,SANTANDER,CARLOS,DEPOSITO,2022-02-12T13:35:02,3254.74
1488,0007,SANTANDER,LUCAS,DEPOSITO,2022-02-21T13:30:17,2061.4
4582,0008,ITAU,BRUNA,SAQUE,2022-02-11T18:56:05,984.23
7912,0006,SANTANDER,CARLOS,DEPOSITO,2022-02-03T08:40:05,4562.7
2679,0004,BANCO DO BRASIL,JULIA,DEPOSITO,2022-02-01T10:37:38,4611.3
2824,0001,SANTANDER,JOAO,DEPOSITO,2022-02-15T08:37:02,2953.37
2679,0004,BANCO DO BRASIL,JULIA,DEPOSITO,2022-02-15T22:26:27,1340.38
4582,0008,ITAU,BRUNA,DEPOSITO,2022-02-02T08:02:08,4811.89
7912,0006,SANTANDER,CARLOS,DEPOSITO,2022-02-17T07:48:11,60.75
7912,0006,SANTANDER,CARLOS,DEPOSITO,2022-02-27T02:41:38,1853.55
2679,0004,BANCO DO BRASIL,JULIA,DEPOSITO,2022-02-04T11:58:26,1991.39
2824,0001,SANTANDER,JOAO,DEPOSITO,2022-02-22T19:49:11,1019.38
4582,0008,ITAU,BRUNA,SAQUE,2022-02-14T08:31:02,4726.85
4582,0008,ITAU,BRUNA,SAQUE,2022-02-07T13:09:23,3744.99
1488,0007,SANTANDER,LUCAS,SAQUE,2022-02-10T18:29:25,380.61
2824,0001,SANTANDER,JOAO,DEPOSITO,2022-02-24T07:06:52,2859.38
7912,0006,SANTANDER,CARLOS,DEPOSITO,2022-02-07T16:01:45,3705.85
2424,0005,BANCO DO BRASIL,ANA,SAQUE,2022-02-09T07:23:27,2675.36
9279,0009,BANCO DO BRASIL,MARCOS,SAQUE,2022-02-15T02:19:15,2242.67
1434,0010,BANCO DO BRASIL,PAULA,SAQUE,2022-02-13T12:55:35,835.04
4657,0003,ITAU,FELIPE,SAQUE,2022-02-07T04:08:35,2843.31
1488,0007,SANTANDER,LUCAS,DEPOSITO,2022-02-20T10:47:03,1051.04
2679,0004,BANCO DO BRASIL,JULIA,SAQUE,2022-02-23T07:29:53,211.17
9279,0009,BANCO DO BRASIL,MARCOS,SAQUE,2022-02-05T00:57:49,867.11
9279,0009,BANCO DO BRASIL,MARCOS,SAQUE,2022-02-01T14:01:03,2401.05
4657,0003,ITAU,FELIPE,SAQUE,2022-02-05T23:08:01,2618.68
5506,0002,ITAU,MARIA,SAQUE,2022-02-09T06:56:06,1596.8
2424,0005,BANCO DO BRASIL,ANA,DEPOSITO,2022-02-13T03:02:44,4373.68
7912,0006,SANTANDER,CARLOS,DEPOSITO,2022-02-23T23:09:10,2645.24
4582,0008,ITAU,BRUNA,DEPOSITO,2022-02-11T08:12:56,3623.94
2679,0004,BANCO DO BRASIL,JULIA,DEPOSITO,2022-02-07T05:37:21,588.71
4582,0008,ITAU,BRUNA,SAQUE,2022-02-01T21:20:45,3546.12
7912,0006,SANTANDER,CARLOS,SAQUE,2022-02-23T00:53:26,2315.86
2424,0005,BANCO DO BRASIL,ANA,SAQUE,2022-02-13T02:06:55,4947.79
1488,0007,SANTANDER,LUCAS,DEPOSITO,2022-02-03T20:00:17,4778.17
4582,0008,ITAU,BRUNA,DEPOSITO,2022-02-25T06:23:37,4481.72
9279,0009,BANCO DO BRASIL,MARCOS,SAQUE,2022-02-20T10:44:32,1668.93
9279,0009,BANCO DO BRASIL,MARCOS,SAQUE,2022-02-15T14:45:46,1531.93
2824,0001,SANTANDER,JOAO,DEPOSITO,2022-02-22T11:59:10,4752.32
2679,0004,BANCO DO BRASIL,JULIA,DEPOSITO,2022-02-28T22:44:58,78.57
2824,0001,SANTANDER,JOAO,DEPOSITO,2022-02-13T09:03:27,4861.46
2824,0001,SANTANDER,JOAO,DEPOSITO,2022-02-09T08:00:15,809.64
1488,0007,SANTANDER,LUCAS,DEPOSITO,2022-02-27T00:05:07,3671.96
9279,0009,BANCO DO BRASIL,MARCOS,DEPOSITO,2022-02-28T07:51:15,1505.95
4657,0003,ITAU,FELIPE,DEPOSITO,2022-02-25T20:51:59,1501.58
4657,0003,ITAU,FELIPE,DEPOSITO,2022-02-27T20:45:54,274.55
1488,0007,SANTANDER,LUCAS,SAQUE,2022-02-10T01:02:35,2729.31
2424,0005,BANCO DO BRASIL,ANA,DEPOSITO,2022-02-18T02:20:47,811.18
9279,0009,BANCO DO BRASIL,MARCOS,SAQUE,2022-02-03T23:54:09,4061.23
1434,0010,BANCO DO BRASIL,PAULA,DEPOSITO,2022-02-28T13:09:55,171.59
2424,0005,BANCO DO BRASIL,ANA,DEPOSITO,2022-02-04T19:14:02,1750.86
5506,0002,ITAU,MARIA,SAQUE,2022-02-17T18:15:22,4518.06
9279,0009,BANCO DO BRASIL,MARCOS,DEPOSITO,2022-02-08T04:55:08,4806.89
4657,0003,ITAU,FELIPE,DEPOSITO,2022-02-08T23:14:30,2462.48
9279,0009,BANCO DO BRASIL,MARCOS,SAQUE,2022-02-25T19:41:42,2887.03
1434,0010,BANCO DO BRASIL,PAULA,DEPOSITO,2022-02-09T00:43:24,4682.05
1488,0007,SANTANDER,LUCAS,SAQUE,2022-02-18T22:46:08,3939.8
1488,0007,SANTANDER,LUCAS,SAQUE,2022-02-11T09:53:56,4074.64
1434,0010,BANCO DO BRASIL,PAULA,SAQUE,2022-02-11T08:13:03,3726.43
5506,0002,ITAU,MARIA,DEPOSITO,2022-02-05T06:09:18,565.8
9279,0009,BANCO DO BRASIL,MARCOS,SAQUE,2022-02-27T06:19:53,3466.97
1434,0010,BANCO DO BRASIL,PAULA,SAQUE,2022-02-26T16:19:55,1569.88
4657,0003,ITAU,FELIPE,DEPOSITO,2022-02-22T09:43:02,3644.92
1488,0007,SANTANDER,LUCAS,DEPOSITO,2022-02-18T09:40:43,2099.97
7912,0006,SANTANDER,CARLOS,DEPOSITO,2022-02-04T02:44:00,954.82
5506,0002,ITAU,MARIA,DEPOSITO,2022-02-05T06:42:58,590.15
7912,0006,SANTANDER,CARLOS,SAQUE,2022-02-18T14:42:55,4547.13
1434,0010,BANCO DO BRASIL,PAULA,DEPOSITO,2022-02-01T12:50:19,2906.88
1488,0007,SANTANDER,LUCAS,DEPOSITO,2022-02-06T12:42:46,3866.65
2824,0001,SANTANDER,JOAO,SAQUE,2022-02-06T04:43:41,2432.0
4582,0008,ITAU,BRUNA,DEPOSITO,2022-02-21T23:18:30,2249.64
9279,0009,BANCO DO BRASIL,MARCOS,SAQUE,2022-02-27T05:03:55,1119.24
4657,0003,ITAU,FELIPE,SAQUE,2022-02-13T22:29:57,3880.51
4582,0008,ITAU,BRUNA,SAQUE,2022-02-17T17:33:51,1389.78
2824,0001,SANTANDER,JOAO,DEPOSITO,2022-02-01T06:49:53,1832.8
4582,0008,ITAU,BRUNA,SAQUE,2022-02-23T07:56:22,3206.59
7912,0006,SANTANDER,CARLOS,SAQUE,2022-02-12T19:11:43,3979.81
1434,0010,BANCO DO BRASIL,PAULA,DEPOSITO,2022-02-15T03:06:50,1850.46
1434,0010,BANCO DO BRASIL,PAULA,SAQUE,2022-02-09T05:17:25,3945.8
2679,0004,BANCO DO BRASIL,JULIA,DEPOSITO,2022-02-04T21:15:10,3049.05
5506,0002,ITAU,MARIA,DEPOSITO,2022-02-28T03:31:39,1847.76
9279,0009,BANCO DO BRASIL,MARCOS,SAQUE,2022-02-26T19:32:53,799.54
2824,0001,SANTANDER,JOAO,DEPOSITO,2022-02-17T16:36:38,748.24
5506,0002,ITAU,MARIA,DEPOSITO,2022-02-26T10:47:05,522.03
9279,0009,BANCO DO BRASIL,MARCOS,DEPOSITO,2022-02-16T03:03:31,4652.25
2679,0004,BANCO DO BRASIL,JULIA,SAQUE,2022-02-03T11:58:06,2213.07
5506,0002,ITAU,MARIA,DEPOSITO,2022-02-22T22:18:02,3761.56
1488,0007,SANTANDER,LUCAS,SAQUE,2022-02-05T21:17:45,707.17
4657,0003,ITAU,FELIPE,DEPOSITO,2022-02-28T23:21:34,4099.38
7912,0006,SANTANDER,CARLOS,SAQUE,2022-02-06T09:45:02,3426.97
2824,0001,SANTANDER,JOAO,SAQUE,2022-02-21T23:19:10,2442.04
2824,0001,SANTANDER,JOAO,DEPOSITO,2022-02-04T01:43:51,3659.86
5506,0002,ITAU,MARIA,SAQUE,2022-02-17T15:42:53,3243.37
2679,0004,BANCO DO BRASIL,JULIA,SAQUE,2022-02-09T17:16:00,2074.7
1488,0007,SANTANDER,LUCAS,SAQUE,2022-02-21T08:08:32,4404.81
9279,0009,BANCO DO BRASIL,MARCOS,DEPOSITO,2022-02-11T02:39:43,1815.82
7912,0006,SANTANDER,CARLOS,DEPOSITO,2022-02-09T07:07:51,1423.37
1434,0010,BANCO DO BRASIL,PAULA,DEPOSITO,2022-02-15T19:43:42,4264.29
4582,0008,ITAU,BRUNA,SAQUE,2022-02-17T07:47:55,4941.92
2824,0001,SANTANDER,JOAO,DEPOSITO,2022-02-18T17:46:18,4106.92
4657,0003,ITAU,FELIPE,DEPOSITO,2022-02-26T10:13:32,878.83
9279,0009,BANCO DO BRASIL,MARCOS,DEPOSITO,2022-02-08T20:44:18,2078.08
2824,0001,SANTANDER,JOAO,SAQUE,2022-02-12T06:34:55,1742.31
1488,0007,SANTANDER,LUCAS,SAQUE,2022-02-14T18:45:11,2786.63
1488,0007,SANTANDER,LUCAS,DEPOSITO,2022-02-21T05:56:33,4002.01
9279,0009,BANCO DO BRASIL,MARCOS,SAQUE,2022-02-28T19:14:44,2687.93
9279,0009,BANCO DO BRASIL,MARCOS,DEPOSITO,2022-02-08T12:16:56,2366.19
2824,0001,SANTANDER,JOAO,DEPOSITO,2022-02-13T03:44:53,1243.3
2424,0005,BANCO DO BRASIL,ANA,DEPOSITO,2022-02-04T10:41:25,1420.8
2824,0001,SANTANDER,JOAO,DEPOSITO,2022-02-11T00:23:26,305.19
1488,0007,SANTANDER,LUCAS,DEPOSITO,2022-02-13T14:05:11,4098.13
7912,0006,SANTANDER,CARLOS,DEPOSITO,2022-02-20T10:03:32,3719.11
1488,0007,SANTANDER,LUCAS,DEPOSITO,2022-02-18T19:22:50,2536.63
9279,0009,BANCO DO BRASIL,MARCOS,DEPOSITO,2022-02-14T03:47:54,716.37
1434,0010,BANCO DO BRASIL,PAULA,SAQUE,2022-02-09T01:41:27,4248.99
2824,0001,SANTANDER,JOAO,DEPOSITO,2022-02-22T06:09:23,2490.69
4582,0008,ITAU,BRUNA,SAQUE,2022-02-11T23:08:33,1506.87
1488,0007,SANTANDER,LUCAS,DEPOSITO,2022-02-15T01:18:34,584.72
2679,0004,BANCO DO BRASIL,JULIA,SAQUE,2022-02-22T17:16:08,4392.75
4657,0003,ITAU,FELIPE,DEPOSITO,2022-02-03T23:41:15,3371.65
4582,0008,ITAU,BRUNA,DEPOSITO,2022-02-02T17:40:08,1612.09
1434,0010,BANCO DO BRASIL,PAULA,SAQUE,2022-02-14T23:43:29,3322.77
2824,0001,SANTANDER,JOAO,DEPOSITO,2022-02-01T21:50:07,2304.17
2679,0004,BANCO DO BRASIL,JULIA,SAQUE,2022-02-13T08:31:42,1612.88
1488,0007,SANTANDER,LUCAS,SAQUE,2022-02-19T21:47:02,4708.57
1488,0007,SANTANDER,LUCAS,SAQUE,2022-02-27T22:27:42,2619.78
7912,0006,SANTANDER,CARLOS,SAQUE,2022-02-19T03:15:53,3525.64
9279,0009,BANCO DO BRASIL,MARCOS,SAQUE,2022-02-01T08:58:48,2363.84
7912,0006,SANTANDER,CARLOS,SAQUE,2022-02-07T04:58:51,2501.06
1488,0007,SANTANDER,LUCAS,SAQUE,2022-02-15T23:28:24,1035.88
1434,0010,BANCO DO BRASIL,PAULA,SAQUE,2022-02-28T00:48:18,1914.27
1488,0007,SANTANDER,LUCAS,SAQUE,2022-02-27T13:07:19,250.5
1488,0007,SANTANDER,LUCAS,SAQUE,2022-02-01T09:02:37,4577.91
1488,0007,SANTANDER,LUCAS,DEPOSITO,2022-02-24T03:52:07,3503.57
1434,0010,BANCO DO BRASIL,PAULA,SAQUE,2022-02-09T12:37:21,978.14
4657,0003,ITAU,FELIPE,DEPOSITO,2022-02-26T01:43:36,4905.96
1488,0007,SANTANDER,LUCAS,SAQUE,2022-02-06T05:44:05,3768.2
2824,0001,SANTANDER,JOAO,SAQUE,2022-02-11T21:30:31,4484.23
2679,0004,BANCO DO BRASIL,JULIA,SAQUE,2022-02-20T14:58:43,175.87
5506,0002,ITAU,MARIA,SAQUE,2022-02-11T08:33:48,2380.8
5506,0002,ITAU,MARIA,DEPOSITO,2022-02-19T13:04:00,4777.71
1488,0007,SANTANDER,LUCAS,SAQUE,2022-02-23T08:23:03,4796.13
7912,0006,SANTANDER,CARLOS,SAQUE,2022-02-05T11:19:55,2105.22
9279,0009,BANCO DO BRASIL,MARCOS,DEPOSITO,2022-02-13T18:03:30,4627.95
7912,0006,SANTANDER,CARLOS,SAQUE,2022-02-03T08:59:12,166.58
2824,0001,SANTANDER,JOAO,DEPOSITO,2022-02-07T16:04:32,1096.46
9279,0009,BANCO DO BRASIL,MARCOS,DEPOSITO,2022-02-25T10:59:24,3541.69
2424,0005,BANCO DO BRASIL,ANA,SAQUE,2022-02-13T12:09:32,3333.0
5506,0002,ITAU,MARIA,SAQUE,2022-02-20T07:41:56,2650.14
7912,0006,SANTANDER,CARLOS,DEPOSITO,2022-02-11T17:00:24,2356.6
2824,0001,SANTANDER,JOAO,DEPOSITO,2022-02-05T21:01:10,4662.52
2824,0001,SANTANDER,JOAO,SAQUE,2022-02-01T22:08:28,1287.06
2679,0004,BANCO DO BRASIL,JULIA,SAQUE,2022-02-22T13:32:19,1342.38
4582,0008,ITAU,BRUNA,DEPOSITO,2022-02-15T03:07:57,2348.88
2824,0001,SANTANDER,JOAO,SAQUE,2022-02-17T00:46:12,2701.74
1434,0010,BANCO DO BRASIL,PAULA,DEPOSITO,2022-02-03T02:42:30,471.97
1434,0010,BANCO DO BRASIL,PAULA,SAQUE,2022-02-23T23:45:24,4805.11
2824,0001,SANTANDER,JOAO,DEPOSITO,2022-02-05T20:39:30,1225.99
9279,0009,BANCO DO BRASIL,MARCOS,SAQUE,2022-02-16T09:46:33,373.56
4657,0003,ITAU,FELIPE,DEPOSITO,2022-02-20T09:48:23,130.11
4582,0008,ITAU,BRUNA,DEPOSITO,2022-02-12T08:19:48,4702.11
2424,0005,BANCO DO BRASIL,ANA,SAQUE,2022-02-20T02:20:11,4262.26
2424,0005,BANCO DO BRASIL,ANA,SAQUE,2022-02-27T07:28:26,2881.42
4582,0008,ITAU,BRUNA,SAQUE,2022-02-14T23:10:55,2091.61
5506,0002,ITAU,MARIA,SAQUE,2022-02-07T13:25:08,79.24
4657,0003,ITAU,FELIPE,SAQUE,2022-02-13T14:19:46,484.44
2424,0005,BANCO DO BRASIL,ANA,DEPOSITO,2022-02-02T10:54:21,175.2
2424,0005,BANCO DO BRASIL,ANA,DEPOSITO,2022-02-06T03:16:29,1679.55
4657,0003,ITAU,FELIPE,DEPOSITO,2022-02-23T06:26:23,1986.01
2424,0005,BANCO DO BRASIL,ANA,SAQUE,2022-02-03T13:11:38,846.33
5506,0002,ITAU,MARIA,DEPOSITO,2022-02-02T01:29:28,1950.46
2679,0004,BANCO DO BRASIL,JULIA,SAQUE,2022-02-08T15:33:38,2894.18
7912,0006,SANTANDER,CARLOS,DEPOSITO,2022-02-08T21:36:44,2339.54
7912,0006,SANTANDER,CARLOS,SAQUE,2022-02-12T03:07:00,3937.36
4582,0008,ITAU,BRUNA,SAQUE,2022-02-23T15:33:40,534.61
4582,0008,ITAU,BRUNA,DEPOSITO,2022-02-14T05:14:16,4966.0
4582,0008,ITAU,BRUNA,SAQUE,2022-02-26T14:44:56,1960.96
2679,0004,BANCO DO BRASIL,JULIA,SAQUE,2022-02-02T03:34:15,3303.57
4582,0008,ITAU,BRUNA,DEPOSITO,2022-02-10T07:11:01,926.75
1488,0007,SANTANDER,LUCAS,DEPOSITO,2022-02-02T03:36:17,1152.76
9279,0009,BANCO DO BRASIL,MARCOS,DEPOSITO,2022-02-27T20:58:09,3166.59
9279,0009,BANCO DO BRASIL,MARCOS,SAQUE,2022-02-05T08:26:19,4818.65
4657,0003,ITAU,FELIPE,SAQUE,2022-02-11T10:26:48,3146.82
9279,0009,BANCO DO BRASIL,MARCOS,DEPOSITO,2022-02-16T23:58:34,4849.05
2824,0001,SANTANDER,JOAO,DEPOSITO,2022-02-07T14:06:59,2374.79
2824,0001,SANTANDER,JOAO,SAQUE,2022-02-19T18:25:07,3662.26
4657,0003,ITAU,FELIPE,DEPOSITO,2022-02-05T04:41:20,2283.87
9279,0009,BANCO DO BRASIL,MARCOS,SAQUE,2022-02-19T22:11:13,4123.57
1434,0010,BANCO DO BRASIL,PAULA,DEPOSITO,2022-02-18T05:33:28,899.23
2679,0004,BANCO DO BRASIL,JULIA,SAQUE,2022-02-16T21:27:20,3065.55
2679,0004,BANCO DO BRASIL,JULIA,DEPOSITO,2022-02-10T22:05:07,1530.35
2679,0004,BANCO DO BRASIL,JULIA,DEPOSITO,2022-02-20T20:20:20,1817.73
2679,0004,BANCO DO BRASIL,JULIA,DEPOSITO,2022-02-28T02:25:22,2305.52
2824,0001,SANTANDER,JOAO,DEPOSITO,2022-02-04T17:32:53,2135.83
9279,0009,BANCO DO BRASIL,MARCOS,DEPOSITO,2022-02-08T08:44:38,840.43
7912,0006,SANTANDER,CARLOS,SAQUE,2022-02-28T16:52:17,2088.67
4582,0008,ITAU,BRUNA,SAQUE,2022-02-22T19:40:01,1135.87
1488,0007,SANTANDER,LUCAS,SAQUE,2022-02-09T01:37:27,1338.04
4582,0008,ITAU,BRUNA,DEPOSITO,2022-02-13T21:55:15,343.96
9279,0009,BANCO DO BRASIL,MARCOS,SAQUE,2022-02-05T22:17:15,2564.3
2424,0005,BANCO DO BRASIL,ANA,SAQUE,2022-02-24T17:42:28,817.75
7912,0006,SANTANDER,CARLOS,SAQUE,2022-02-27T20:09:56,3102.86
5506,0002,ITAU,MARIA,DEPOSITO,2022-02-23T03:34:42,4105.36
2824,0001,SANTANDER,JOAO,SAQUE,2022-02-22T03:26:16,3877.61
4657,0003,ITAU,FELIPE,DEPOSITO,2022-02-14T13:49:51,1889.91
2424,0005,BANCO DO BRASIL,ANA,DEPOSITO,2022-02-21T05:54:37,97.42
7912,0006,SANTANDER,CARLOS,SAQUE,2022-02-14T20:25:06,2365.57
9279,0009,BANCO DO BRASIL,MARCOS,SAQUE,2022-02-01T18:00:51,1831.78
5506,0002,ITAU,MARIA,DEPOSITO,2022-02-14T10:00:36,3849.1
7912,0006,SANTANDER,CARLOS,DEPOSITO,2022-02-11T22:42:56,2101.55
2679,0004,BANCO DO BRASIL,JULIA,SAQUE,2022-02-23T04:29:41,4178.15
2424,0005,BANCO DO BRASIL,ANA,DEPOSITO,2022-02-27T17:02:21,3776.65
7912,0006,SANTANDER,CARLOS,SAQUE,2022-02-06T00:02:01,4096.48
2824,0001,SANTANDER,JOAO,SAQUE,2022-02-03T22:37:07,2019.08
5506,0002,ITAU,MARIA,DEPOSITO,2022-02-27T17:10:31,498.56
4582,0008,ITAU,BRUNA,DEPOSITO,2022-02-02T18:53:12,1779.48
2424,0005,BANCO DO BRASIL,ANA,SAQUE,2022-02-22T09:35:00,2482.78
4657,0003,ITAU,FELIPE,SAQUE,2022-02-19T00:14:24,755.55
7912,0006,SANTANDER,CARLOS,DEPOSITO,2022-02-24T23:12:51,4453.99
2824,0001,SANTANDER,JOAO,DEPOSITO,2022-02-24T13:39:17,3643.65
4582,0008,ITAU,BRUNA,SAQUE,2022-02-21T04:26:31,4798.5
1488,0007,SANTANDER,LUCAS,DEPOSITO,2022-02-11T14:01:24,2516.88
5506,0002,ITAU,MARIA,DEPOSITO,2022-02-06T16:45:52,3880.4
9279,0009,BANCO DO BRASIL,MARCOS,DEPOSITO,2022-02-22T11:38:07,3067.14
7912,0006,SANTANDER,CARLOS,SAQUE,2022-02-20T06:44:59,1071.76
2824,0001,SANTANDER,JOAO,DEPOSITO,2022-02-07T05:06:14,4426.39
1434,0010,BANCO DO BRASIL,PAULA,SAQUE,2022-02-25T02:43:45,4165.87
2679,0004,BANCO DO BRASIL,JULIA,SAQUE,2022-02-13T09:42:06,1454.34
4657,0003,ITAU,FELIPE,SAQUE,2022-02-13T03:17:41,687.1
2824,0001,SANTANDER,JOAO,SAQUE,2022-02-24T03:31:12,398.91
2424,0005,BANCO DO BRASIL,ANA,SAQUE,2022-02-07T21:41:17,3812.92
5506,0002,ITAU,MARIA,SAQUE,2022-02-27T02:47:09,2670.7
5506,0002,ITAU,MARIA,DEPOSITO,2022-02-14T18:40:17,1037.4
7912,0006,SANTANDER,CARLOS,DEPOSITO,2022-02-04T20:56:07,2786.69
1488,0007,SANTANDER,LUCAS,DEPOSITO,2022-02-10T01:39:28,2486.05
7912,0006,SANTANDER,CARLOS,SAQUE,2022-02-03T02:01:05,4421.44
9279,0009,BANCO DO BRASIL,MARCOS,SAQUE,2022-02-01T03:17:10,3529.89
4657,0003,ITAU,FELIPE,DEPOSITO,2022-02-27T18:35:20,3167.04
2424,0005,BANCO DO BRASIL,ANA,DEPOSITO,2022-02-23T22:56:57,953.79
2824,0001,SANTANDER,JOAO,DEPOSITO,2022-02-24T02:51:49,2352.74
2824,0001,SANTANDER,JOAO,SAQUE,2022-02-13T08:05:48,1980.11
4657,0003,ITAU,FELIPE,SAQUE,2022-02-18T20:20:32,2452.44
7912,0006,SANTANDER,CARLOS,DEPOSITO,2022-02-23T17:44:01,3850.11
2824,0001,SANTANDER,JOAO,DEPOSITO,2022-02-08T08:08:08,4268.51
5506,0002,ITAU,MARIA,DEPOSITO,2022-02-15T12:42:06,4411.76
4582,0008,ITAU,BRUNA,SAQUE,2022-02-12T08:02:06,1006.43
1488,0007,SANTANDER,LUCAS,SAQUE,2022-02-26T18:36:57,1825.29
2679,0004,BANCO DO BRASIL,JULIA,DEPOSITO,2022-02-26T07:48:37,2979.61
1434,0010,BANCO DO BRASIL,PAULA,SAQUE,2022-02-09T02:50:49,754.99
7912,0006,SANTANDER,CARLOS,DEPOSITO,2022-02-20T22:19:08,2610.83
4582,0008,ITAU,BRUNA,SAQUE,2022-02-08T12:40:09,4654.03
7912,0006,SANTANDER,CARLOS,SAQUE,2022-02-12T09:32:19,2394.71
7912,0006,SANTANDER,CARLOS,SAQUE,2022-02-23T05:05:05,578.64
9279,0009,BANCO DO BRASIL,MARCOS,SAQUE,2022-02-12T10:02:25,1853.19
1488,0007,SANTANDER,LUCAS,SAQUE,2022-02-18T21:29:13,2330.05
1434,0010,BANCO DO BRASIL,PAULA,DEPOSITO,2022-02-03T02:42:30,471.97
2679,0004,BANCO DO BRASIL,JULIA,SAQUE,2022-02-23T08:17:31,1754.8
1488,0007,SANTANDER,LUCAS,DEPOSITO,2022-02-18T07:05:48,826.5
4657,0003,ITAU,FELIPE,DEPOSITO,2022-02-25T06:11:57,3225.14
4657,0003,ITAU,FELIPE,DEPOSITO,2022-02-21T07:17:01,2986.16
9279,0009,BANCO DO BRASIL,MARCOS,DEPOSITO,2022-02-28T22:47:51,350.07
5506,0002,ITAU,MARIA,SAQUE,2022-02-18T16:52:46,3487.94
2424,0005,BANCO DO BRASIL,ANA,DEPOSITO,2022-02-15T17:44:26,1860.25
7912,0006,SANTANDER,CARLOS,DEPOSITO,2022-02-23T18:43:46,4887.36
1434,0010,BANCO DO BRASIL,PAULA,DEPOSITO,2022-02-15T12:14:20,4015.7
4657,0003,ITAU,FELIPE,DEPOSITO,2022-02-25T12:00:34,1694.19
1488,0007,SANTANDER,LUCAS,DEPOSITO,2022-02-27T21:38:18,3559.92
2824,0001,SANTANDER,JOAO,SAQUE,2022-02-22T20:52:33,2292.37
7912,0006,SANTANDER,CARLOS,SAQUE,2022-02-08T05:19:40,306.0
2824,0001,SANTANDER,JOAO,DEPOSITO,2022-02-26T02:21:47,4593.43
7912,0006,SANTANDER,CARLOS,SAQUE,2022-02-18T16:20:58,4805.0
2824,0001,SANTANDER,JOAO,DEPOSITO,2022-02-27T19:04:13,2143.34
4657,0003,ITAU,FELIPE,DEPOSITO,2022-02-27T01:17:25,2725.66
1488,0007,SANTANDER,LUCAS,DEPOSITO,2022-02-28T09:00:14,298.11
9279,0009,BANCO DO BRASIL,MARCOS,SAQUE,2022-02-05T21:22:37,454.87
2679,0004,BANCO DO BRASIL,JULIA,DEPOSITO,2022-02-14T19:40:21,3245.8
7912,0006,SANTANDER,CARLOS,DEPOSITO,2022-02-07T18:21:13,1480.54
7912,0006,SANTANDER,CARLOS,DEPOSITO,2022-02-25T09:21:24,1933.01
4582,0008,ITAU,BRUNA,SAQUE,2022-02-20T11:44:29,2711.76
2424,0005,BANCO DO BRASIL,ANA,DEPOSITO,2022-02-23T19:36:42,420.0
4657,0003,ITAU,FELIPE,DEPOSITO,2022-02-24T05:12:10,3718.28
4657,0003,ITAU,FELIPE,SAQUE,2022-02-16T12:57:44,2585.42
2424,0005,BANCO DO BRASIL,ANA,DEPOSITO,2022-02-01T11:54:56,2085.28
1488,0007,SANTANDER,LUCAS,DEPOSITO,2022-02-15T15:07:05,2386.57
9279,0009,BANCO DO BRASIL,MARCOS,SAQUE,2022-02-20T12:37:58,633.87
7912,0006,SANTANDER,CARLOS,SAQUE,2022-02-03T19:30:12,1038.33
7912,0006,SANTANDER,CARLOS,DEPOSITO,2022-02-09T15:16:00,4570.63
2424,0005,BANCO DO BRASIL,ANA,DEPOSITO,2022-02-19T07:34:34,2586.56
9279,0009,BANCO DO BRASIL,MARCOS,SAQUE,2022-02-26T05:20:29,528.04
9279,0009,BANCO DO BRASIL,MARCOS,DEPOSITO,2022-02-02T10:40:34,2218.47
4582,0008,ITAU,BRUNA,SAQUE,2022-02-21T17:12:37,4908.13
1434,0010,BANCO DO BRASIL,PAULA,SAQUE,2022-02-15T22:44:09,3177.25
2679,0004,BANCO DO BRASIL,JULIA,SAQUE,2022-02-03T17:45:43,709.28
1434,0010,BANCO DO BRASIL,PAULA,SAQUE,2022-02-13T03:16:29,270.38
2424,0005,BANCO DO BRASIL,ANA,DEPOSITO,2022-02-24T19:08:59,3985.76
4657,0003,ITAU,FELIPE,SAQUE,2022-02-05T03:14:10,2374.55
2424,0005,BANCO DO BRASIL,ANA,DEPOSITO,2022-02-07T11:03:25,2789.39
9279,0009,BANCO DO BRASIL,MARCOS,SAQUE,2022-02-02T23:52:15,4402.87
2679,0004,BANCO DO BRASIL,JULIA,DEPOSITO,2022-02-21T17:01:56,3544.56
2424,0005,BANCO DO BRASIL,ANA,DEPOSITO,2022-02-14T13:49:32,4402.8
9279,0009,BANCO DO BRASIL,MARCOS,DEPOSITO,2022-02-21T12:46:56,2930.15
1434,0010,BANCO DO BRASIL,PAULA,DEPOSITO,2022-02-06T06:49:35,2700.75
4582,0008,ITAU,BRUNA,SAQUE,2022-02-11T10:44:51,3527.23
1488,0007,SANTANDER,LUCAS,SAQUE,2022-02-06T11:02:33,22.2
5506,0002,ITAU,MARIA,SAQUE,2022-02-23T22:52:54,1951.72
4582,0008,ITAU,BRUNA,DEPOSITO,2022-02-25T12:42:30,3050.88
5506,0002,ITAU,MARIA,SAQUE,2022-02-12T15:12:27,4129.24
1434,0010,BANCO DO BRASIL,PAULA,DEPOSITO,2022-02-18T18:19:57,927.73
2679,0004,BANCO DO BRASIL,JULIA,DEPOSITO,2022-02-20T05:57:16,2071.93
9279,0009,BANCO DO BRASIL,MARCOS,SAQUE,2022-02-14T07:55:31,50.45
2424,0005,BANCO DO BRASIL,ANA,DEPOSITO,2022-02-20T20:33:29,4286.43
4582,0008,ITAU,BRUNA,DEPOSITO,2022-02-06T19:42:33,461.2
5506,0002,ITAU,MARIA,DEPOSITO,2022-02-05T02:59:29,1019.58
7912,0006,SANTANDER,CARLOS,SAQUE,2022-02-10T15:12:48,2008.98
2824,0001,SANTANDER,JOAO,SAQUE,2022-02-28T23:37:04,1204.4
1434,0010,BANCO DO BRASIL,PAULA,SAQUE,2022-02-01T14:22:26,592.49
5506,0002,ITAU,MARIA,DEPOSITO,2022-02-02T19:05:21,1474.28
4657,0003,ITAU,FELIPE,SAQUE,2022-02-14T18:12:38,2290.84
9279,0009,BANCO DO BRASIL,MARCOS,DEPOSITO,2022-02-16T12:50:43,3834.44
1488,0007,SANTANDER,LUCAS,SAQUE,2022-02-12T18:59:40,3325.85
4657,0003,ITAU,FELIPE,DEPOSITO,2022-02-25T03:38:48,889.86
1434,0010,BANCO DO BRASIL,PAULA,DEPOSITO,2022-02-07T12:16:28,3491.33
2824,0001,SANTANDER,JOAO,DEPOSITO,2022-02-05T23:10:31,4615.91
1488,0007,SANTANDER,LUCAS,SAQUE,2022-02-17T18:08:30,619.37
9279,0009,BANCO DO BRASIL,MARCOS,DEPOSITO,2022-02-06T17:13:19,2308.25
1488,0007,SANTANDER,LUCAS,DEPOSITO,2022-02-07T04:53:25,3353.88
2424,0005,BANCO DO BRASIL,ANA,DEPOSITO,2022-02-16T14:16:59,128.64
9279,0009,BANCO DO BRASIL,MARCOS,DEPOSITO,2022-02-23T13:41:36,4118.17
2679,0004,BANCO DO BRASIL,JULIA,DEPOSITO,2022-02-13T04:52:51,1958.23
7912,0006,SANTANDER,CARLOS,DEPOSITO,2022-02-04T13:58:57,2082.24
1434,0010,BANCO DO BRASIL,PAULA,DEPOSITO,2022-02-12T20:14:09,4493.62
4582,0008,ITAU,BRUNA,DEPOSITO,2022-02-13T18:08:48,230.0
7912,0006,SANTANDER,CARLOS,SAQUE,2022-02-03T03:36:33,2820.47
2679,0004,BANCO DO BRASIL,JULIA,SAQUE,2022-02-16T03:12:03,4475.82
5506,0002,ITAU,MARIA,DEPOSITO,2022-02-15T02:05:42,1349.59
5506,0002,ITAU,MARIA,DEPOSITO,2022-02-06T15:38:43,3970.29
2824,0001,SANTANDER,JOAO,SAQUE,2022-02-20T07:59:12,286.46
1488,0007,SANTANDER,LUCAS,SAQUE,2022-02-20T20:16:20,1774.52
5506,0002,ITAU,MARIA,DEPOSITO,2022-02-07T19:51:41,1662.53
2824,0001,SANTANDER,JOAO,DEPOSITO,2022-02-22T02:56:55,3899.72
5506,0002,ITAU,MARIA,SAQUE,2022-02-13T12:22:42,1668.13
9279,0009,BANCO DO BRASIL,MARCOS,DEPOSITO,2022-02-22T09:03:40,676.98
7912,0006,SANTANDER,CARLOS,DEPOSITO,2022-02-27T14:06:20,2614.71
5506,0002,ITAU,MARIA,SAQUE,2022-02-26T23:21:56,2524.3
4657,0003,ITAU,FELIPE,SAQUE,2022-02-16T00:35:44,2812.68
7912,0006,SANTANDER,CARLOS,SAQUE,2022-02-15T17:12:21,4366.38
2679,0004,BANCO DO BRASIL,JULIA,DEPOSITO,2022-02-20T15:42:14,3883.31
2824,0001,SANTANDER,JOAO,DEPOSITO,2022-02-05T11:53:29,304.33
5506,0002,ITAU,MARIA,DEPOSITO,2022-02-21T04:04:42,2075.18
2424,0005,BANCO DO BRASIL,ANA,SAQUE,2022-02-08T06:40:49,2591.29
7912,0006,SANTANDER,CARLOS,DEPOSITO,2022-02-04T06:39:32,1682.18
4657,0003,ITAU,FELIPE,SAQUE,2022-02-09T11:18:06,743.04
2679,0004,BANCO DO BRASIL,JULIA,DEPOSITO,2022-02-11T12:34:10,682.19
1434,0010,BANCO DO BRASIL,PAULA,SAQUE,2022-02-21T09:48:40,4639.98
1488,0007,SANTANDER,LUCAS,SAQUE,2022-02-12T02:07:35,1129.36
2424,0005,BANCO DO BRASIL,ANA,SAQUE,2022-02-01T21:58:24,1953.78
4657,0003,ITAU,FELIPE,SAQUE,2022-02-23T07:51:34,2057.75
1488,0007,SANTANDER,LUCAS,SAQUE,2022-02-11T12:23:40,84.52
5506,0002,ITAU,MARIA,DEPOSITO,2022-02-08T17:38:15,2016.53
5506,0002,ITAU,MARIA,SAQUE,2022-02-13T10:17:30,2675.58
1488,0007,SANTANDER,LUCAS,DEPOSITO,2022-02-23T17:54:59,715.32
2424,0005,BANCO DO BRASIL,ANA,DEPOSITO,2022-02-22T14:58:06,4889.34
1488,0007,SANTANDER,LUCAS,DEPOSITO,2022-02-24T11:45:09,1164.31
7912,0006,SANTANDER,CARLOS,DEPOSITO,2022-02-08T07:20:21,1301.68
2679,0004,BANCO DO BRASIL,JULIA,SAQUE,2022-02-22T17:36:43,3722.34
2424,0005,BANCO DO BRASIL,ANA,SAQUE,2022-02-13T02:41:33,3210.66
1434,0010,BANCO DO BRASIL,PAULA,DEPOSITO,2022-02-21T05:20:38,1597.22
5506,0002,ITAU,MARIA,SAQUE,2022-02-16T01:47:27,4545.06
1434,0010,BANCO DO BRASIL,PAULA,SAQUE,2022-02-17T06:30:24,3672.53
5506,0002,ITAU,MARIA,DEPOSITO,2022-02-10T17:47:47,3055.41
4657,0003,ITAU,FELIPE,SAQUE,2022-02-15T12:47:26,4162.83
5506,0002,ITAU,MARIA,SAQUE,2022-02-09T17:38:32,36.57
5506,0002,ITAU,MARIA,SAQUE,2022-02-18T22:31:48,1432.09
1488,0007,SANTANDER,LUCAS,SAQUE,2022-02-16T03:43:38,3926.01
1488,0007,SANTANDER,LUCAS,SAQUE,2022-02-14T15:00:07,1706.31
1488,0007,SANTANDER,LUCAS,SAQUE,2022-02-15T06:32:30,955.35
9279,0009,BANCO DO BRASIL,MARCOS,DEPOSITO,2022-02-13T12:09:51,1968.52
2424,0005,BANCO DO BRASIL,ANA,DEPOSITO,2022-02-15T08:02:24,3449.08
2424,0005,BANCO DO BRASIL,ANA,SAQUE,2022-02-26T13:00:41,1106.6
4582,0008,ITAU,BRUNA,DEPOSITO,2022-02-14T15:58:20,1959.78
2679,0004,BANCO DO BRASIL,JULIA,SAQUE,2022-02-27T07:07:45,1981.37
1434,0010,BANCO DO BRASIL,PAULA,SAQUE,2022-02-28T23:08:02,3545.42
5506,0002,ITAU,MARIA,DEPOSITO,2022-02-09T09:09:33,4494.41
2824,0001,SANTANDER,JOAO,SAQUE,2022-02-04T04:08:55,437.89
7912,0006,SANTANDER,CARLOS,SAQUE,2022-02-16T13:39:20,3678.62
5506,0002,ITAU,MARIA,DEPOSITO,2022-02-14T09:05:19,3103.36
2679,0004,BANCO DO BRASIL,JULIA,DEPOSITO,2022-02-17T17:26:31,350.68
1488,0007,SANTANDER,LUCAS,SAQUE,2022-02-05T11:26:58,1283.19
9279,0009,BANCO DO BRASIL,MARCOS,DEPOSITO,2022-02-11T03:37:07,921.46
4657,0003,ITAU,FELIPE,DEPOSITO,2022-02-01T00:05:58,1249.2
5506,0002,ITAU,MARIA,DEPOSITO,2022-02-18T01:43:52,1923.8
9279,0009,BANCO DO BRASIL,MARCOS,SAQUE,2022-02-23T19:46:50,3552.03
5506,0002,ITAU,MARIA,DEPOSITO,2022-02-23T03:37:16,1832.35
2824,0001,SANTANDER,JOAO,SAQUE,2022-02-01T05:25:49,1641.03
1434,0010,BANCO DO BRASIL,PAULA,SAQUE,2022-02-14T08:41:55,970.8
5506,0002,ITAU,MARIA,SAQUE,2022-02-06T10:08:37,502.65
4657,0003,ITAU,FELIPE,DEPOSITO,2022-02-03T01:00:39,1445.28
5506,0002,ITAU,MARIA,SAQUE,2022-02-10T03:35:51,3186.04
7912,0006,SANTANDER,CARLOS,DEPOSITO,2022-02-16T22:50:20,3179.2
1488,0007,SANTANDER,LUCAS,SAQUE,2022-02-11T10:13:35,4597.5
5506,0002,ITAU,MARIA,DEPOSITO,2022-02-18T20:32:21,4742.69
4582,0008,ITAU,BRUNA,DEPOSITO,2022-02-28T03:06:55,1704.61
7912,0006,SANTANDER,CARLOS,SAQUE,2022-02-06T12:37:26,2009.88
4582,0008,ITAU,BRUNA,DEPOSITO,2022-02-01T06:55:04,1088.25
5506,0002,ITAU,MARIA,SAQUE,2022-02-05T12:56:09,2032.34
4582,0008,ITAU,BRUNA,DEPOSITO,2022-02-01T08:17:14,601.54
2679,0004,BANCO DO BRASIL,JULIA,SAQUE,2022-02-18T15:38:41,915.86
1434,0010,BANCO DO BRASIL,PAULA,SAQUE,2022-02-08T03:36:17,2310.16
1488,0007,SANTANDER,LUCAS,SAQUE,2022-02-07T09:41:23,4411.92
9279,0009,BANCO DO BRASIL,MARCOS,DEPOSITO,2022-02-15T15:57:54,2419.89
7912,0006,SANTANDER,CARLOS,DEPOSITO,2022-02-15T06:36:29,3113.36
1488,0007,SANTANDER,LUCAS,DEPOSITO,2022-02-26T06:38:59,3614.21
2824,0001,SANTANDER,JOAO,SAQUE,2022-02-04T16:53:52,1234.13
1434,0010,BANCO DO BRASIL,PAULA,DEPOSITO,2022-02-11T17:54:41,3241.79
5506,0002,ITAU,MARIA,DEPOSITO,2022-02-25T11:09:54,1832.18
2824,0001,SANTANDER,JOAO,DEPOSITO,2022-02-05T09:09:13,888.38
2679,0004,BANCO DO BRASIL,JULIA,SAQUE,2022-02-23T08:40:02,1737.34
5506,0002,ITAU,MARIA,DEPOSITO,2022-02-27T21:09:31,1016.51
4582,0008,ITAU,BRUNA,DEPOSITO,2022-02-19T19:12:31,1617.85
1488,0007,SANTANDER,LUCAS,SAQUE,2022-02-17T18:09:20,4032.36
1434,0010,BANCO DO BRASIL,PAULA,SAQUE,2022-02-17T05:53:41,338.9
5506,0002,ITAU,MARIA,SAQUE,2022-02-27T08:38:40,306.18
2824,0001,SANTANDER,JOAO,SAQUE,2022-02-04T18:21:01,402.64
5506,0002,ITAU,MARIA,DEPOSITO,2022-02-13T18:51:19,3829.89
4657,0003,ITAU,FELIPE,DEPOSITO,2022-02-12T01:08:53,1142.36
4582,0008,ITAU,BRUNA,DEPOSITO,2022-02-09T05:56:41,4261.98
7912,0006,SANTANDER,CARLOS,DEPOSITO,2022-02-25T15:08:39,3784.08
4582,0008,ITAU,BRUNA,DEPOSITO,2022-02-01T19:54:45,4534.7
2824,0001,SANTANDER,JOAO,DEPOSITO,2022-02-26T20:14:04,3579.5
4582,0008,ITAU,BRUNA,DEPOSITO,2022-02-27T22:43:26,497.29
7912,0006,SANTANDER,CARLOS,DEPOSITO,2022-02-17T18:23:09,4877.12
1434,0010,BANCO DO BRASIL,PAULA,SAQUE,2022-02-05T16:34:19,4905.25
7912,0006,SANTANDER,CARLOS,DEPOSITO,2022-02-22T05:19:51,2022.84
4657,0003,ITAU,FELIPE,SAQUE,2022-02-17T19:32:41,1801.62
2424,0005,BANCO DO BRASIL,ANA,DEPOSITO,2022-02-26T13:30:25,1637.98
2824,0001,SANTANDER,JOAO,DEPOSITO,2022-02-26T02:12:00,386.08
2824,0001,SANTANDER,JOAO,DEPOSITO,2022-02-14T11:51:19,2945.32
1488,0007,SANTANDER,LUCAS,SAQUE,2022-02-04T10:08:04,1229.14
4582,0008,ITAU,BRUNA,SAQUE,2022-02-06T14:10:58,734.47
2424,0005,BANCO DO BRASIL,ANA,DEPOSITO,2022-02-24T13:30:41,2803.53
4582,0008,ITAU,BRUNA,SAQUE,2022-02-01T02:53:54,1925.91
1488,0007,SANTANDER,LUCAS,DEPOSITO,2022-02-15T21:33:47,1075.43
2679,0004,BANCO DO BRASIL,JULIA,DEPOSITO,2022-02-11T16:49:54,2251.55
1488,0007,SANTANDER,LUCAS,DEPOSITO,2022-02-05T11:45:26,1311.26
2424,0005,BANCO DO BRASIL,ANA,DEPOSITO,2022-02-23T12:11:34,1536.18
1434,0010,BANCO DO BRASIL,PAULA,SAQUE,2022-02-09T01:19:17,1708.06
2679,0004,BANCO DO BRASIL,JULIA,DEPOSITO,2022-02-01T21:56:54,4442.47
4582,0008,ITAU,BRUNA,DEPOSITO,2022-02-16T18:31:51,4335.21
1434,0010,BANCO DO BRASIL,PAULA,SAQUE,2022-02-07T12:03:37,1572.8
1434,0010,BANCO DO BRASIL,PAULA,SAQUE,2022-02-19T11:41:17,1471.91
4657,0003,ITAU,FELIPE,SAQUE,2022-02-10T15:50:11,3865.79
4657,0003,ITAU,FELIPE,SAQUE,2022-02-14T10:59:54,118.1
9279,0009,BANCO DO BRASIL,MARCOS,DEPOSITO,2022-02-04T00:14:47,3132.7
2679,0004,BANCO DO BRASIL,JULIA,SAQUE,2022-02-05T23:58:27,478.5
2679,0004,BANCO DO BRASIL,JULIA,SAQUE,2022-02-10T20:32:29,4523.85
2679,0004,BANCO DO BRASIL,JULIA,SAQUE,2022-02-23T12:14:40,2978.85
5506,0002,ITAU,MARIA,SAQUE,2022-02-03T02:57:39,669.57
1488,0007,SANTANDER,LUCAS,DEPOSITO,2022-02-21T17:36:01,2680.54
5506,0002,ITAU,MARIA,DEPOSITO,2022-02-10T20:57:41,1361.77
9279,0009,BANCO DO BRASIL,MARCOS,DEPOSITO,2022-02-07T19:19:27,2115.19
4582,0008,ITAU,BRUNA,SAQUE,2022-02-15T10:48:14,2476.12
2679,0004,BANCO DO BRASIL,JULIA,DEPOSITO,2022-02-17T23:17:46,4653.05
1488,0007,SANTANDER,LUCAS,DEPOSITO,2022-02-27T18:31:40,1768.53
9279,0009,BANCO DO BRASIL,MARCOS,SAQUE,2022-02-13T18:45:48,3172.46
4582,0008,ITAU,BRUNA,SAQUE,2022-02-07T10:46:08,2674.55
2824,0001,SANTANDER,JOAO,DEPOSITO,2022-02-07T13:24:12,1103.42
5506,0002,ITAU,MARIA,SAQUE,2022-02-07T21:52:10,1872.79
2424,0005,BANCO DO BRASIL,ANA,DEPOSITO,2022-02-01T04:21:51,4360.36
7912,0006,SANTANDER,CARLOS,SAQUE,2022-02-12T02:18:54,458.96
7912,0006,SANTANDER,CARLOS,DEPOSITO,2022-02-10T15:27:36,431.15
1488,0007,SANTANDER,LUCAS,DEPOSITO,2022-02-11T22:32:33,4141.6
1488,0007,SANTANDER,LUCAS,DEPOSITO,2022-02-05T21:05:44,4682.87
2424,0005,BANCO DO BRASIL,ANA,SAQUE,2022-02-04T19:52:46,468.46
1434,0010,BANCO DO BRASIL,PAULA,SAQUE,2022-02-26T00:51:46,1653.66
9279,0009,BANCO DO BRASIL,MARCOS,SAQUE,2022-02-18T13:38:44,4315.03
7912,0006,SANTANDER,CARLOS,DEPOSITO,2022-02-03T13:59:41,3218.7
9279,0009,BANCO DO BRASIL,MARCOS,SAQUE,2022-02-10T08:11:36,4776.29
7912,0006,SANTANDER,CARLOS,SAQUE,2022-02-27T15:55:30,4024.88
1488,0007,SANTANDER,LUCAS,DEPOSITO,2022-02-04T05:17:44,4355.24
7912,0006,SANTANDER,CARLOS,SAQUE,2022-02-21T23:00:34,4029.2
5506,0002,ITAU,MARIA,DEPOSITO,2022-02-23T15:13:23,2845.18
1434,0010,BANCO DO BRASIL,PAULA,DEPOSITO,2022-02-22T15:49:12,1074.81
4657,0003,ITAU,FELIPE,SAQUE,2022-02-01T13:55:50,317.73
9279,0009,BANCO DO BRASIL,MARCOS,DEPOSITO,2022-02-22T22:35:34,3108.55
2824,0001,SANTANDER,JOAO,DEPOSITO,2022-02-24T15:16:16,2851.28
4657,0003,ITAU,FELIPE,SAQUE,2022-02-04T10:12:21,3151.55
5506,0002,ITAU,MARIA,DEPOSITO,2022-02-21T00:45:58,3715.19
5506,0002,ITAU,MARIA,DEPOSITO,2022-02-06T08:22:02,865.74
2424,0005,BANCO DO BRASIL,ANA,SAQUE,2022-02-06T02:39:45,4646.17
1488,0007,SANTANDER,LUCAS,SAQUE,2022-02-27T02:43:54,2372.86
4582,0008,ITAU,BRUNA,DEPOSITO,2022-02-22T04:27:47,2846.29
4582,0008,ITAU,BRUNA,DEPOSITO,2022-02-22T21:22:58,3058.47
9279,0009,BANCO DO BRASIL,MARCOS,SAQUE,2022-02-27T14:08:48,3265.26
5506,0002,ITAU,MARIA,DEPOSITO,2022-02-07T11:26:00,231.24
4582,0008,ITAU,BRUNA,DEPOSITO,2022-02-13T01:41:28,54.69
2424,0005,BANCO DO BRASIL,ANA,DEPOSITO,2022-02-11T21:59:20,4708.01
2824,0001,SANTANDER,JOAO,DEPOSITO,2022-02-26T10:49:58,1452.47
5506,0002,ITAU,MARIA,DEPOSITO,2022-02-27T21:08:14,4532.05
7912,0006,SANTANDER,CARLOS,SAQUE,2022-02-05T10:16:14,3558.68
9279,0009,BANCO DO BRASIL,MARCOS,SAQUE,2022-02-04T02:10:32,1695.3
1488,0007,SANTANDER,LUCAS,SAQUE,2022-02-26T11:52:24,4489.47
2824,0001,SANTANDER,JOAO,DEPOSITO,2022-02-10T15:20:19,3257.66
9279,0009,BANCO DO BRASIL,MARCOS,SAQUE,2022-02-03T08:53:32,1877.44
1434,0010,BANCO DO BRASIL,PAULA,DEPOSITO,2022-02-01T11:34:15,2808.93
5506,0002,ITAU,MARIA,DEPOSITO,2022-02-06T04:13:04,2872.93
4657,0003,ITAU,FELIPE,DEPOSITO,2022-02-12T18:42:09,2905.81
7912,0006,SANTANDER,CARLOS,SAQUE,2022-02-28T05:04:27,1334.92
2679,0004,BANCO DO BRASIL,JULIA,DEPOSITO,2022-02-17T18:49:38,3321.92
1434,0010,BANCO DO BRASIL,PAULA,DEPOSITO,2022-02-25T04:41:35,1251.36
2824,0001,SANTANDER,JOAO,SAQUE,2022-02-06T14:41:16,1838.12
1434,0010,BANCO DO BRASIL,PAULA,DEPOSITO,2022-02-06T22:27:57,1607.09
2824,0001,SANTANDER,JOAO,SAQUE,2022-02-04T13:05:08,236.0
2424,0005,BANCO DO BRASIL,ANA,SAQUE,2022-02-03T01:12:15,4819.3
1434,0010,BANCO DO BRASIL,PAULA,DEPOSITO,2022-02-05T17:11:06,1114.41
2824,0001,SANTANDER,JOAO,DEPOSITO,2022-02-23T11:33:02,3244.74
4657,0003,ITAU,FELIPE,SAQUE,2022-02-26T16:22:21,2060.5
2824,0001,SANTANDER,JOAO,DEPOSITO,2022-02-01T06:49:53,1832.8
9279,0009,BANCO DO BRASIL,MARCOS,DEPOSITO,2022-02-26T18:29:16,2513.96
2679,0004,BANCO DO BRASIL,JULIA,DEPOSITO,2022-02-14T23:32:08,3532.21
9279,0009,BANCO DO BRASIL,MARCOS,SAQUE,2022-02-11T10:19:36,1091.21
1434,0010,BANCO DO BRASIL,PAULA,DEPOSITO,2022-02-20T04:12:18,4025.16
1488,0007,SANTANDER,LUCAS,SAQUE,2022-02-18T13:53:44,1617.55
2424,0005,BANCO DO BRASIL,ANA,DEPOSITO,2022-02-19T09:30:54,4079.8
5506,0002,ITAU,MARIA,DEPOSITO,2022-02-05T02:48:15,4478.98
2424,0005,BANCO DO BRASIL,ANA,DEPOSITO,2022-02-18T12:09:06,2435.13
2824,0001,SANTANDER,JOAO,SAQUE,2022-02-03T03:24:27,2779.16
9279,0009,BANCO DO BRASIL,MARCOS,SAQUE,2022-02-03T01:48:50,1723.83
7912,0006,SANTANDER,CARLOS,DEPOSITO,2022-02-23T20:10:57,4267.62
1488,0007,SANTANDER,LUCAS,SAQUE,2022-02-08T05:08:44,961.83
1434,0010,BANCO DO BRASIL,PAULA,DEPOSITO,2022-02-15T12:17:05,488.93
4582,0008,ITAU,BRUNA,DEPOSITO,2022-02-14T09:57:52,2576.85
1488,0007,SANTANDER,LUCAS,DEPOSITO,2022-02-19T06:00:24,1504.59
2424,0005,BANCO DO BRASIL,ANA,SAQUE,2022-02-18T10:22:24,4508.36
2424,0005,BANCO DO BRASIL,ANA,SAQUE,2022-02-07T17:56:43,4143.89
5506,0002,ITAU,MARIA,DEPOSITO,2022-02-06T23:39:01,3734.29
4582,0008,ITAU,BRUNA,SAQUE,2022-02-18T06:28:18,39.4
2424,0005,BANCO DO BRASIL,ANA,SAQUE,2022-02-04T12:59:31,663.64
1434,0010,BANCO DO BRASIL,PAULA,DEPOSITO,2022-02-25T07:07:47,2106.44
1434,0010,BANCO DO BRASIL,PAULA,DEPOSITO,2022-02-12T19:26:01,3789.79
4582,0008,ITAU,BRUNA,SAQUE,2022-02-18T10:31:44,507.88
7912,0006,SANTANDER,CARLOS,SAQUE,2022-02-27T11:29:15,1802.28
1488,0007,SANTANDER,LUCAS,DEPOSITO,2022-02-19T14:16:40,3277.39
4582,0008,ITAU,BRUNA,DEPOSITO,2022-02-19T01:32:49,4254.46
1434,0010,BANCO DO BRASIL,PAULA,SAQUE,2022-02-04T13:21:17,2692.8
7912,0006,SANTANDER,CARLOS,DEPOSITO,2022-02-14T12:42:37,3145.43
1434,0010,BANCO DO BRASIL,PAULA,SAQUE,2022-02-22T19:47:34,2965.09
4582,0008,ITAU,BRUNA,SAQUE,2022-02-21T22:55:38,3220.14
2424,0005,BANCO DO BRASIL,ANA,SAQUE,2022-02-18T12:27:24,905.41
9279,0009,BANCO DO BRASIL,MARCOS,SAQUE,2022-02-09T02:29:36,2999.78
1434,0010,BANCO DO BRASIL,PAULA,DEPOSITO,2022-02-12T20:59:08,1170.82
2824,0001,SANTANDER,JOAO,DEPOSITO,2022-02-26T10:29:03,3827.33
2679,0004,BANCO DO BRASIL,JULIA,SAQUE,2022-02-12T11:49:03,3953.96
5506,0002,ITAU,MARIA,DEPOSITO,2022-02-16T21:52:30,1019.46
2679,0004,BANCO DO BRASIL,JULIA,DEPOSITO,2022-02-20T08:30:37,2450.39
7912,0006,SANTANDER,CARLOS,DEPOSITO,2022-02-18T00:41:16,583.79
2424,0005,BANCO DO BRASIL,ANA,SAQUE,2022-02-27T17:57:17,391.9
1434,0010,BANCO DO BRASIL,PAULA,DEPOSITO,2022-02-27T14:32:13,4323.67
4582,0008,ITAU,BRUNA,SAQUE,2022-02-05T02:35:50,1394.88
7912,0006,SANTANDER,CARLOS,SAQUE,2022-02-14T23:34:09,4063.66
5506,0002,ITAU,MARIA,SAQUE,2022-02-04T09:16:36,2583.19
4582,0008,ITAU,BRUNA,SAQUE,2022-02-16T18:31:17,3757.94
4657,0003,ITAU,FELIPE,SAQUE,2022-02-15T13:24:20,4962.36
4657,0003,ITAU,FELIPE,SAQUE,2022-02-09T08:41:04,3166.98
1488,0007,SANTANDER,LUCAS,SAQUE,2022-02-09T06:17:14,449.2
9279,0009,BANCO DO BRASIL,MARCOS,DEPOSITO,2022-02-25T01:38:05,824.02
1488,0007,SANTANDER,LUCAS,SAQUE,2022-02-09T22:39:05,4695.31
2824,0001,SANTANDER,JOAO,DEPOSITO,2022-02-18T16:16:45,3608.49
7912,0006,SANTANDER,CARLOS,DEPOSITO,2022-02-23T19:22:32,1099.44
7912,0006,SANTANDER,CARLOS,DEPOSITO,2022-02-24T00:49:59,3988.3
4582,0008,ITAU,BRUNA,SAQUE,2022-02-06T18:03:44,2361.69
7912,0006,SANTANDER,CARLOS,DEPOSITO,2022-02-07T09:58:02,1008.44
1434,0010,BANCO DO BRASIL,PAULA,DEPOSITO,2022-02-23T12:54:54,500.37
7912,0006,SANTANDER,CARLOS,SAQUE,2022-02-21T07:43:58,2373.55
9279,0009,BANCO DO BRASIL,MARCOS,DEPOSITO,2022-02-27T03:01:00,3875.46
4657,0003,ITAU,FELIPE,SAQUE,2022-02-02T13:25:17,3024.83
1434,0010,BANCO DO BRASIL,PAULA,DEPOSITO,2022-02-28T08:39:45,215.56
2679,0004,BANCO DO BRASIL,JULIA,DEPOSITO,2022-02-05T10:15:17,3521.45
4582,0008,ITAU,BRUNA,DEPOSITO,2022-02-11T00:18:28,1999.35
2824,0001,SANTANDER,JOAO,DEPOSITO,2022-02-24T15:26:39,1256.73
7912,0006,SANTANDER,CARLOS,SAQUE,2022-02-20T17:45:33,1383.33
1434,0010,BANCO DO BRASIL,PAULA,DEPOSITO,2022-02-28T14:39:17,1248.52
4582,0008,ITAU,BRUNA,SAQUE,2022-02-02T00:40:14,2240.62
2679,0004,BANCO DO BRASIL,JULIA,DEPOSITO,2022-02-21T00:26:02,2679.55
2679,0004,BANCO DO BRASIL,JULIA,DEPOSITO,2022-02-25T02:03:10,1422.46
1434,0010,BANCO DO BRASIL,PAULA,DEPOSITO,2022-02-02T02:42:07,2469.2
1488,0007,SANTANDER,LUCAS,SAQUE,2022-02-26T07:05:39,1503.73
2824,0001,SANTANDER,JOAO,DEPOSITO,2022-02-09T20:50:06,1124.88
2424,0005,BANCO DO BRASIL,ANA,DEPOSITO,2022-02-24T06:16:29,1021.47
4657,0003,ITAU,FELIPE,SAQUE,2022-02-11T02:19:12,4338.63
9279,0009,BANCO DO BRASIL,MARCOS,DEPOSITO,2022-02-05T17:18:11,4003.14
1434,0010,BANCO DO BRASIL,PAULA,DEPOSITO,2022-02-14T00:33:21,3830.71
2424,0005,BANCO DO BRASIL,ANA,SAQUE,2022-02-20T04:48:59,2851.23
1488,0007,SANTANDER,LUCAS,SAQUE,2022-02-17T18:08:30,619.37
9279,0009,BANCO DO BRASIL,MARCOS,DEPOSITO,2022-02-25T18:42:06,1273.85
4657,0003,ITAU,FELIPE,DEPOSITO,2022-02-01T19:54:34,3884.05
7912,0006,SANTANDER,CARLOS,DEPOSITO,2022-02-04T05:51:16,1997.76
4657,0003,ITAU,FELIPE,SAQUE,2022-02-18T21:32:39,268.84
2424,0005,BANCO DO BRASIL,ANA,SAQUE,2022-02-15T23:30:31,4439.94
2824,0001,SANTANDER,JOAO,SAQUE,2022-02-21T13:47:10,4789.3
7912,0006,SANTANDER,CARLOS,DEPOSITO,2022-02-21T18:57:54,1365.38
4657,0003,ITAU,FELIPE,DEPOSITO,2022-02-19T08:04:37,2819.38
2824,0001,SANTANDER,JOAO,SAQUE,2022-02-19T15:49:13,377.63
4582,0008,ITAU,BRUNA,SAQUE,2022-02-19T10:55:46,3360.69
1434,0010,BANCO DO BRASIL,PAULA,SAQUE,2022-02-24T00:33:33,1008.07
1488,0007,SANTANDER,LUCAS,SAQUE,2022-02-03T17:51:05,4261.98
2824,0001,SANTANDER,JOAO,SAQUE,2022-02-04T01:49:50,3164.27
7912,0006,SANTANDER,CARLOS,SAQUE,2022-02-28T07:48:22,4301.03
2679,0004,BANCO DO BRASIL,JULIA,DEPOSITO,2022-02-17T04:04:50,3276.48
4657,0003,ITAU,FELIPE,DEPOSITO,2022-02-21T04:26:35,475.15
2424,0005,BANCO DO BRASIL,ANA,DEPOSITO,2022-02-07T13:39:12,3389.87
1434,0010,BANCO DO BRASIL,PAULA,DEPOSITO,2022-02-04T04:10:13,601.28
4657,0003,ITAU,FELIPE,SAQUE,2022-02-23T18:52:56,132.68
2424,0005,BANCO DO BRASIL,ANA,SAQUE,2022-02-04T13:29:15,2796.14
2424,0005,BANCO DO BRASIL,ANA,SAQUE,2022-02-22T02:33:25,1900.8
5506,0002,ITAU,MARIA,SAQUE,2022-02-18T04:14:42,3458.51
7912,0006,SANTANDER,CARLOS,SAQUE,2022-02-25T15:21:04,1425.19
2424,0005,BANCO DO BRASIL,ANA,DEPOSITO,2022-02-06T15:13:07,2649.05
4582,0008,ITAU,BRUNA,DEPOSITO,2022-02-04T00:34:01,1171.1
5506,0002,ITAU,MARIA,SAQUE,2022-02-04T17:21:14,3652.47
1434,0010,BANCO DO BRASIL,PAULA,SAQUE,2022-02-20T05:09:00,3947.83
2424,0005,BANCO DO BRASIL,ANA,DEPOSITO,2022-02-13T14:23:16,4674.35
9279,0009,BANCO DO BRASIL,MARCOS,SAQUE,2022-02-01T21:03:45,4200.94
7912,0006,SANTANDER,CARLOS,SAQUE,2022-02-22T21:01:13,3416.56
2679,0004,BANCO DO BRASIL,JULIA,SAQUE,2022-02-09T06:42:30,223.07
1488,0007,SANTANDER,LUCAS,DEPOSITO,2022-02-15T17:25:34,2220.59
4657,0003,ITAU,FELIPE,SAQUE,2022-02-07T15:33:27,2595.67
2824,0001,SANTANDER,JOAO,SAQUE,2022-02-27T20:15:53,886.76
5506,0002,ITAU,MARIA,SAQUE,2022-02-12T12:54:23,3777.0
4582,0008,ITAU,BRUNA,DEPOSITO,2022-02-09T20:22:09,4059.37
5506,0002,ITAU,MARIA,SAQUE,2022-02-18T00:01:48,42.68
2824,0001,SANTANDER,JOAO,DEPOSITO,2022-02-04T20:35:44,3443.83
1434,0010,BANCO DO BRASIL,PAULA,DEPOSITO,2022-02-13T18:50:54,737.37
2679,0004,BANCO DO BRASIL,JULIA,SAQUE,2022-02-27T16:54:43,144.31
2679,0004,BANCO DO BRASIL,JULIA,SAQUE,2022-02-26T19:28:31,708.76
2679,0004,BANCO DO BRASIL,JULIA,SAQUE,2022-02-09T18:38:01,4928.94
1434,0010,BANCO DO BRASIL,PAULA,SAQUE,2022-02-28T19:08:16,3276.56
2424,0005,BANCO DO BRASIL,ANA,SAQUE,2022-02-11T01:53:25,1262.41
4657,0003,ITAU,FELIPE,SAQUE,2022-02-20T20:42:50,4634.92
2679,0004,BANCO DO BRASIL,JULIA,DEPOSITO,2022-02-06T04:02:49,3768.88
1488,0007,SANTANDER,LUCAS,DEPOSITO,2022-02-27T06:02:25,172.49
9279,0009,BANCO DO BRASIL,MARCOS,SAQUE,2022-02-01T04:08:16,4049.62
1488,0007,SANTANDER,LUCAS,SAQUE,2022-02-26T14:54:34,1470.6
9279,0009,BANCO DO BRASIL,MARCOS,DEPOSITO,2022-02-01T03:48:23,342.07
2424,0005,BANCO DO BRASIL,ANA,SAQUE,2022-02-19T13:59:35,1949.07
1434,0010,BANCO DO BRASIL,PAULA,SAQUE,2022-02-07T04:24:13,946.14
4657,0003,ITAU,FELIPE,DEPOSITO,2022-02-07T04:29:05,218.73
2824,0001,SANTANDER,JOAO,SAQUE,2022-02-03T18:46:47,1194.56
5506,0002,ITAU,MARIA,DEPOSITO,2022-02-11T13:54:21,4688.78
4657,0003,ITAU,FELIPE,DEPOSITO,2022-02-16T04:20:21,957.27
2824,0001,SANTANDER,JOAO,DEPOSITO,2022-02-10T17:49:56,582.4
2679,0004,BANCO DO BRASIL,JULIA,DEPOSITO,2022-02-22T21:52:16,3381.72
2679,0004,BANCO DO BRASIL,JULIA,DEPOSITO,2022-02-20T01:51:36,1780.35
1488,0007,SANTANDER,LUCAS,DEPOSITO,2022-02-09T08:41:08,1401.48
9279,0009,BANCO DO BRASIL,MARCOS,SAQUE,2022-02-27T08:54:36,17.84
7912,0006,SANTANDER,CARLOS,DEPOSITO,2022-02-09T04:45:12,1730.93
1434,0010,BANCO DO BRASIL,PAULA,DEPOSITO,2022-02-05T15:27:52,3130.49
2424,0005,BANCO DO BRASIL,ANA,SAQUE,2022-02-20T12:18:35,3352.48
2424,0005,BANCO DO BRASIL,ANA,SAQUE,2022-02-13T01:47:26,1039.64
9279,0009,BANCO DO BRASIL,MARCOS,SAQUE,2022-02-18T06:44:52,4528.06
1488,0007,SANTANDER,LUCAS,SAQUE,2022-02-17T11:40:54,3258.1
2679,0004,BANCO DO BRASIL,JULIA,DEPOSITO,2022-02-18T13:59:52,1671.73
5506,0002,ITAU,MARIA,SAQUE,2022-02-19T20:18:45,4372.05
2824,0001,SANTANDER,JOAO,SAQUE,2022-02-08T23:21:35,2397.3
2824,0001,SANTANDER,JOAO,SAQUE,2022-02-08T03:54:35,4408.23
2679,0004,BANCO DO BRASIL,JULIA,DEPOSITO,2022-02-01T02:21:22,3841.57
2424,0005,BANCO DO BRASIL,ANA,DEPOSITO,2022-02-11T13:05:14,4913.96
2679,0004,BANCO DO BRASIL,JULIA,DEPOSITO,2022-02-26T13:58:49,2001.67
5506,0002,ITAU,MARIA,DEPOSITO,2022-02-12T13:00:49,3334.29
4582,0008,ITAU,BRUNA,DEPOSITO,2022-02-08T23:59:43,3021.97
7912,0006,SANTANDER,CARLOS,DEPOSITO,2022-02-22T23:01:57,2785.87
2424,0005,BANCO DO BRASIL,ANA,DEPOSITO,2022-02-04T21:11:57,4783.37
1488,0007,SANTANDER,LUCAS,SAQUE,2022-02-26T08:29:17,1011.23
7912,0006,SANTANDER,CARLOS,DEPOSITO,2022-02-01T11:34:22,1595.8
2424,0005,BANCO DO BRASIL,ANA,SAQUE,2022-02-17T23:35:41,4606.96
1488,0007,SANTANDER,LUCAS,SAQUE,2022-02-18T23:34:16,3137.79
2424,0005,BANCO DO BRASIL,ANA,SAQUE,2022-02-02T00:42:32,4126.38
4657,0003,ITAU,FELIPE,SAQUE,2022-02-22T07:21:48,2495.15
2424,0005,BANCO DO BRASIL,ANA,SAQUE,2022-02-23T16:14:57,2187.79
7912,0006,SANTANDER,CARLOS,SAQUE,2022-02-05T03:58:51,570.73
2679,0004,BANCO DO BRASIL,JULIA,DEPOSITO,2022-02-20T23:10:25,4962.02
2424,0005,BANCO DO BRASIL,ANA,SAQUE,2022-02-12T22:43:04,2005.79
2824,0001,SANTANDER,JOAO,DEPOSITO,2022-02-10T13:58:18,397.24
7912,0006,SANTANDER,CARLOS,DEPOSITO,2022-02-08T18:15:15,4175.76
2824,0001,SANTANDER,JOAO,SAQUE,2022-02-04T15:13:52,259.01
7912,0006,SANTANDER,CARLOS,DEPOSITO,2022-02-11T13:47:30,3400.19
4582,0008,ITAU,BRUNA,SAQUE,2022-02-09T22:32:19,1613.12
9279,0009,BANCO DO BRASIL,MARCOS,DEPOSITO,2022-02-09T17:17:10,4282.9
7912,0006,SANTANDER,CARLOS,DEPOSITO,2022-02-21T15:58:45,1693.93
2824,0001,SANTANDER,JOAO,SAQUE,2022-02-21T06:52:16,4412.4
2679,0004,BANCO DO BRASIL,JULIA,DEPOSITO,2022-02-24T23:22:54,4619.66
4582,0008,ITAU,BRUNA,SAQUE,2022-02-17T05:04:21,1593.15
5506,0002,ITAU,MARIA,DEPOSITO,2022-02-26T13:07:55,2019.74
4657,0003,ITAU,FELIPE,SAQUE,2022-02-25T18:18:41,2162.16
2679,0004,BANCO DO BRASIL,JULIA,DEPOSITO,2022-02-11T05:34:28,1765.01
2424,0005,BANCO DO BRASIL,ANA,DEPOSITO,2022-02-08T16:47:44,3149.53
2424,0005,BANCO DO BRASIL,ANA,SAQUE,2022-02-01T20:01:48,4849.78
4582,0008,ITAU,BRUNA,DEPOSITO,2022-02-04T01:47:08,3980.43
4657,0003,ITAU,FELIPE,SAQUE,2022-02-06T09:13:54,4233.94
4657,0003,ITAU,FELIPE,DEPOSITO,2022-02-16T12:20:56,4021.1
1434,0010,BANCO DO BRASIL,PAULA,DEPOSITO,2022-02-11T11:12:22,129.54
2679,0004,BANCO DO BRASIL,JULIA,SAQUE,2022-02-16T01:37:52,1648.97
1488,0007,SANTANDER,LUCAS,SAQUE,2022-02-05T17:17:03,277.15
9279,0009,BANCO DO BRASIL,MARCOS,DEPOSITO,2022-02-15T22:49:16,3672.33
2424,0005,BANCO DO BRASIL,ANA,SAQUE,2022-02-23T21:33:07,2651.87
4657,0003,ITAU,FELIPE,DEPOSITO,2022-02-17T08:22:12,3651.87
4657,0003,ITAU,FELIPE,DEPOSITO,2022-02-14T07:48:05,4261.24
2679,0004,BANCO DO BRASIL,JULIA,SAQUE,2022-02-06T04:07:52,3543.01
5506,0002,ITAU,MARIA,DEPOSITO,2022-02-24T12:40:20,4335.2
2424,0005,BANCO DO BRASIL,ANA,SAQUE,2022-02-23T15:03:27,2583.67
2679,0004,BANCO DO BRASIL,JULIA,DEPOSITO,2022-02-21T09:53:09,3942.57
4582,0008,ITAU,BRUNA,DEPOSITO,2022-02-09T04:00:23,3666.53
1434,0010,BANCO DO BRASIL,PAULA,DEPOSITO,2022-02-15T13:29:56,225.37
2424,0005,BANCO DO BRASIL,ANA,SAQUE,2022-02-22T02:05:47,3741.71
5506,0002,ITAU,MARIA,SAQUE,2022-02-21T12:45:59,837.46
2679,0004,BANCO DO BRASIL,JULIA,SAQUE,2022-02-01T04:12:16,3652.68
2679,0004,BANCO DO BRASIL,JULIA,SAQUE,2022-02-14T12:32:34,3751.68
1488,0007,SANTANDER,LUCAS,SAQUE,2022-02-15T01:21:49,3223.49
4657,0003,ITAU,FELIPE,DEPOSITO,2022-02-08T08:19:59,1924.05
1434,0010,BANCO DO BRASIL,PAULA,SAQUE,2022-02-08T13:59:52,4784.55
2824,0001,SANTANDER,JOAO,SAQUE,2022-02-11T13:45:36,19.87
1488,0007,SANTANDER,LUCAS,SAQUE,2022-02-26T09:01:28,541.29
1434,0010,BANCO DO BRASIL,PAULA,DEPOSITO,2022-02-26T22:02:30,1436.78
1434,0010,BANCO DO BRASIL,PAULA,SAQUE,2022-02-05T19:31:02,3368.4
5506,0002,ITAU,MARIA,SAQUE,2022-02-25T22:29:20,3494.56
4657,0003,ITAU,FELIPE,SAQUE,2022-02-09T01:38:00,994.86
2679,0004,BANCO DO BRASIL,JULIA,SAQUE,2022-02-12T16:13:36,2664.13
5506,0002,ITAU,MARIA,SAQUE,2022-02-15T08:18:11,4843.6
9279,0009,BANCO DO BRASIL,MARCOS,DEPOSITO,2022-02-11T02:30:49,3122.67
2679,0004,BANCO DO BRASIL,JULIA,SAQUE,2022-02-12T20:12:41,2932.53
1434,0010,BANCO DO BRASIL,PAULA,SAQUE,2022-02-03T04:05:52,1138.68
2679,0004,BANCO DO BRASIL,JULIA,DEPOSITO,2022-02-19T01:59:04,2297.71
2679,0004,BANCO DO BRASIL,JULIA,SAQUE,2022-02-05T03:47:36,3662.22
4657,0003,ITAU,FELIPE,SAQUE,2022-02-06T21:07:21,233.46
2824,0001,SANTANDER,JOAO,DEPOSITO,2022-02-22T06:33:48,3665.6
2824,0001,SANTANDER,JOAO,SAQUE,2022-02-10T15:50:32,4742.4
4657,0003,ITAU,FELIPE,SAQUE,2022-02-18T23:59:54,2917.67
2824,0001,SANTANDER,JOAO,DEPOSITO,2022-02-09T04:21:15,3375.87
2424,0005,BANCO DO BRASIL,ANA,DEPOSITO,2022-02-24T08:54:29,1624.83
7912,0006,SANTANDER,CARLOS,SAQUE,2022-02-25T02:52:12,3700.57
4657,0003,ITAU,FELIPE,SAQUE,2022-02-14T11:43:02,1267.73
2679,0004,BANCO DO BRASIL,JULIA,SAQUE,2022-02-02T10:19:00,28.86
2679,0004,BANCO DO BRASIL,JULIA,SAQUE,2022-02-07T08:12:35,2521.66
2824,0001,SANTANDER,JOAO,SAQUE,2022-02-12T03:23:37,2917.87
2679,0004,BANCO DO BRASIL,JULIA,SAQUE,2022-02-26T05:47:18,1693.66
2424,0005,BANCO DO BRASIL,ANA,DEPOSITO,2022-02-24T14:08:39,149.61
9279,0009,BANCO DO BRASIL,MARCOS,SAQUE,2022-02-08T12:04:40,4266.77
5506,0002,ITAU,MARIA,SAQUE,2022-02-27T15:07:41,2211.99
9279,0009,BANCO DO BRASIL,MARCOS,DEPOSITO,2022-02-16T18:05:06,92.7
2679,0004,BANCO DO BRASIL,JULIA,SAQUE,2022-02-12T22:07:44,3987.25
9279,0009,BANCO DO BRASIL,MARCOS,DEPOSITO,2022-02-27T15:06:05,2229.78
2679,0004,BANCO DO BRASIL,JULIA,DEPOSITO,2022-02-28T15:55:22,3055.56
1488,0007,SANTANDER,LUCAS,DEPOSITO,2022-02-07T18:16:29,470.97
2679,0004,BANCO DO BRASIL,JULIA,DEPOSITO,2022-02-24T16:49:30,860.27
7912,0006,SANTANDER,CARLOS,SAQUE,2022-02-19T23:18:54,512.35
2424,0005,BANCO DO BRASIL,ANA,SAQUE,2022-02-24T01:05:14,1114.84
5506,0002,ITAU,MARIA,SAQUE,2022-02-20T10:33:57,62.01
2679,0004,BANCO DO BRASIL,JULIA,DEPOSITO,2022-02-17T15:55:42,3130.42
2424,0005,BANCO DO BRASIL,ANA,DEPOSITO,2022-02-06T19:19:30,1872.28
5506,0002,ITAU,MARIA,DEPOSITO,2022-02-02T12:58:25,1442.58
9279,0009,BANCO DO BRASIL,MARCOS,SAQUE,2022-02-03T18:02:49,3064.28
2424,0005,BANCO DO BRASIL,ANA,SAQUE,2022-02-13T01:09:48,601.07
2824,0001,SANTANDER,JOAO,DEPOSITO,2022-02-19T02:55:43,1275.71
7912,0006,SANTANDER,CARLOS,DEPOSITO,2022-02-06T06:40:28,3497.42
4582,0008,ITAU,BRUNA,DEPOSITO,2022-02-28T23:43:50,2390.55
2824,0001,SANTANDER,JOAO,DEPOSITO,2022-02-17T14:06:13,1705.53
5506,0002,ITAU,MARIA,SAQUE,2022-02-21T00:31:31,1342.0
2679,0004,BANCO DO BRASIL,JULIA,SAQUE,2022-02-22T10:48:16,1546.26
9279,0009,BANCO DO BRASIL,MARCOS,DEPOSITO,2022-02-19T15:56:42,2714.46
7912,0006,SANTANDER,CARLOS,SAQUE,2022-02-19T23:45:40,957.53
4657,0003,ITAU,FELIPE,SAQUE,2022-02-11T09:56:59,1100.17
7912,0006,SANTANDER,CARLOS,SAQUE,2022-02-22T11:45:49,2480.82
2679,0004,BANCO DO BRASIL,JULIA,SAQUE,2022-02-24T04:24:58,1618.66
5506,0002,ITAU,MARIA,DEPOSITO,2022-02-16T18:46:56,4886.48
9279,0009,BANCO DO BRASIL,MARCOS,SAQUE,2022-02-10T18:19:39,4501.34
9279,0009,BANCO DO BRASIL,MARCOS,SAQUE,2022-02-11T12:06:36,2228.35
4657,0003,ITAU,FELIPE,DEPOSITO,2022-02-12T03:11:38,1458.04
2679,0004,BANCO DO BRASIL,JULIA,SAQUE,2022-02-03T09:27:27,2691.41
2424,0005,BANCO DO BRASIL,ANA,DEPOSITO,2022-02-21T22:25:27,2502.31
1434,0010,BANCO DO BRASIL,PAULA,SAQUE,2022-02-05T12:10:48,4846.53
5506,0002,ITAU,MARIA,SAQUE,2022-02-20T01:45:51,2863.13
1434,0010,BANCO DO BRASIL,PAULA,SAQUE,2022-02-21T19:57:07,4227.32
1434,0010,BANCO DO BRASIL,PAULA,DEPOSITO,2022-02-21T18:07:51,3915.24
4657,0003,ITAU,FELIPE,DEPOSITO,2022-02-18T22:48:34,4041.13
2679,0004,BANCO DO BRASIL,JULIA,DEPOSITO,2022-02-08T11:37:13,3232.31
7912,0006,SANTANDER,CARLOS,SAQUE,2022-02-07T22:50:09,219.25
4582,0008,ITAU,BRUNA,DEPOSITO,2022-02-27T19:11:05,4102.16
9279,0009,BANCO DO BRASIL,MARCOS,DEPOSITO,2022-02-06T22:15:10,732.29
1488,0007,SANTANDER,LUCAS,SAQUE,2022-02-09T03:10:42,958.82
2679,0004,BANCO DO BRASIL,JULIA,SAQUE,2022-02-10T11:01:15,1743.21
2679,0004,BANCO DO BRASIL,JULIA,SAQUE,2022-02-13T20:20:06,3305.54
7912,0006,SANTANDER,CARLOS,DEPOSITO,2022-02-12T20:31:13,2638.95
9279,0009,BANCO DO BRASIL,MARCOS,DEPOSITO,2022-02-16T10:53:16,790.53
4657,0003,ITAU,FELIPE,SAQUE,2022-02-25T02:30:52,3879.43
7912,0006,SANTANDER,CARLOS,SAQUE,2022-02-09T14:46:34,3799.42
5506,0002,ITAU,MARIA,SAQUE,2022-02-11T21:54:20,4934.04
2679,0004,BANCO DO BRASIL,JULIA,SAQUE,2022-02-28T09:46:57,56.28
4582,0008,ITAU,BRUNA,DEPOSITO,2022-02-13T19:43:40,2326.74
4582,0008,ITAU,BRUNA,DEPOSITO,2022-02-13T17:24:48,2675.32
2424,0005,BANCO DO BRASIL,ANA,DEPOSITO,2022-02-20T20:56:45,4670.01
2824,0001,SANTANDER,JOAO,SAQUE,2022-02-16T22:46:11,4029.15
2424,0005,BANCO DO BRASIL,ANA,SAQUE,2022-02-13T10:14:48,4858.31
2824,0001,SANTANDER,JOAO,SAQUE,2022-02-01T12:26:26,3675.86
4657,0003,ITAU,FELIPE,SAQUE,2022-02-25T03:28:52,4987.37
7912,0006,SANTANDER,CARLOS,SAQUE,2022-02-15T01:31:13,3437.27
2424,0005,BANCO DO BRASIL,ANA,DEPOSITO,2022-02-01T12:27:36,4811.21
1434,0010,BANCO DO BRASIL,PAULA,SAQUE,2022-02-11T08:11:47,2085.58
9279,0009,BANCO DO BRASIL,MARCOS,DEPOSITO,2022-02-08T03:46:05,4533.69
9279,0009,BANCO DO BRASIL,MARCOS,SAQUE,2022-02-09T16:21:39,2282.16
4582,0008,ITAU,BRUNA,SAQUE,2022-02-07T05:01:04,3398.29
4582,0008,ITAU,BRUNA,SAQUE,2022-02-14T19:26:59,1669.7
5506,0002,ITAU,MARIA,SAQUE,2022-02-08T12:19:02,4444.0
2424,0005,BANCO DO BRASIL,ANA,DEPOSITO,2022-02-18T06:31:53,269.74
5506,0002,ITAU,MARIA,SAQUE,2022-02-16T13:41:29,1170.53
7912,0006,SANTANDER,CARLOS,DEPOSITO,2022-02-22T04:14:41,113.83
2679,0004,BANCO DO BRASIL,JULIA,DEPOSITO,2022-02-09T15:45:50,1322.06
2824,0001,SANTANDER,JOAO,DEPOSITO,2022-02-04T21:56:15,2912.1
7912,0006,SANTANDER,CARLOS,SAQUE,2022-02-03T09:25:41,3731.29
4582,0008,ITAU,BRUNA,DEPOSITO,2022-02-08T05:34:57,2761.29
1488,0007,SANTANDER,LUCAS,DEPOSITO,2022-02-06T01:07:42,4986.54
4582,0008,ITAU,BRUNA,DEPOSITO,2022-02-04T17:04:42,652.68
4657,0003,ITAU,FELIPE,SAQUE,2022-02-13T02:45:31,1635.73
2679,0004,BANCO DO BRASIL,JULIA,SAQUE,2022-02-28T19:05:33,4741.54
4582,0008,ITAU,BRUNA,DEPOSITO,2022-02-10T14:27:57,3646.9
7912,0006,SANTANDER,CARLOS,DEPOSITO,2022-02-11T23:15:46,4178.02
2679,0004,BANCO DO BRASIL,JULIA,SAQUE,2022-02-09T20:45:03,1088.85
7912,0006,SANTANDER,CARLOS,DEPOSITO,2022-02-28T10:56:31,2185.98
7912,0006,SANTANDER,CARLOS,DEPOSITO,2022-02-06T16:48:52,4555.14
5506,0002,ITAU,MARIA,DEPOSITO,2022-02-12T16:12:05,110.69
5506,0002,ITAU,MARIA,SAQUE,2022-02-10T22:09:22,4390.3
2824,0001,SANTANDER,JOAO,SAQUE,2022-02-06T02:10:15,2197.26
4582,0008,ITAU,BRUNA,DEPOSITO,2022-02-09T18:03:30,1885.38
9279,0009,BANCO DO BRASIL,MARCOS,SAQUE,2022-02-01T00:58:57,3519.74
2824,0001,SANTANDER,JOAO,DEPOSITO,2022-02-23T09:56:55,4168.31
4657,0003,ITAU,FELIPE,SAQUE,2022-02-03T20:43:08,3752.08
4657,0003,ITAU,FELIPE,SAQUE,2022-02-28T18:37:18,199.7
2679,0004,BANCO DO BRASIL,JULIA,DEPOSITO,2022-02-09T10:06:01,1007.43
4582,0008,ITAU,BRUNA,SAQUE,2022-02-14T20:21:30,3301.47
4582,0008,ITAU,BRUNA,SAQUE,2022-02-08T05:58:42,3616.62
9279,0009,BANCO DO BRASIL,MARCOS,SAQUE,2022-02-10T22:22:04,4964.33
5506,0002,ITAU,MARIA,DEPOSITO,2022-02-26T07:54:16,2451.17
1488,0007,SANTANDER,LUCAS,SAQUE,2022-02-17T22:14:33,1329.89
1434,0010,BANCO DO BRASIL,PAULA,DEPOSITO,2022-02-08T18:56:31,3451.5
4582,0008,ITAU,BRUNA,DEPOSITO,2022-02-20T19:41:56,592.21
4657,0003,ITAU,FELIPE,SAQUE,2022-02-04T06:53:57,3567.96
2824,0001,SANTANDER,JOAO,DEPOSITO,2022-02-08T22:01:10,3062.55
4582,0008,ITAU,BRUNA,SAQUE,2022-02-22T01:17:56,1214.81
5506,0002,ITAU,MARIA,DEPOSITO,2022-02-17T17:02:56,4514.44
5506,0002,ITAU,MARIA,DEPOSITO,2022-02-10T00:21:44,4462.86
5506,0002,ITAU,MARIA,SAQUE,2022-02-05T22:45:49,4074.77
4582,0008,ITAU,BRUNA,DEPOSITO,2022-02-04T21:43:17,2994.2
1434,0010,BANCO DO BRASIL,PAULA,SAQUE,2022-02-17T21:50:55,3590.65
4582,0008,ITAU,BRUNA,SAQUE,2022-02-21T02:49:53,525.75
4582,0008,ITAU,BRUNA,SAQUE,2022-02-21T05:04:39,2457.63
7912,0006,SANTANDER,CARLOS,SAQUE,2022-02-02T22:00:42,81.18
4582,0008,ITAU,BRUNA,SAQUE,2022-02-06T18:40:27,1781.79
4657,0003,ITAU,FELIPE,SAQUE,2022-02-16T09:54:35,348.39
5506,0002,ITAU,MARIA,SAQUE,2022-02-19T15:20:44,2426.12
4657,0003,ITAU,FELIPE,DEPOSITO,2022-02-14T11:15:35,372.23
2679,0004,BANCO DO BRASIL,JULIA,DEPOSITO,2022-02-16T04:54:10,2874.87
4582,0008,ITAU,BRUNA,SAQUE,2022-02-14T02:23:51,3508.26
7912,0006,SANTANDER,CARLOS,SAQUE,2022-02-23T06:40:26,3244.94
7912,0006,SANTANDER,CARLOS,SAQUE,2022-02-15T07:00:34,116.15
4657,0003,ITAU,FELIPE,DEPOSITO,2022-02-01T17:07:04,1520.6
4582,0008,ITAU,BRUNA,SAQUE,2022-02-13T20:38:27,2030.62
5506,0002,ITAU,MARIA,SAQUE,2022-02-08T11:22:52,4049.84
4657,0003,ITAU,FELIPE,DEPOSITO,2022-02-28T08:06:52,1703.06
5506,0002,ITAU,MARIA,DEPOSITO,2022-02-28T14:54:14,3750.63
2424,0005,BANCO DO BRASIL,ANA,SAQUE,2022-02-22T01:49:12,4730.24
2824,0001,SANTANDER,JOAO,DEPOSITO,2022-02-11T05:50:29,3070.16
2679,0004,BANCO DO BRASIL,JULIA,DEPOSITO,2022-02-04T20:17:09,2116.97
2679,0004,BANCO DO BRASIL,JULIA,DEPOSITO,2022-02-04T01:58:48,35.49
2679,0004,BANCO DO BRASIL,JULIA,SAQUE,2022-02-23T04:52:22,1671.25
2824,0001,SANTANDER,JOAO,SAQUE,2022-02-10T13:09:22,408.84
2679,0004,BANCO DO BRASIL,JULIA,DEPOSITO,2022-02-11T23:48:20,2418.33
2424,0005,BANCO DO BRASIL,ANA,SAQUE,2022-02-17T14:54:49,1603.98
1434,0010,BANCO DO BRASIL,PAULA,SAQUE,2022-02-21T15:43:51,678.08
2824,0001,SANTANDER,JOAO,SAQUE,2022-02-17T10:39:21,3929.17
2824,0001,SANTANDER,JOAO,DEPOSITO,2022-02-23T15:24:46,154.23
9279,0009,BANCO DO BRASIL,MARCOS,SAQUE,2022-02-24T05:42:52,4955.66
1488,0007,SANTANDER,LUCAS,DEPOSITO,2022-02-22T21:19:12,134.31
7912,0006,SANTANDER,CARLOS,SAQUE,2022-02-02T23:48:31,4237.4
1488,0007,SANTANDER,LUCAS,SAQUE,2022-02-20T14:50:53,2771.73
7912,0006,SANTANDER,CARLOS,SAQUE,2022-02-18T08:52:40,1058.28
4582,0008,ITAU,BRUNA,DEPOSITO,2022-02-23T05:42:12,1605.4
4657,0003,ITAU,FELIPE,DEPOSITO,2022-02-09T05:54:31,2523.7
4582,0008,ITAU,BRUNA,SAQUE,2022-02-07T03:15:51,4348.6
7912,0006,SANTANDER,CARLOS,SAQUE,2022-02-09T21:19:06,4533.46
2824,0001,SANTANDER,JOAO,DEPOSITO,2022-02-13T08:07:57,2134.67
2824,0001,SANTANDER,JOAO,DEPOSITO,2022-02-20T22:39:22,3530.45
1434,0010,BANCO DO BRASIL,PAULA,SAQUE,2022-02-06T17:47:21,4942.3
4657,0003,ITAU,FELIPE,SAQUE,2022-02-15T11:42:48,4209.93
2679,0004,BANCO DO BRASIL,JULIA,SAQUE,2022-02-07T11:23:18,508.84
4657,0003,ITAU,FELIPE,DEPOSITO,2022-02-19T07:15:39,4770.91
4582,0008,ITAU,BRUNA,SAQUE,2022-02-07T16:15:07,2747.0
9279,0009,BANCO DO BRASIL,MARCOS,DEPOSITO,2022-02-06T11:52:02,2560.07
9279,0009,BANCO DO BRASIL,MARCOS,SAQUE,2022-02-15T07:36:10,4251.15
5506,0002,ITAU,MARIA,DEPOSITO,2022-02-27T11:50:20,2124.67
2824,0001,SANTANDER,JOAO,SAQUE,2022-02-04T20:40:54,848.13
4657,0003,ITAU,FELIPE,SAQUE,2022-02-27T02:07:14,142.99
1434,0010,BANCO DO BRASIL,PAULA,SAQUE,2022-02-13T18:30:12,3631.88
5506,0002,ITAU,MARIA,SAQUE,2022-02-02T10:55:45,2492.8
1434,0010,BANCO DO BRASIL,PAULA,SAQUE,2022-02-07T09:19:19,3019.08
1488,0007,SANTANDER,LUCAS,DEPOSITO,2022-02-13T14:32:16,4332.2
4657,0003,ITAU,FELIPE,DEPOSITO,2022-02-14T13:49:51,1889.91
7912,0006,SANTANDER,CARLOS,DEPOSITO,2022-02-14T06:28:51,4907.6
2824,0001,SANTANDER,JOAO,DEPOSITO,2022-02-01T10:20:06,2337.53
2679,0004,BANCO DO BRASIL,JULIA,DEPOSITO,2022-02-22T05:15:50,4888.38
2424,0005,BANCO DO BRASIL,ANA,SAQUE,2022-02-07T00:49:38,1541.41
2679,0004,BANCO DO BRASIL,JULIA,SAQUE,2022-02-19T13:35:42,1877.29
9279,0009,BANCO DO BRASIL,MARCOS,DEPOSITO,2022-02-16T08:04:50,732.06
5506,0002,ITAU,MARIA,SAQUE,2022-02-20T05:46:06,2208.3
1488,0007,SANTANDER,LUCAS,SAQUE,2022-02-28T20:27:09,3184.77
4582,0008,ITAU,BRUNA,SAQUE,2022-02-22T15:57:42,4775.71
2679,0004,BANCO DO BRASIL,JULIA,SAQUE,2022-02-03T21:48:55,696.4
7912,0006,SANTANDER,CARLOS,SAQUE,2022-02-27T23:53:31,3490.06
4657,0003,ITAU,FELIPE,DEPOSITO,2022-02-24T20:22:35,3820.74
9279,0009,BANCO DO BRASIL,MARCOS,SAQUE,2022-02-28T20:10:55,4923.95
4657,0003,ITAU,FELIPE,DEPOSITO,2022-02-27T04:40:21,4862.44
2824,0001,SANTANDER,JOAO,DEPOSITO,2022-02-11T17:33:03,327.98
5506,0002,ITAU,MARIA,SAQUE,2022-02-22T16:19:14,3917.72
4582,0008,ITAU,BRUNA,SAQUE,2022-02-26T07:20:04,906.0
4582,0008,ITAU,BRUNA,DEPOSITO,2022-02-24T17:19:35,2417.29
7912,0006,SANTANDER,CARLOS,DEPOSITO,2022-02-17T20:11:52,3112.65
4582,0008,ITAU,BRUNA,DEPOSITO,2022-02-15T00:01:13,559.85
1488,0007,SANTANDER,LUCAS,SAQUE,2022-02-28T06:56:20,1770.42
5506,0002,ITAU,MARIA,DEPOSITO,2022-02-22T18:14:01,2276.0
2824,0001,SANTANDER,JOAO,SAQUE,2022-02-02T12:13:11,2570.76
1488,0007,SANTANDER,LUCAS,DEPOSITO,2022-02-27T06:31:29,1449.98
2679,0004,BANCO DO BRASIL,JULIA,SAQUE,2022-02-24T11:38:41,3968.86
1434,0010,BANCO DO BRASIL,PAULA,SAQUE,2022-02-25T17:23:46,2368.34
4657,0003,ITAU,FELIPE,DEPOSITO,2022-02-13T01:18:47,2417.81
7912,0006,SANTANDER,CARLOS,DEPOSITO,2022-02-01T09:21:15,2177.3
9279,0009,BANCO DO BRASIL,MARCOS,SAQUE,2022-02-02T23:56:31,1656.1
2679,0004,BANCO DO BRASIL,JULIA,SAQUE,2022-02-05T10:28:22,90.03
7912,0006,SANTANDER,CARLOS,SAQUE,2022-02-04T06:02:34,2995.82
2679,0004,BANCO DO BRASIL,JULIA,DEPOSITO,2022-02-02T23:21:00,391.92
2679,0004,BANCO DO BRASIL,JULIA,DEPOSITO,2022-02-23T08:20:44,415.56
1488,0007,SANTANDER,LUCAS,DEPOSITO,2022-02-21T09:52:16,2477.28
9279,0009,BANCO DO BRASIL,MARCOS,DEPOSITO,2022-02-20T09:49:15,2784.33
9279,0009,BANCO DO BRASIL,MARCOS,DEPOSITO,2022-02-19T11:48:01,1744.5
7912,0006,SANTANDER,CARLOS,DEPOSITO,2022-02-11T07:35:00,4701.53
9279,0009,BANCO DO BRASIL,MARCOS,SAQUE,2022-02-20T07:54:51,4573.78
2824,0001,SANTANDER,JOAO,SAQUE,2022-02-27T18:11:39,1076.62
2824,0001,SANTANDER,JOAO,SAQUE,2022-02-17T04:01:13,4021.79
2424,0005,BANCO DO BRASIL,ANA,SAQUE,2022-02-25T02:37:20,4944.45
5506,0002,ITAU,MARIA,DEPOSITO,2022-02-17T20:28:54,908.14
7912,0006,SANTANDER,CARLOS,SAQUE,2022-02-20T10:53:36,1495.92
2824,0001,SANTANDER,JOAO,SAQUE,2022-02-11T12:10:29,465.78
4582,0008,ITAU,BRUNA,SAQUE,2022-02-04T22:07:39,1617.34
9279,0009,BANCO DO BRASIL,MARCOS,DEPOSITO,2022-02-22T01:26:18,4848.94
2424,0005,BANCO DO BRASIL,ANA,SAQUE,2022-02-18T09:00:32,3520.15
2679,0004,BANCO DO BRASIL,JULIA,DEPOSITO,2022-02-26T02:48:20,2698.6
1488,0007,SANTANDER,LUCAS,DEPOSITO,2022-02-04T10:29:51,31.49
4582,0008,ITAU,BRUNA,SAQUE,2022-02-23T01:26:53,1745.74
2424,0005,BANCO DO BRASIL,ANA,SAQUE,2022-02-07T18:18:49,4738.32
4657,0003,ITAU,FELIPE,SAQUE,2022-02-21T09:24:42,4796.33
7912,0006,SANTANDER,CARLOS,DEPOSITO,2022-02-25T09:08:22,1441.23
1434,0010,BANCO DO BRASIL,PAULA,SAQUE,2022-02-02T18:30:33,1100.93
1488,0007,SANTANDER,LUCAS,DEPOSITO,2022-02-08T13:08:00,2458.01
1434,0010,BANCO DO BRASIL,PAULA,SAQUE,2022-02-06T23:08:01,3984.66
2679,0004,BANCO DO BRASIL,JULIA,SAQUE,2022-02-11T16:54:36,3496.89
2679,0004,BANCO DO BRASIL,JULIA,SAQUE,2022-02-28T14:13:06,981.06
1488,0007,SANTANDER,LUCAS,SAQUE,2022-02-28T14:33:41,1257.74
1434,0010,BANCO DO BRASIL,PAULA,DEPOSITO,2022-02-13T20:29:06,3120.91
2824,0001,SANTANDER,JOAO,SAQUE,2022-02-03T09:55:27,3845.55
2424,0005,BANCO DO BRASIL,ANA,SAQUE,2022-02-06T14:19:13,3017.06
1488,0007,SANTANDER,LUCAS,DEPOSITO,2022-02-04T21:36:51,442.95
4657,0003,ITAU,FELIPE,SAQUE,2022-02-20T11:46:53,3311.22
2424,0005,BANCO DO BRASIL,ANA,DEPOSITO,2022-02-28T22:51:59,420.34
2424,0005,BANCO DO BRASIL,ANA,SAQUE,2022-02-19T10:34:16,3413.93
9279,0009,BANCO DO BRASIL,MARCOS,SAQUE,2022-02-06T01:57:00,4859.57
2679,0004,BANCO DO BRASIL,JULIA,SAQUE,2022-02-18T22:05:42,2020.01
7912,0006,SANTANDER,CARLOS,SAQUE,2022-02-21T11:58:10,1613.24
2424,0005,BANCO DO BRASIL,ANA,DEPOSITO,2022-02-07T18:43:45,450.5
4657,0003,ITAU,FELIPE,SAQUE,2022-02-02T10:35:07,1057.5
2679,0004,BANCO DO BRASIL,JULIA,SAQUE,2022-02-28T18:11:33,1921.02
4657,0003,ITAU,FELIPE,SAQUE,2022-02-07T05:34:32,526.73
9279,0009,BANCO DO BRASIL,MARCOS,DEPOSITO,2022-02-27T18:36:01,3587.54
4582,0008,ITAU,BRUNA,DEPOSITO,2022-02-14T01:25:57,4062.25
1488,0007,SANTANDER,LUCAS,DEPOSITO,2022-02-13T19:28:39,2992.82
4657,0003,ITAU,FELIPE,DEPOSITO,2022-02-05T14:27:28,792.55
2424,0005,BANCO DO BRASIL,ANA,DEPOSITO,2022-02-17T07:02:34,1840.3
5506,0002,ITAU,MARIA,SAQUE,2022-02-26T08:32:39,2940.71
9279,0009,BANCO DO BRASIL,MARCOS,SAQUE,2022-02-28T15:57:13,3499.19
1488,0007,SANTANDER,LUCAS,DEPOSITO,2022-02-25T02:05:05,158.12
1488,0007,SANTANDER,LUCAS,DEPOSITO,2022-02-02T09:48:58,1950.4
2424,0005,BANCO DO BRASIL,ANA,SAQUE,2022-02-06T14:57:00,1218.08
1434,0010,BANCO DO BRASIL,PAULA,DEPOSITO,2022-02-19T22:56:01,2097.31
5506,0002,ITAU,MARIA,SAQUE,2022-02-06T18:40:35,2580.03
4582,0008,ITAU,BRUNA,DEPOSITO,2022-02-08T02:29:54,1281.08
4657,0003,ITAU,FELIPE,DEPOSITO,2022-02-24T16:42:15,573.56
7912,0006,SANTANDER,CARLOS,DEPOSITO,2022-02-19T22:46:59,3479.87
2679,0004,BANCO DO BRASIL,JULIA,SAQUE,2022-02-27T04:15:42,1689.94
7912,0006,SANTANDER,CARLOS,SAQUE,2022-02-23T16:45:26,1144.73
4657,0003,ITAU,FELIPE,SAQUE,2022-02-10T20:16:55,3387.46
1434,0010,BANCO DO BRASIL,PAULA,DEPOSITO,2022-02-17T16:32:39,52.6
1434,0010,BANCO DO BRASIL,PAULA,DEPOSITO,2022-02-23T00:23:50,1903.08
5506,0002,ITAU,MARIA,DEPOSITO,2022-02-14T09:58:59,2662.31
4582,0008,ITAU,BRUNA,DEPOSITO,2022-02-15T10:33:10,1961.54
1488,0007,SANTANDER,LUCAS,SAQUE,2022-02-28T07:58:34,4515.67
1434,0010,BANCO DO BRASIL,PAULA,DEPOSITO,2022-02-23T10:01:27,3334.87
9279,0009,BANCO DO BRASIL,MARCOS,SAQUE,2022-02-24T11:30:29,3623.13
1488,0007,SANTANDER,LUCAS,DEPOSITO,2022-02-26T22:17:21,367.57
9279,0009,BANCO DO BRASIL,MARCOS,SAQUE,2022-02-28T05:19:50,3549.59
1488,0007,SANTANDER,LUCAS,SAQUE,2022-02-08T21:43:25,4476.37
2679,0004,BANCO DO BRASIL,JULIA,DEPOSITO,2022-02-17T01:43:13,1810.38
5506,0002,ITAU,MARIA,SAQUE,2022-02-19T16:59:05,880.83
1434,0010,BANCO DO BRASIL,PAULA,DEPOSITO,2022-02-21T02:36:25,1882.11
1434,0010,BANCO DO BRASIL,PAULA,DEPOSITO,2022-02-27T07:15:19,3022.13
9279,0009,BANCO DO BRASIL,MARCOS,SAQUE,2022-02-26T03:01:33,3206.7
4582,0008,ITAU,BRUNA,DEPOSITO,2022-02-27T12:27:15,1777.89
2824,0001,SANTANDER,JOAO,SAQUE,2022-02-14T06:01:27,2527.99
1488,0007,SANTANDER,LUCAS,SAQUE,2022-02-26T05:25:09,1162.08
7912,0006,SANTANDER,CARLOS,SAQUE,2022-02-20T19:08:48,2987.39
7912,0006,SANTANDER,CARLOS,DEPOSITO,2022-02-08T06:02:41,2003.1
9279,0009,BANCO DO BRASIL,MARCOS,SAQUE,2022-02-14T15:52:29,1335.58
1488,0007,SANTANDER,LUCAS,DEPOSITO,2022-02-27T06:02:30,1764.7
4582,0008,ITAU,BRUNA,SAQUE,2022-02-04T06:13:04,4781.37
2679,0004,BANCO DO BRASIL,JULIA,SAQUE,2022-02-02T11:22:50,4402.65
4582,0008,ITAU,BRUNA,DEPOSITO,2022-02-28T10:19:51,1947.01
2424,0005,BANCO DO BRASIL,ANA,SAQUE,2022-02-16T15:37:43,1026.78
2679,0004,BANCO DO BRASIL,JULIA,DEPOSITO,2022-02-25T16:42:06,1491.81
2424,0005,BANCO DO BRASIL,ANA,SAQUE,2022-02-08T09:15:49,267.69
1488,0007,SANTANDER,LUCAS,SAQUE,2022-02-08T18:11:20,4906.32
4657,0003,ITAU,FELIPE,DEPOSITO,2022-02-08T17:30:27,903.93
1434,0010,BANCO DO BRASIL,PAULA,DEPOSITO,2022-02-16T03:09:17,3642.29
1434,0010,BANCO DO BRASIL,PAULA,SAQUE,2022-02-04T12:34:22,1794.92
9279,0009,BANCO DO BRASIL,MARCOS,SAQUE,2022-02-11T12:51:23,3335.53
9279,0009,BANCO DO BRASIL,MARCOS,DEPOSITO,2022-02-08T08:43:51,333.15
2679,0004,BANCO DO BRASIL,JULIA,DEPOSITO,2022-02-13T18:13:11,1209.56
2679,0004,BANCO DO BRASIL,JULIA,DEPOSITO,2022-02-15T11:05:47,2035.4
9279,0009,BANCO DO BRASIL,MARCOS,SAQUE,2022-02-20T09:38:51,3745.09
1488,0007,SANTANDER,LUCAS,SAQUE,2022-02-25T03:05:15,3640.51
5506,0002,ITAU,MARIA,SAQUE,2022-02-07T07:11:52,901.41
5506,0002,ITAU,MARIA,DEPOSITO,2022-02-18T09:30:29,2571.79
1488,0007,SANTANDER,LUCAS,DEPOSITO,2022-02-25T03:40:46,1591.93
2824,0001,SANTANDER,JOAO,SAQUE,2022-02-13T04:56:28,697.22
2679,0004,BANCO DO BRASIL,JULIA,DEPOSITO,2022-02-06T21:57:49,248.27
2679,0004,BANCO DO BRASIL,JULIA,DEPOSITO,2022-02-08T14:26:02,4114.7
1488,0007,SANTANDER,LUCAS,DEPOSITO,2022-02-12T05:41:12,2504.16
7912,0006,SANTANDER,CARLOS,SAQUE,2022-02-22T23:58:07,3209.46
9279,0009,BANCO DO BRASIL,MARCOS,DEPOSITO,2022-02-09T12:03:24,1798.72
1434,0010,BANCO DO BRASIL,PAULA,DEPOSITO,2022-02-06T00:17:00,3211.3
4582,0008,ITAU,BRUNA,DEPOSITO,2022-02-23T09:31:11,350.5
1434,0010,BANCO DO BRASIL,PAULA,DEPOSITO,2022-02-13T05:12:29,165.17
5506,0002,ITAU,MARIA,DEPOSITO,2022-02-08T16:24:36,2812.7
2424,0005,BANCO DO BRASIL,ANA,SAQUE,2022-02-21T16:30:12,3847.58
9279,0009,BANCO DO BRASIL,MARCOS,SAQUE,2022-02-03T04:08:03,1567.44
1434,0010,BANCO DO BRASIL,PAULA,SAQUE,2022-02-22T13:40:59,3902.58
4657,0003,ITAU,FELIPE,SAQUE,2022-02-08T08:26:52,3897.39
4582,0008,ITAU,BRUNA,DEPOSITO,2022-02-13T11:51:37,3884.79
4582,0008,ITAU,BRUNA,SAQUE,2022-02-05T07:21:39,2309.83
1434,0010,BANCO DO BRASIL,PAULA,SAQUE,2022-02-12T17:02:54,4494.89
4582,0008,ITAU,BRUNA,DEPOSITO,2022-02-17T01:48:44,4261.52
4657,0003,ITAU,FELIPE,DEPOSITO,2022-02-15T09:29:29,1728.92
9279,0009,BANCO DO BRASIL,MARCOS,DEPOSITO,2022-02-21T10:30:34,1370.82
4657,0003,ITAU,FELIPE,SAQUE,2022-02-16T19:51:31,4898.44
2679,0004,BANCO DO BRASIL,JULIA,SAQUE,2022-02-14T12:58:29,4409.34
5506,0002,ITAU,MARIA,SAQUE,2022-02-18T14:36:28,1144.79
7912,0006,SANTANDER,CARLOS,SAQUE,2022-02-01T05:05:33,4684.68
9279,0009,BANCO DO BRASIL,MARCOS,DEPOSITO,2022-02-04T06:14:41,4851.78
2824,0001,SANTANDER,JOAO,SAQUE,2022-02-21T11:19:40,697.16
5506,0002,ITAU,MARIA,DEPOSITO,2022-02-04T15:39:03,2864.93
2679,0004,BANCO DO BRASIL,JULIA,DEPOSITO,2022-02-15T00:10:59,4627.54
2824,0001,SANTANDER,JOAO,SAQUE,2022-02-23T10:42:23,363.69
1488,0007,SANTANDER,LUCAS,DEPOSITO,2022-02-12T15:10:30,2217.29
1434,0010,BANCO DO BRASIL,PAULA,DEPOSITO,2022-02-08T17:32:39,1449.83
2679,0004,BANCO DO BRASIL,JULIA,DEPOSITO,2022-02-16T11:09:02,1378.86
7912,0006,SANTANDER,CARLOS,SAQUE,2022-02-09T09:48:21,228.12
7912,0006,SANTANDER,CARLOS,SAQUE,2022-02-20T08:59:10,2983.76
2824,0001,SANTANDER,JOAO,DEPOSITO,2022-02-21T01:08:55,2982.34
7912,0006,SANTANDER,CARLOS,SAQUE,2022-02-02T07:39:24,3569.37
1488,0007,SANTANDER,LUCAS,DEPOSITO,2022-02-20T18:51:30,1912.64
1434,0010,BANCO DO BRASIL,PAULA,SAQUE,2022-02-09T14:29:44,1477.78
2824,0001,SANTANDER,JOAO,DEPOSITO,2022-02-07T08:27:29,1220.16
4657,0003,ITAU,FELIPE,DEPOSITO,2022-02-01T15:20:43,2684.89
9279,0009,BANCO DO BRASIL,MARCOS,SAQUE,2022-02-23T22:18:12,3299.4
1488,0007,SANTANDER,LUCAS,DEPOSITO,2022-02-15T03:21:05,3389.0
2424,0005,BANCO DO BRASIL,ANA,SAQUE,2022-02-28T00:32:15,3426.71
9279,0009,BANCO DO BRASIL,MARCOS,SAQUE,2022-02-07T18:46:22,114.75
1488,0007,SANTANDER,LUCAS,SAQUE,2022-02-01T03:21:44,3414.09
1434,0010,BANCO DO BRASIL,PAULA,SAQUE,2022-02-27T12:34:52,4573.62
4657,0003,ITAU,FELIPE,SAQUE,2022-02-11T12:06:22,3695.64
1434,0010,BANCO DO BRASIL,PAULA,DEPOSITO,2022-02-17T06:24:29,860.35
9279,0009,BANCO DO BRASIL,MARCOS,SAQUE,2022-02-06T19:01:53,4721.12
2824,0001,SANTANDER,JOAO,DEPOSITO,2022-02-12T03:01:28,1667.38
1488,0007,SANTANDER,LUCAS,DEPOSITO,2022-02-13T18:12:58,4388.27
7912,0006,SANTANDER,CARLOS,DEPOSITO,2022-02-18T13:05:45,3693.18
2679,0004,BANCO DO BRASIL,JULIA,SAQUE,2022-02-16T15:22:15,92.99
4657,0003,ITAU,FELIPE,DEPOSITO,2022-02-14T02:51:44,102.33
2824,0001,SANTANDER,JOAO,DEPOSITO,2022-02-20T17:04:24,583.76
2679,0004,BANCO DO BRASIL,JULIA,DEPOSITO,2022-02-28T10:55:52,1891.38
2824,0001,SANTANDER,JOAO,SAQUE,2022-02-06T21:00:55,2603.91
4582,0008,ITAU,BRUNA,SAQUE,2022-02-11T01:33:47,2796.97
5506,0002,ITAU,MARIA,DEPOSITO,2022-02-24T16:28:26,3822.51
1488,0007,SANTANDER,LUCAS,SAQUE,2022-02-15T06:28:40,1780.32
2824,0001,SANTANDER,JOAO,DEPOSITO,2022-02-26T19:23:32,1186.89
1434,0010,BANCO DO BRASIL,PAULA,SAQUE,2022-02-22T14:31:59,1374.46
7912,0006,SANTANDER,CARLOS,DEPOSITO,2022-02-27T07:44:53,667.54
2424,0005,BANCO DO BRASIL,ANA,DEPOSITO,2022-02-20T07:51:47,4901.95
1434,0010,BANCO DO BRASIL,PAULA,DEPOSITO,2022-02-20T22:17:28,1097.41
2824,0001,SANTANDER,JOAO,SAQUE,2022-02-06T14:09:06,4303.5
7912,0006,SANTANDER,CARLOS,SAQUE,2022-02-05T17:05:57,3403.25
1488,0007,SANTANDER,LUCAS,SAQUE,2022-02-19T14:11:31,2577.83
1434,0010,BANCO DO BRASIL,PAULA,SAQUE,2022-02-22T11:41:30,798.08
4657,0003,ITAU,FELIPE,DEPOSITO,2022-02-03T11:18:37,2119.38
4657,0003,ITAU,FELIPE,DEPOSITO,2022-02-13T03:58:22,3005.77
4582,0008,ITAU,BRUNA,DEPOSITO,2022-02-17T12:20:22,509.43
4657,0003,ITAU,FELIPE,SAQUE,2022-02-19T01:55:19,1895.13
9279,0009,BANCO DO BRASIL,MARCOS,DEPOSITO,2022-02-03T05:51:25,3894.4
5506,0002,ITAU,MARIA,SAQUE,2022-02-11T13:25:02,2899.78
1488,0007,SANTANDER,LUCAS,DEPOSITO,2022-02-28T23:10:45,1653.22
5506,0002,ITAU,MARIA,SAQUE,2022-02-21T01:28:40,588.09
4657,0003,ITAU,FELIPE,SAQUE,2022-02-24T02:33:21,4214.42
5506,0002,ITAU,MARIA,SAQUE,2022-02-02T06:11:55,3868.63
4582,0008,ITAU,BRUNA,SAQUE,2022-02-24T21:17:20,346.35
5506,0002,ITAU,MARIA,SAQUE,2022-02-12T02:06:37,3706.49
4582,0008,ITAU,BRUNA,DEPOSITO,2022-02-10T20:39:38,1859.82
5506,0002,ITAU,MARIA,SAQUE,2022-02-19T11:21:16,4441.44
1434,0010,BANCO DO BRASIL,PAULA,DEPOSITO,2022-02-25T15:07:07,4845.64
4657,0003,ITAU,FELIPE,DEPOSITO,2022-02-25T03:38:48,889.86
9279,0009,BANCO DO BRASIL,MARCOS,DEPOSITO,2022-02-16T05:28:53,4547.06
4582,0008,ITAU,BRUNA,DEPOSITO,2022-02-12T23:04:21,3487.98
2424,0005,BANCO DO BRASIL,ANA,SAQUE,2022-02-14T19:44:46,728.17
1488,0007,SANTANDER,LUCAS,SAQUE,2022-02-05T23:20:10,524.98
2679,0004,BANCO DO BRASIL,JULIA,SAQUE,2022-02-04T16:01:56,1326.63
4657,0003,ITAU,FELIPE,SAQUE,2022-02-09T04:32:59,1442.29
9279,0009,BANCO DO BRASIL,MARCOS,SAQUE,2022-02-02T13:21:05,4134.11
1434,0010,BANCO DO BRASIL,PAULA,DEPOSITO,2022-02-22T15:29:24,103.64
4582,0008,ITAU,BRUNA,SAQUE,2022-02-01T15:55:12,1733.4
5506,0002,ITAU,MARIA,SAQUE,2022-02-16T15:49:59,4621.06
2824,0001,SANTANDER,JOAO,SAQUE,2022-02-22T22:18:49,1032.4
2679,0004,BANCO DO BRASIL,JULIA,SAQUE,2022-02-27T05:42:17,2894.64
5506,0002,ITAU,MARIA,SAQUE,2022-02-27T21:44:31,1347.2
2679,0004,BANCO DO BRASIL,JULIA,DEPOSITO,2022-02-22T03:16:42,473.32
1434,0010,BANCO DO BRASIL,PAULA,SAQUE,2022-02-12T03:15:07,611.1
1434,0010,BANCO DO BRASIL,PAULA,DEPOSITO,2022-02-09T04:58:09,1832.43
7912,0006,SANTANDER,CARLOS,SAQUE,2022-02-08T20:10:30,2649.79
5506,0002,ITAU,MARIA,DEPOSITO,2022-02-05T01:09:07,2385.42
5506,0002,ITAU,MARIA,SAQUE,2022-02-28T22:17:33,296.48
9279,0009,BANCO DO BRASIL,MARCOS,DEPOSITO,2022-02-10T04:55:50,3767.59
9279,0009,BANCO DO BRASIL,MARCOS,SAQUE,2022-02-18T21:36:14,391.9
2679,0004,BANCO DO BRASIL,JULIA,DEPOSITO,2022-02-02T20:28:58,3954.73
2424,0005,BANCO DO BRASIL,ANA,SAQUE,2022-02-07T23:01:49,2740.15
4582,0008,ITAU,BRUNA,SAQUE,2022-02-15T23:15:27,3926.53
1488,0007,SANTANDER,LUCAS,DEPOSITO,2022-02-21T22:15:16,529.32
5506,0002,ITAU,MARIA,DEPOSITO,2022-02-03T07:16:02,4068.32
7912,0006,SANTANDER,CARLOS,DEPOSITO,2022-02-05T20:45:01,943.69
5506,0002,ITAU,MARIA,SAQUE,2022-02-12T21:06:41,4412.02
5506,0002,ITAU,MARIA,SAQUE,2022-02-16T15:17:45,1137.04
7912,0006,SANTANDER,CARLOS,SAQUE,2022-02-28T11:27:18,964.42
2824,0001,SANTANDER,JOAO,DEPOSITO,2022-02-22T07:24:49,2078.48
1434,0010,BANCO DO BRASIL,PAULA,SAQUE,2022-02-22T06:46:13,3794.88
1434,0010,BANCO DO BRASIL,PAULA,DEPOSITO,2022-02-13T23:35:14,4689.78
5506,0002,ITAU,MARIA,SAQUE,2022-02-11T08:22:01,4326.1
2679,0004,BANCO DO BRASIL,JULIA,DEPOSITO,2022-02-12T09:04:40,1985.54
2424,0005,BANCO DO BRASIL,ANA,DEPOSITO,2022-02-13T12:09:28,611.37
7912,0006,SANTANDER,CARLOS,DEPOSITO,2022-02-12T11:11:54,4980.01
7912,0006,SANTANDER,CARLOS,SAQUE,2022-02-27T04:09:26,3104.01
2424,0005,BANCO DO BRASIL,ANA,DEPOSITO,2022-02-04T02:36:06,3591.66
4657,0003,ITAU,FELIPE,DEPOSITO,2022-02-11T09:01:07,473.17
9279,0009,BANCO DO BRASIL,MARCOS,SAQUE,2022-02-26T21:10:19,1819.65
4582,0008,ITAU,BRUNA,DEPOSITO,2022-02-16T08:19:42,763.28
5506,0002,ITAU,MARIA,DEPOSITO,2022-02-11T21:32:33,1057.4
2424,0005,BANCO DO BRASIL,ANA,DEPOSITO,2022-02-04T06:04:28,444.27
4657,0003,ITAU,FELIPE,SAQUE,2022-02-06T12:22:15,3309.99
9279,0009,BANCO DO BRASIL,MARCOS,DEPOSITO,2022-02-11T19:04:57,4094.35
7912,0006,SANTANDER,CARLOS,SAQUE,2022-02-06T01:38:47,4600.78
7912,0006,SANTANDER,CARLOS,SAQUE,2022-02-17T14:09:48,3477.27
2679,0004,BANCO DO BRASIL,JULIA,SAQUE,2022-02-02T14:10:56,418.72
2824,0001,SANTANDER,JOAO,SAQUE,2022-02-07T04:20:33,2704.98
9279,0009,BANCO DO BRASIL,MARCOS,SAQUE,2022-02-05T12:54:11,25.67
5506,0002,ITAU,MARIA,DEPOSITO,2022-02-18T19:39:25,3346.65
7912,0006,SANTANDER,CARLOS,DEPOSITO,2022-02-16T07:22:50,2298.09
9279,0009,BANCO DO BRASIL,MARCOS,DEPOSITO,2022-02-20T11:32:15,1280.27
1434,0010,BANCO DO BRASIL,PAULA,SAQUE,2022-02-03T13:33:12,2594.59
7912,0006,SANTANDER,CARLOS,DEPOSITO,2022-02-21T08:09:35,360.33
1434,0010,BANCO DO BRASIL,PAULA,SAQUE,2022-02-03T03:27:44,2385.3
2824,0001,SANTANDER,JOAO,SAQUE,2022-02-02T18:47:53,948.49
1434,0010,BANCO DO BRASIL,PAULA,SAQUE,2022-02-09T00:49:50,1801.09
1434,0010,BANCO DO BRASIL,PAULA,DEPOSITO,2022-02-17T05:42:14,986.9
1488,0007,SANTANDER,LUCAS,SAQUE,2022-02-07T12:08:57,4193.21
2679,0004,BANCO DO BRASIL,JULIA,DEPOSITO,2022-02-27T05:48:03,1665.33
1488,0007,SANTANDER,LUCAS,SAQUE,2022-02-12T06:46:30,1076.76
2824,0001,SANTANDER,JOAO,DEPOSITO,2022-02-13T09:22:50,2918.67
2679,0004,BANCO DO BRASIL,JULIA,DEPOSITO,2022-02-24T22:53:05,2312.73
2824,0001,SANTANDER,JOAO,SAQUE,2022-02-14T14:39:29,4497.57
1488,0007,SANTANDER,LUCAS,DEPOSITO,2022-02-06T10:00:52,3060.77
1488,0007,SANTANDER,LUCAS,DEPOSITO,2022-02-16T01:17:07,4629.1
9279,0009,BANCO DO BRASIL,MARCOS,SAQUE,2022-02-25T00:57:11,730.33
1434,0010,BANCO DO BRASIL,PAULA,SAQUE,2022-02-05T19:36:55,4738.48
1434,0010,BANCO DO BRASIL,PAULA,SAQUE,2022-02-17T23:27:52,554.73
9279,0009,BANCO DO BRASIL,MARCOS,SAQUE,2022-02-01T20:52:25,3386.97
1488,0007,SANTANDER,LUCAS,DEPOSITO,2022-02-16T08:26:54,35.74
7912,0006,SANTANDER,CARLOS,DEPOSITO,2022-02-08T19:41:57,907.23
1434,0010,BANCO DO BRASIL,PAULA,SAQUE,2022-02-23T13:04:07,2212.48
4657,0003,ITAU,FELIPE,SAQUE,2022-02-07T10:15:37,1470.44
1488,0007,SANTANDER,LUCAS,SAQUE,2022-02-28T15:06:38,399.94
1488,0007,SANTANDER,LUCAS,DEPOSITO,2022-02-11T11:55:41,4849.48
2679,0004,BANCO DO BRASIL,JULIA,SAQUE,2022-02-05T01:55:18,2679.58
2679,0004,BANCO DO BRASIL,JULIA,SAQUE,2022-02-15T02:32:58,3436.19
9279,0009,BANCO DO BRASIL,MARCOS,DEPOSITO,2022-02-13T05:27:18,1921.64
4582,0008,ITAU,BRUNA,DEPOSITO,2022-02-05T09:06:17,3358.11
1434,0010,BANCO DO BRASIL,PAULA,SAQUE,2022-02-17T06:21:08,1429.96
2824,0001,SANTANDER,JOAO,DEPOSITO,2022-02-23T12:37:27,3284.39
1434,0010,BANCO DO BRASIL,PAULA,DEPOSITO,2022-02-13T04:48:08,2410.8
7912,0006,SANTANDER,CARLOS,SAQUE,2022-02-01T17:09:22,2866.49
9279,0009,BANCO DO BRASIL,MARCOS,SAQUE,2022-02-19T10:29:59,3420.71
9279,0009,BANCO DO BRASIL,MARCOS,DEPOSITO,2022-02-20T09:20:28,56.2
5506,0002,ITAU,MARIA,DEPOSITO,2022-02-21T02:05:08,4123.31
2679,0004,BANCO DO BRASIL,JULIA,DEPOSITO,2022-02-16T18:00:30,62.88
4582,0008,ITAU,BRUNA,DEPOSITO,2022-02-24T06:00:04,3453.49
2424,0005,BANCO DO BRASIL,ANA,DEPOSITO,2022-02-12T10:14:17,2345.13
5506,0002,ITAU,MARIA,SAQUE,2022-02-21T20:35:10,4518.67
4657,0003,ITAU,FELIPE,SAQUE,2022-02-23T09:17:57,3135.4
5506,0002,ITAU,MARIA,SAQUE,2022-02-01T11:16:08,4261.47
4657,0003,ITAU,FELIPE,SAQUE,2022-02-11T20:52:19,3149.58
9279,0009,BANCO DO BRASIL,MARCOS,DEPOSITO,2022-02-01T09:17:05,1850.91
2424,0005,BANCO DO BRASIL,ANA,SAQUE,2022-02-12T12:30:21,4588.08
1434,0010,BANCO DO BRASIL,PAULA,DEPOSITO,2022-02-10T02:03:45,591.71
1434,0010,BANCO DO BRASIL,PAULA,SAQUE,2022-02-17T18:56:21,4905.47
4582,0008,ITAU,BRUNA,SAQUE,2022-02-23T18:36:43,3148.32
7912,0006,SANTANDER,CARLOS,SAQUE,2022-02-17T12:20:21,4269.0
2824,0001,SANTANDER,JOAO,DEPOSITO,2022-02-21T05:47:07,1996.79
4657,0003,ITAU,FELIPE,DEPOSITO,2022-02-10T13:50:17,875.76
1488,0007,SANTANDER,LUCAS,DEPOSITO,2022-02-28T23:18:25,4209.22
4657,0003,ITAU,FELIPE,SAQUE,2022-02-08T19:52:31,1197.15
7912,0006,SANTANDER,CARLOS,DEPOSITO,2022-02-05T00:01:36,1865.5
1434,0010,BANCO DO BRASIL,PAULA,SAQUE,2022-02-09T12:27:59,3058.66
5506,0002,ITAU,MARIA,SAQUE,2022-02-22T00:26:45,3960.05
2679,0004,BANCO DO BRASIL,JULIA,SAQUE,2022-02-06T20:59:16,130.31
9279,0009,BANCO DO BRASIL,MARCOS,DEPOSITO,2022-02-18T02:03:33,1335.24
2424,0005,BANCO DO BRASIL,ANA,DEPOSITO,2022-02-22T11:51:46,4830.62
1488,0007,SANTANDER,LUCAS,DEPOSITO,2022-02-02T04:31:15,4368.08
1488,0007,SANTANDER,LUCAS,SAQUE,2022-02-08T08:54:49,1037.1
7912,0006,SANTANDER,CARLOS,SAQUE,2022-02-25T10:36:11,4139.5
5506,0002,ITAU,MARIA,DEPOSITO,2022-02-19T22:59:06,2207.19
1488,0007,SANTANDER,LUCAS,DEPOSITO,2022-02-08T13:25:26,1524.83
2824,0001,SANTANDER,JOAO,SAQUE,2022-02-10T19:45:45,4881.05
4657,0003,ITAU,FELIPE,DEPOSITO,2022-02-06T15:33:01,1511.98
1434,0010,BANCO DO BRASIL,PAULA,DEPOSITO,2022-02-08T21:35:56,2612.1
9279,0009,BANCO DO BRASIL,MARCOS,SAQUE,2022-02-12T11:32:53,269.68
9279,0009,BANCO DO BRASIL,MARCOS,SAQUE,2022-02-08T16:29:10,3423.93
2424,0005,BANCO DO BRASIL,ANA,SAQUE,2022-02-28T13:51:34,2821.19
9279,0009,BANCO DO BRASIL,MARCOS,SAQUE,2022-02-25T17:31:49,4007.82
2424,0005,BANCO DO BRASIL,ANA,DEPOSITO,2022-02-20T10:59:06,2956.77
4582,0008,ITAU,BRUNA,SAQUE,2022-02-16T01:53:12,1668.85
1488,0007,SANTANDER,LUCAS,SAQUE,2022-02-24T15:55:06,3797.66
1434,0010,BANCO DO BRASIL,PAULA,SAQUE,2022-02-19T08:53:45,3036.81
4657,0003,ITAU,FELIPE,SAQUE,2022-02-06T20:05:35,2261.94
4582,0008,ITAU,BRUNA,SAQUE,2022-02-06T04:38:04,3406.29
9279,0009,BANCO DO BRASIL,MARCOS,DEPOSITO,2022-02-04T06:54:38,3594.83
2679,0004,BANCO DO BRASIL,JULIA,DEPOSITO,2022-02-27T19:58:28,1929.6
4657,0003,ITAU,FELIPE,DEPOSITO,2022-02-20T17:21:29,2145.67
9279,0009,BANCO DO BRASIL,MARCOS,SAQUE,2022-02-07T21:01:50,4730.99
2424,0005,BANCO DO BRASIL,ANA,DEPOSITO,2022-02-02T02:57:29,709.95
1488,0007,SANTANDER,LUCAS,SAQUE,2022-02-26T22:05:00,1383.31
2679,0004,BANCO DO BRASIL,JULIA,DEPOSITO,2022-02-07T20:26:49,1494.84
1488,0007,SANTANDER,LUCAS,DEPOSITO,2022-02-08T14:57:34,4948.08
1488,0007,SANTANDER,LUCAS,DEPOSITO,2022-02-03T23:38:00,334.12
7912,0006,SANTANDER,CARLOS,DEPOSITO,2022-02-08T16:49:47,4619.59
7912,0006,SANTANDER,CARLOS,DEPOSITO,2022-02-01T13:17:27,4215.83
4582,0008,ITAU,BRUNA,SAQUE,2022-02-22T10:59:42,2989.04
9279,0009,BANCO DO BRASIL,MARCOS,DEPOSITO,2022-02-20T05:21:34,2739.22
1488,0007,SANTANDER,LUCAS,SAQUE,2022-02-05T05:39:13,1183.61
4657,0003,ITAU,FELIPE,SAQUE,2022-02-03T21:29:00,837.95
2424,0005,BANCO DO BRASIL,ANA,DEPOSITO,2022-02-26T13:55:21,3338.99
1488,0007,SANTANDER,LUCAS,DEPOSITO,2022-02-03T15:00:41,3509.99
7912,0006,SANTANDER,CARLOS,SAQUE,2022-02-11T13:00:17,3995.2
9279,0009,BANCO DO BRASIL,MARCOS,DEPOSITO,2022-02-03T10:30:31,2791.45
9279,0009,BANCO DO BRASIL,MARCOS,DEPOSITO,2022-02-20T07:44:35,1578.78
7912,0006,SANTANDER,CARLOS,SAQUE,2022-02-13T01:42:20,966.03
1434,0010,BANCO DO BRASIL,PAULA,SAQUE,2022-02-24T08:21:45,434.29
5506,0002,ITAU,MARIA,SAQUE,2022-02-26T03:36:17,1866.0
2679,0004,BANCO DO BRASIL,JULIA,SAQUE,2022-02-17T22:05:38,3543.34
2824,0001,SANTANDER,JOAO,DEPOSITO,2022-02-14T06:57:25,2807.19
2824,0001,SANTANDER,JOAO,DEPOSITO,2022-02-13T23:27:35,213.74
1488,0007,SANTANDER,LUCAS,SAQUE,2022-02-02T15:36:16,602.82
2824,0001,SANTANDER,JOAO,DEPOSITO,2022-02-24T11:14:05,4245.34
4582,0008,ITAU,BRUNA,SAQUE,2022-02-24T06:03:49,3772.21
9279,0009,BANCO DO BRASIL,MARCOS,SAQUE,2022-02-22T05:59:06,709.88
7912,0006,SANTANDER,CARLOS,DEPOSITO,2022-02-15T16:22:54,3642.25
4657,0003,ITAU,FELIPE,DEPOSITO,2022-02-16T08:57:24,1809.89
9279,0009,BANCO DO BRASIL,MARCOS,SAQUE,2022-02-28T22:08:31,2121.88
2679,0004,BANCO DO BRASIL,JULIA,DEPOSITO,2022-02-24T19:50:53,2246.39
1434,0010,BANCO DO BRASIL,PAULA,SAQUE,2022-02-25T03:05:22,4887.48
2424,0005,BANCO DO BRASIL,ANA,SAQUE,2022-02-16T07:10:31,1754.31
2424,0005,BANCO DO BRASIL,ANA,SAQUE,2022-02-11T13:05:53,3864.0
2824,0001,SANTANDER,JOAO,SAQUE,2022-02-03T04:58:00,4743.25
4657,0003,ITAU,FELIPE,DEPOSITO,2022-02-20T04:25:40,2402.82
1434,0010,BANCO DO BRASIL,PAULA,SAQUE,2022-02-18T23:33:17,1584.96
2824,0001,SANTANDER,JOAO,SAQUE,2022-02-23T23:45:56,3157.07
2824,0001,SANTANDER,JOAO,SAQUE,2022-02-25T08:17:20,1995.71
1488,0007,SANTANDER,LUCAS,SAQUE,2022-02-13T19:04:53,3942.05
1434,0010,BANCO DO BRASIL,PAULA,DEPOSITO,2022-02-13T09:01:42,4571.69
1434,0010,BANCO DO BRASIL,PAULA,SAQUE,2022-02-07T08:40:22,2817.99
2679,0004,BANCO DO BRASIL,JULIA,DEPOSITO,2022-02-06T16:15:19,923.39
1434,0010,BANCO DO BRASIL,PAULA,SAQUE,2022-02-07T16:23:03,1503.21
1434,0010,BANCO DO BRASIL,PAULA,DEPOSITO,2022-02-28T22:12:12,1896.04
5506,0002,ITAU,MARIA,SAQUE,2022-02-13T05:31:53,4795.58
2424,0005,BANCO DO BRASIL,ANA,SAQUE,2022-02-23T18:42:17,1725.8
7912,0006,SANTANDER,CARLOS,SAQUE,2022-02-14T06:26:56,3919.91
2824,0001,SANTANDER,JOAO,SAQUE,2022-02-13T17:01:22,3458.87
2679,0004,BANCO DO BRASIL,JULIA,DEPOSITO,2022-02-02T00:06:23,506.31
5506,0002,ITAU,MARIA,SAQUE,2022-02-28T19:50:25,638.65
4582,0008,ITAU,BRUNA,SAQUE,2022-02-07T12:33:45,2055.45
5506,0002,ITAU,MARIA,SAQUE,2022-02-23T09:39:09,1673.26
7912,0006,SANTANDER,CARLOS,DEPOSITO,2022-02-14T04:37:50,1580.37
2424,0005,BANCO DO BRASIL,ANA,DEPOSITO,2022-02-04T07:20:37,4733.27
5506,0002,ITAU,MARIA,SAQUE,2022-02-12T16:16:32,92.77
2679,0004,BANCO DO BRASIL,JULIA,DEPOSITO,2022-02-20T00:17:24,4151.05
1488,0007,SANTANDER,LUCAS,DEPOSITO,2022-02-28T09:00:31,2803.65
4657,0003,ITAU,FELIPE,DEPOSITO,2022-02-27T10:14:33,2202.42
4582,0008,ITAU,BRUNA,DEPOSITO,2022-02-05T16:26:04,3343.38
2824,0001,SANTANDER,JOAO,SAQUE,2022-02-01T23:09:09,1281.09
1488,0007,SANTANDER,LUCAS,SAQUE,2022-02-14T06:45:44,1995.37
4582,0008,ITAU,BRUNA,SAQUE,2022-02-07T03:04:07,345.49
1434,0010,BANCO DO BRASIL,PAULA,DEPOSITO,2022-02-18T21:25:30,574.69
7912,0006,SANTANDER,CARLOS,SAQUE,2022-02-05T16:03:39,228.84
5506,0002,ITAU,MARIA,SAQUE,2022-02-05T20:38:41,2318.87
1434,0010,BANCO DO BRASIL,PAULA,DEPOSITO,2022-02-18T15:12:22,4003.22
2424,0005,BANCO DO BRASIL,ANA,SAQUE,2022-02-23T20:24:13,1982.84
2424,0005,BANCO DO BRASIL,ANA,SAQUE,2022-02-16T20:33:12,2479.14
9279,0009,BANCO DO BRASIL,MARCOS,DEPOSITO,2022-02-01T10:27:51,1678.99
2424,0005,BANCO DO BRASIL,ANA,DEPOSITO,2022-02-22T00:25:22,1694.21
2424,0005,BANCO DO BRASIL,ANA,DEPOSITO,2022-02-19T17:30:49,3491.29
4582,0008,ITAU,BRUNA,SAQUE,2022-02-12T18:45:41,4995.37
9279,0009,BANCO DO BRASIL,MARCOS,DEPOSITO,2022-02-10T05:11:32,19.94
1488,0007,SANTANDER,LUCAS,SAQUE,2022-02-14T08:07:43,1342.6
1488,0007,SANTANDER,LUCAS,DEPOSITO,2022-02-07T18:54:50,1246.45
2679,0004,BANCO DO BRASIL,JULIA,DEPOSITO,2022-02-11T14:17:07,2343.76
1434,0010,BANCO DO BRASIL,PAULA,SAQUE,2022-02-06T11:19:29,4710.98
9279,0009,BANCO DO BRASIL,MARCOS,DEPOSITO,2022-02-08T05:31:42,3035.24
1488,0007,SANTANDER,LUCAS,DEPOSITO,2022-02-17T11:50:25,2555.86
9279,0009,BANCO DO BRASIL,MARCOS,DEPOSITO,2022-02-28T19:15:45,4660.93
1434,0010,BANCO DO BRASIL,PAULA,SAQUE,2022-02-26T07:32:04,1515.14
1488,0007,SANTANDER,LUCAS,DEPOSITO,2022-02-17T05:28:53,3087.93
4657,0003,ITAU,FELIPE,DEPOSITO,2022-02-23T19:48:16,2063.5
1488,0007,SANTANDER,LUCAS,DEPOSITO,2022-02-01T07:28:48,4935.26
7912,0006,SANTANDER,CARLOS,SAQUE,2022-02-28T11:27:18,964.42
1488,0007,SANTANDER,LUCAS,SAQUE,2022-02-05T06:02:55,3430.37
5506,0002,ITAU,MARIA,SAQUE,2022-02-01T18:55:26,4180.52
1488,0007,SANTANDER,LUCAS,DEPOSITO,2022-02-24T17:22:34,844.59
2679,0004,BANCO DO BRASIL,JULIA,SAQUE,2022-02-17T22:06:52,2034.28
1434,0010,BANCO DO BRASIL,PAULA,SAQUE,2022-02-13T21:49:01,2677.76
1488,0007,SANTANDER,LUCAS,DEPOSITO,2022-02-11T12:12:55,646.52
1434,0010,BANCO DO BRASIL,PAULA,SAQUE,2022-02-11T10:53:05,1609.88
1434,0010,BANCO DO BRASIL,PAULA,SAQUE,2022-02-12T20:44:10,4623.24
1434,0010,BANCO DO BRASIL,PAULA,SAQUE,2022-02-23T18:48:24,1692.01
2824,0001,SANTANDER,JOAO,SAQUE,2022-02-27T12:03:23,756.56
4582,0008,ITAU,BRUNA,DEPOSITO,2022-02-01T10:37:32,4908.95
2679,0004,BANCO DO BRASIL,JULIA,DEPOSITO,2022-02-28T01:28:13,1372.94
4657,0003,ITAU,FELIPE,SAQUE,2022-02-21T23:22:32,2930.27
1488,0007,SANTANDER,LUCAS,SAQUE,2022-02-15T19:34:08,3181.82
1488,0007,SANTANDER,LUCAS,DEPOSITO,2022-02-15T16:06:40,2508.23
4582,0008,ITAU,BRUNA,DEPOSITO,2022-02-12T18:32:11,1390.87
9279,0009,BANCO DO BRASIL,MARCOS,SAQUE,2022-02-02T06:46:31,1829.74
5506,0002,ITAU,MARIA,DEPOSITO,2022-02-08T13:51:53,558.11
1488,0007,SANTANDER,LUCAS,SAQUE,2022-02-17T14:08:35,941.04
2824,0001,SANTANDER,JOAO,SAQUE,2022-02-03T17:08:47,4548.62
1488,0007,SANTANDER,LUCAS,SAQUE,2022-02-15T17:55:19,3634.14
4657,0003,ITAU,FELIPE,DEPOSITO,2022-02-06T13:27:02,2009.22
2824,0001,SANTANDER,JOAO,DEPOSITO,2022-02-25T01:46:38,1124.99
2424,0005,BANCO DO BRASIL,ANA,SAQUE,2022-02-24T02:51:27,4589.03
2424,0005,BANCO DO BRASIL,ANA,SAQUE,2022-02-11T16:40:55,2792.21
5506,0002,ITAU,MARIA,DEPOSITO,2022-02-11T07:35:59,4926.99
1488,0007,SANTANDER,LUCAS,SAQUE,2022-02-22T01:52:48,793.95
2679,0004,BANCO DO BRASIL,JULIA,SAQUE,2022-02-24T15:59:11,1427.75
2424,0005,BANCO DO BRASIL,ANA,SAQUE,2022-02-13T21:17:26,200.9
9279,0009,BANCO DO BRASIL,MARCOS,DEPOSITO,2022-02-24T14:06:47,4362.39
7912,0006,SANTANDER,CARLOS,DEPOSITO,2022-02-11T19:26:29,1215.2
2424,0005,BANCO DO BRASIL,ANA,SAQUE,2022-02-12T19:11:56,4369.78
2824,0001,SANTANDER,JOAO,SAQUE,2022-02-03T07:55:40,4736.25
2424,0005,BANCO DO BRASIL,ANA,SAQUE,2022-02-06T13:34:14,4899.13
4582,0008,ITAU,BRUNA,DEPOSITO,2022-02-03T17:48:15,1712.19
4657,0003,ITAU,FELIPE,DEPOSITO,2022-02-21T20:04:16,487.46
2824,0001,SANTANDER,JOAO,DEPOSITO,2022-02-25T09:06:33,4204.68
2824,0001,SANTANDER,JOAO,SAQUE,2022-02-14T09:43:23,4561.3
4582,0008,ITAU,BRUNA,SAQUE,2022-02-10T11:53:14,2726.91
4582,0008,ITAU,BRUNA,DEPOSITO,2022-02-01T14:41:53,3278.72
2679,0004,BANCO DO BRASIL,JULIA,DEPOSITO,2022-02-24T17:37:31,4746.22
1488,0007,SANTANDER,LUCAS,SAQUE,2022-02-10T11:58:54,1333.78
4657,0003,ITAU,FELIPE,DEPOSITO,2022-02-24T05:08:16,2862.65
1434,0010,BANCO DO BRASIL,PAULA,DEPOSITO,2022-02-19T11:47:08,4973.19
4582,0008,ITAU,BRUNA,DEPOSITO,2022-02-26T01:35:44,1056.84
1488,0007,SANTANDER,LUCAS,DEPOSITO,2022-02-17T03:24:31,2817.98
2679,0004,BANCO DO BRASIL,JULIA,SAQUE,2022-02-20T20:02:27,3825.05
1488,0007,SANTANDER,LUCAS,SAQUE,2022-02-27T07:08:21,3085.32
4582,0008,ITAU,BRUNA,DEPOSITO,2022-02-14T03:59:43,4658.55
2824,0001,SANTANDER,JOAO,SAQUE,2022-02-26T04:01:32,1815.28
1488,0007,SANTANDER,LUCAS,DEPOSITO,2022-02-02T11:25:03,3834.56
2424,0005,BANCO DO BRASIL,ANA,SAQUE,2022-02-17T01:08:00,2336.99
2424,0005,BANCO DO BRASIL,ANA,SAQUE,2022-02-12T06:56:17,3590.13
9279,0009,BANCO DO BRASIL,MARCOS,DEPOSITO,2022-02-25T13:33:53,2679.39
7912,0006,SANTANDER,CARLOS,SAQUE,2022-02-23T18:45:00,181.37
4657,0003,ITAU,FELIPE,SAQUE,2022-02-05T18:07:13,2972.58
2424,0005,BANCO DO BRASIL,ANA,SAQUE,2022-02-07T19:39:23,3862.78
1488,0007,SANTANDER,LUCAS,SAQUE,2022-02-02T18:44:23,4501.67
4657,0003,ITAU,FELIPE,SAQUE,2022-02-24T22:06:38,2252.51
1434,0010,BANCO DO BRASIL,PAULA,SAQUE,2022-02-11T05:25:55,1079.79
1488,0007,SANTANDER,LUCAS,SAQUE,2022-02-27T08:10:02,2315.26
2424,0005,BANCO DO BRASIL,ANA,SAQUE,2022-02-03T08:51:59,2179.46
2424,0005,BANCO DO BRASIL,ANA,SAQUE,2022-02-21T15:15:41,3007.43
1488,0007,SANTANDER,LUCAS,DEPOSITO,2022-02-28T02:17:38,2361.51
2424,0005,BANCO DO BRASIL,ANA,DEPOSITO,2022-02-06T16:19:31,4016.68
2424,0005,BANCO DO BRASIL,ANA,DEPOSITO,2022-02-24T14:08:54,422.25
2824,0001,SANTANDER,JOAO,SAQUE,2022-02-16T14:10:39,547.23
1434,0010,BANCO DO BRASIL,PAULA,SAQUE,2022-02-26T00:36:37,300.98
4582,0008,ITAU,BRUNA,SAQUE,2022-02-06T18:54:19,1802.32
1488,0007,SANTANDER,LUCAS,DEPOSITO,2022-02-26T00:20:43,1646.35
5506,0002,ITAU,MARIA,DEPOSITO,2022-02-02T07:48:35,1000.04
1434,0010,BANCO DO BRASIL,PAULA,SAQUE,2022-02-04T07:53:11,3344.47
5506,0002,ITAU,MARIA,SAQUE,2022-02-11T08:33:48,2380.8
4657,0003,ITAU,FELIPE,DEPOSITO,2022-02-03T14:08:24,1902.76
9279,0009,BANCO DO BRASIL,MARCOS,DEPOSITO,2022-02-10T00:09:47,4415.83
2679,0004,BANCO DO BRASIL,JULIA,SAQUE,2022-02-04T07:41:46,1714.34
7912,0006,SANTANDER,CARLOS,DEPOSITO,2022-02-05T19:09:02,1366.34
5506,0002,ITAU,MARIA,SAQUE,2022-02-04T14:39:55,1552.46
9279,0009,BANCO DO BRASIL,MARCOS,SAQUE,2022-02-28T04:26:08,3059.02
2679,0004,BANCO DO BRASIL,JULIA,DEPOSITO,2022-02-03T01:23:36,220.46
5506,0002,ITAU,MARIA,DEPOSITO,2022-02-21T23:35:57,3989.73
2824,0001,SANTANDER,JOAO,SAQUE,2022-02-24T16:08:39,1166.43
2424,0005,BANCO DO BRASIL,ANA,DEPOSITO,2022-02-18T03:42:14,455.25
4582,0008,ITAU,BRUNA,DEPOSITO,2022-02-05T07:28:46,385.56
2679,0004,BANCO DO BRASIL,JULIA,DEPOSITO,2022-02-27T02:47:10,3059.64
4582,0008,ITAU,BRUNA,DEPOSITO,2022-02-01T05:30:46,291.97
9279,0009,BANCO DO BRASIL,MARCOS,DEPOSITO,2022-02-15T21:56:29,2184.84
1434,0010,BANCO DO BRASIL,PAULA,SAQUE,2022-02-12T18:44:44,3509.47
5506,0002,ITAU,MARIA,SAQUE,2022-02-24T02:13:05,2327.52
9279,0009,BANCO DO BRASIL,MARCOS,DEPOSITO,2022-02-11T20:05:24,3331.0
1434,0010,BANCO DO BRASIL,PAULA,SAQUE,2022-02-23T16:54:33,3028.73
2824,0001,SANTANDER,JOAO,SAQUE,2022-02-05T09:05:13,761.91
1488,0007,SANTANDER,LUCAS,SAQUE,2022-02-13T05:43:51,25.26
4657,0003,ITAU,FELIPE,DEPOSITO,2022-02-06T09:32:31,3883.1
1488,0007,SANTANDER,LUCAS,SAQUE,2022-02-09T19:54:37,3119.83
2679,0004,BANCO DO BRASIL,JULIA,DEPOSITO,2022-02-22T19:07:40,4495.36
1434,0010,BANCO DO BRASIL,PAULA,SAQUE,2022-02-24T14:51:30,2811.02
7912,0006,SANTANDER,CARLOS,DEPOSITO,2022-02-10T01:14:01,4411.48
2424,0005,BANCO DO BRASIL,ANA,SAQUE,2022-02-16T19:02:55,3688.1
5506,0002,ITAU,MARIA,DEPOSITO,2022-02-23T14:44:06,3403.74
2824,0001,SANTANDER,JOAO,SAQUE,2022-02-18T06:12:04,863.88
7912,0006,SANTANDER,CARLOS,DEPOSITO,2022-02-13T14:34:23,943.89
5506,0002,ITAU,MARIA,DEPOSITO,2022-02-03T13:19:44,4988.5
9279,0009,BANCO DO BRASIL,MARCOS,SAQUE,2022-02-01T00:23:59,2517.64
4657,0003,ITAU,FELIPE,SAQUE,2022-02-13T11:24:08,3496.76
2679,0004,BANCO DO BRASIL,JULIA,DEPOSITO,2022-02-17T23:04:39,1405.49
9279,0009,BANCO DO BRASIL,MARCOS,DEPOSITO,2022-02-24T00:34:46,1010.33
7912,0006,SANTANDER,CARLOS,DEPOSITO,2022-02-15T07:20:20,4561.22
4582,0008,ITAU,BRUNA,DEPOSITO,2022-02-01T09:09:52,4549.85
4657,0003,ITAU,FELIPE,DEPOSITO,2022-02-04T17:13:55,4782.4
7912,0006,SANTANDER,CARLOS,DEPOSITO,2022-02-28T14:10:32,1234.28
7912,0006,SANTANDER,CARLOS,SAQUE,2022-02-24T05:47:03,2679.54
1434,0010,BANCO DO BRASIL,PAULA,SAQUE,2022-02-05T00:16:26,3442.9
4582,0008,ITAU,BRUNA,SAQUE,2022-02-01T12:01:26,2349.72
2679,0004,BANCO DO BRASIL,JULIA,DEPOSITO,2022-02-18T17:45:30,3366.48
4582,0008,ITAU,BRUNA,DEPOSITO,2022-02-26T16:15:38,49.04
5506,0002,ITAU,MARIA,DEPOSITO,2022-02-25T07:47:48,1016.55
4582,0008,ITAU,BRUNA,SAQUE,2022-02-20T15:54:52,3152.5
5506,0002,ITAU,MARIA,DEPOSITO,2022-02-04T05:32:53,283.15
7912,0006,SANTANDER,CARLOS,DEPOSITO,2022-02-06T10:30:23,2753.2
9279,0009,BANCO DO BRASIL,MARCOS,SAQUE,2022-02-16T14:44:17,1854.14
1488,0007,SANTANDER,LUCAS,SAQUE,2022-02-24T02:52:30,1081.77
9279,0009,BANCO DO BRASIL,MARCOS,SAQUE,2022-02-28T05:28:49,1632.0
1488,0007,SANTANDER,LUCAS,SAQUE,2022-02-15T19:01:48,2448.76
9279,0009,BANCO DO BRASIL,MARCOS,SAQUE,2022-02-19T23:06:12,3454.83
7912,0006,SANTANDER,CARLOS,DEPOSITO,2022-02-22T23:05:47,2436.27
1434,0010,BANCO DO BRASIL,PAULA,SAQUE,2022-02-13T00:33:42,2041.34
1434,0010,BANCO DO BRASIL,PAULA,SAQUE,2022-02-01T13:34:02,3220.56
2424,0005,BANCO DO BRASIL,ANA,DEPOSITO,2022-02-08T03:25:45,3256.86
1434,0010,BANCO DO BRASIL,PAULA,DEPOSITO,2022-02-18T02:24:00,2677.95
1488,0007,SANTANDER,LUCAS,DEPOSITO,2022-02-22T11:42:23,2989.54
2824,0001,SANTANDER,JOAO,SAQUE,2022-02-07T21:54:37,1459.98
1434,0010,BANCO DO BRASIL,PAULA,DEPOSITO,2022-02-20T21:35:20,1326.33
1488,0007,SANTANDER,LUCAS,DEPOSITO,2022-02-25T15:33:26,1343.19
1488,0007,SANTANDER,LUCAS,SAQUE,2022-02-15T04:25:10,4257.49
4582,0008,ITAU,BRUNA,SAQUE,2022-02-03T04:49:18,3079.55
7912,0006,SANTANDER,CARLOS,DEPOSITO,2022-02-28T00:29:44,1097.03
1488,0007,SANTANDER,LUCAS,SAQUE,2022-02-06T14:39:51,2195.38
1434,0010,BANCO DO BRASIL,PAULA,DEPOSITO,2022-02-23T11:09:05,2664.58
1434,0010,BANCO DO BRASIL,PAULA,DEPOSITO,2022-02-12T02:29:33,3572.0
4657,0003,ITAU,FELIPE,DEPOSITO,2022-02-14T14:03:15,2235.6
7912,0006,SANTANDER,CARLOS,DEPOSITO,2022-02-08T11:47:44,2944.06
2679,0004,BANCO DO BRASIL,JULIA,SAQUE,2022-02-18T11:47:58,4861.87
2679,0004,BANCO DO BRASIL,JULIA,DEPOSITO,2022-02-28T21:07:33,4194.83
1434,0010,BANCO DO BRASIL,PAULA,DEPOSITO,2022-02-24T16:23:29,88.5
9279,0009,BANCO DO BRASIL,MARCOS,SAQUE,2022-02-16T01:36:59,1970.3
2424,0005,BANCO DO BRASIL,ANA,SAQUE,2022-02-12T02:22:59,685.0
2424,0005,BANCO DO BRASIL,ANA,SAQUE,2022-02-23T06:12:48,794.85
4657,0003,ITAU,FELIPE,SAQUE,2022-02-15T03:49:37,1312.34
9279,0009,BANCO DO BRASIL,MARCOS,SAQUE,2022-02-12T10:11:07,4345.45
4657,0003,ITAU,FELIPE,DEPOSITO,2022-02-01T10:39:39,2662.2
2824,0001,SANTANDER,JOAO,DEPOSITO,2022-02-06T08:44:27,4953.16
2824,0001,SANTANDER,JOAO,SAQUE,2022-02-27T14:27:04,783.51
5506,0002,ITAU,MARIA,DEPOSITO,2022-02-15T10:36:07,257.86
2824,0001,SANTANDER,JOAO,DEPOSITO,2022-02-14T21:17:52,3106.01
2824,0001,SANTANDER,JOAO,DEPOSITO,2022-02-06T04:20:56,3716.64
4657,0003,ITAU,FELIPE,SAQUE,2022-02-24T20:50:04,3434.73
4582,0008,ITAU,BRUNA,DEPOSITO,2022-02-13T00:59:44,44.08
2679,0004,BANCO DO BRASIL,JULIA,SAQUE,2022-02-26T05:54:26,4382.41
1434,0010,BANCO DO BRASIL,PAULA,SAQUE,2022-02-06T07:20:55,230.22
1488,0007,SANTANDER,LUCAS,DEPOSITO,2022-02-11T14:26:28,3546.47
4657,0003,ITAU,FELIPE,DEPOSITO,2022-02-06T06:35:11,2718.72
2679,0004,BANCO DO BRASIL,JULIA,DEPOSITO,2022-02-13T07:15:43,3004.65
4582,0008,ITAU,BRUNA,SAQUE,2022-02-09T03:15:10,1055.94
1488,0007,SANTANDER,LUCAS,DEPOSITO,2022-02-21T11:09:31,1268.83
4582,0008,ITAU,BRUNA,DEPOSITO,2022-02-06T00:37:45,748.42
5506,0002,ITAU,MARIA,SAQUE,2022-02-02T22:32:36,1853.91
1488,0007,SANTANDER,LUCAS,SAQUE,2022-02-16T04:17:13,3343.7
1434,0010,BANCO DO BRASIL,PAULA,DEPOSITO,2022-02-02T11:57:42,4164.69
2424,0005,BANCO DO BRASIL,ANA,DEPOSITO,2022-02-26T02:19:00,1571.92
2424,0005,BANCO DO BRASIL,ANA,DEPOSITO,2022-02-05T19:02:43,1607.01
1488,0007,SANTANDER,LUCAS,SAQUE,2022-02-05T01:08:46,3720.76
9279,0009,BANCO DO BRASIL,MARCOS,SAQUE,2022-02-14T10:09:49,82.32
1488,0007,SANTANDER,LUCAS,DEPOSITO,2022-02-07T17:16:19,638.19
2424,0005,BANCO DO BRASIL,ANA,DEPOSITO,2022-02-14T23:50:49,332.44
2424,0005,BANCO DO BRASIL,ANA,SAQUE,2022-02-08T08:04:47,3763.65
4657,0003,ITAU,FELIPE,SAQUE,2022-02-01T12:39:41,1987.99
4582,0008,ITAU,BRUNA,SAQUE,2022-02-06T17:47:39,3078.54
1434,0010,BANCO DO BRASIL,PAULA,DEPOSITO,2022-02-07T20:50:00,1183.41
9279,0009,BANCO DO BRASIL,MARCOS,DEPOSITO,2022-02-15T05:32:51,1433.72
1488,0007,SANTANDER,LUCAS,DEPOSITO,2022-02-03T17:22:43,3187.37
1434,0010,BANCO DO BRASIL,PAULA,SAQUE,2022-02-08T04:03:34,547.3
1488,0007,SANTANDER,LUCAS,DEPOSITO,2022-02-07T08:57:36,1801.63
5506,0002,ITAU,MARIA,DEPOSITO,2022-02-17T01:41:01,482.63
2424,0005,BANCO DO BRASIL,ANA,SAQUE,2022-02-19T05:58:22,4274.14
1488,0007,SANTANDER,LUCAS,DEPOSITO,2022-02-20T07:25:16,535.72
1434,0010,BANCO DO BRASIL,PAULA,DEPOSITO,2022-02-22T20:01:52,2699.19
1434,0010,BANCO DO BRASIL,PAULA,SAQUE,2022-02-22T19:05:08,3933.66
7912,0006,SANTANDER,CARLOS,DEPOSITO,2022-02-04T05:08:37,4848.37
7912,0006,SANTANDER,CARLOS,DEPOSITO,2022-02-17T17:20:56,4575.68
5506,0002,ITAU,MARIA,SAQUE,2022-02-24T10:15:20,1389.05
4657,0003,ITAU,FELIPE,SAQUE,2022-02-08T16:42:43,614.05
4582,0008,ITAU,BRUNA,SAQUE,2022-02-20T23:47:32,4438.47
7912,0006,SANTANDER,CARLOS,DEPOSITO,2022-02-06T05:05:46,1284.25
5506,0002,ITAU,MARIA,SAQUE,2022-02-20T22:31:20,627.97
1434,0010,BANCO DO BRASIL,PAULA,SAQUE,2022-02-23T00:23:18,2144.65
7912,0006,SANTANDER,CARLOS,DEPOSITO,2022-02-24T18:38:59,4001.95
7912,0006,SANTANDER,CARLOS,DEPOSITO,2022-02-28T21:21:48,4345.16
1434,0010,BANCO DO BRASIL,PAULA,DEPOSITO,2022-02-11T22:10:18,4577.6
2424,0005,BANCO DO BRASIL,ANA,DEPOSITO,2022-02-06T21:59:37,2871.65
1488,0007,SANTANDER,LUCAS,SAQUE,2022-02-14T06:07:19,2537.77
4582,0008,ITAU,BRUNA,DEPOSITO,2022-02-21T01:30:19,757.03
2424,0005,BANCO DO BRASIL,ANA,DEPOSITO,2022-02-17T09:35:33,3908.93
2824,0001,SANTANDER,JOAO,SAQUE,2022-02-03T06:00:35,4253.18
9279,0009,BANCO DO BRASIL,MARCOS,DEPOSITO,2022-02-21T07:21:40,3520.93
7912,0006,SANTANDER,CARLOS,SAQUE,2022-02-04T06:10:42,3055.19
1488,0007,SANTANDER,LUCAS,SAQUE,2022-02-27T17:51:15,1602.12
9279,0009,BANCO DO BRASIL,MARCOS,DEPOSITO,2022-02-02T08:08:17,3974.33
2824,0001,SANTANDER,JOAO,DEPOSITO,2022-02-17T06:45:28,2900.61
1488,0007,SANTANDER,LUCAS,SAQUE,2022-02-07T10:09:20,3509.14
2424,0005,BANCO DO BRASIL,ANA,SAQUE,2022-02-05T09:17:58,2175.52
4657,0003,ITAU,FELIPE,DEPOSITO,2022-02-11T02:13:05,519.02
5506,0002,ITAU,MARIA,SAQUE,2022-02-15T14:20:13,4665.79
9279,0009,BANCO DO BRASIL,MARCOS,SAQUE,2022-02-15T02:38:05,3361.71
4582,0008,ITAU,BRUNA,SAQUE,2022-02-24T16:57:16,856.2
4582,0008,ITAU,BRUNA,SAQUE,2022-02-09T02:45:39,4861.1
9279,0009,BANCO DO BRASIL,MARCOS,DEPOSITO,2022-02-15T08:59:19,34.64
9279,0009,BANCO DO BRASIL,MARCOS,DEPOSITO,2022-02-02T11:02:59,1965.57
4657,0003,ITAU,FELIPE,SAQUE,2022-02-19T04:30:01,940.14
4657,0003,ITAU,FELIPE,DEPOSITO,2022-02-19T21:18:41,2442.4
2824,0001,SANTANDER,JOAO,DEPOSITO,2022-02-17T16:04:58,420.11
4657,0003,ITAU,FELIPE,DEPOSITO,2022-02-02T21:28:51,4389.99
4657,0003,ITAU,FELIPE,DEPOSITO,2022-02-20T14:43:25,2598.22
4657,0003,ITAU,FELIPE,SAQUE,2022-02-28T16:49:06,702.33
1488,0007,SANTANDER,LUCAS,DEPOSITO,2022-02-06T21:37:57,2408.65
2824,0001,SANTANDER,JOAO,DEPOSITO,2022-02-18T09:17:43,3624.75
5506,0002,ITAU,MARIA,SAQUE,2022-02-28T04:36:58,1972.3
4582,0008,ITAU,BRUNA,DEPOSITO,2022-02-22T19:12:35,753.42
2824,0001,SANTANDER,JOAO,DEPOSITO,2022-02-08T03:25:12,2336.92
7912,0006,SANTANDER,CARLOS,DEPOSITO,2022-02-11T21:10:44,2656.27
2824,0001,SANTANDER,JOAO,DEPOSITO,2022-02-15T11:54:32,3769.84
1488,0007,SANTANDER,LUCAS,SAQUE,2022-02-04T05:33:26,1462.53
7912,0006,SANTANDER,CARLOS,SAQUE,2022-02-26T12:37:36,931.98
2824,0001,SANTANDER,JOAO,DEPOSITO,2022-02-02T08:38:37,4631.03
1488,0007,SANTANDER,LUCAS,SAQUE,2022-02-20T04:51:38,1637.97
2824,0001,SANTANDER,JOAO,SAQUE,2022-02-15T18:36:37,4979.68
2824,0001,SANTANDER,JOAO,SAQUE,2022-02-17T15:24:11,4968.76
7912,0006,SANTANDER,CARLOS,SAQUE,2022-02-14T19:15:25,2091.98
1434,0010,BANCO DO BRASIL,PAULA,SAQUE,2022-02-13T13:23:03,4911.06
1434,0010,BANCO DO BRASIL,PAULA,DEPOSITO,2022-02-12T01:28:01,2986.89
1488,0007,SANTANDER,LUCAS,SAQUE,2022-02-20T13:40:03,4521.82
1488,0007,SANTANDER,LUCAS,DEPOSITO,2022-02-09T16:31:49,3526.34
1434,0010,BANCO DO BRASIL,PAULA,SAQUE,2022-02-03T20:59:56,3778.3
9279,0009,BANCO DO BRASIL,MARCOS,DEPOSITO,2022-02-08T23:46:42,1298.69
5506,0002,ITAU,MARIA,SAQUE,2022-02-08T20:37:34,4953.44
9279,0009,BANCO DO BRASIL,MARCOS,SAQUE,2022-02-19T04:33:26,703.36
2824,0001,SANTANDER,JOAO,DEPOSITO,2022-02-15T15:06:04,4082.16
7912,0006,SANTANDER,CARLOS,SAQUE,2022-02-04T00:22:48,3342.25
1434,0010,BANCO DO BRASIL,PAULA,SAQUE,2022-02-28T20:45:06,4522.22
2679,0004,BANCO DO BRASIL,JULIA,SAQUE,2022-02-26T21:01:34,4855.1
2679,0004,BANCO DO BRASIL,JULIA,DEPOSITO,2022-02-13T02:02:25,4631.38
5506,0002,ITAU,MARIA,SAQUE,2022-02-03T15:36:54,1982.51
1434,0010,BANCO DO BRASIL,PAULA,SAQUE,2022-02-28T22:59:58,4914.82
1488,0007,SANTANDER,LUCAS,DEPOSITO,2022-02-25T09:00:57,1698.87
2824,0001,SANTANDER,JOAO,DEPOSITO,2022-02-22T03:44:54,1318.03
2824,0001,SANTANDER,JOAO,SAQUE,2022-02-28T03:18:47,1852.97
4582,0008,ITAU,BRUNA,DEPOSITO,2022-02-12T06:27:57,1184.75
1488,0007,SANTANDER,LUCAS,SAQUE,2022-02-24T18:26:39,3760.52
4582,0008,ITAU,BRUNA,SAQUE,2022-02-14T11:00:04,1708.53
4582,0008,ITAU,BRUNA,SAQUE,2022-02-14T04:47:11,2098.15
1488,0007,SANTANDER,LUCAS,DEPOSITO,2022-02-09T13:59:30,4983.76
2824,0001,SANTANDER,JOAO,DEPOSITO,2022-02-12T10:14:39,2061.86
5506,0002,ITAU,MARIA,SAQUE,2022-02-26T21:39:12,4143.9
9279,0009,BANCO DO BRASIL,MARCOS,SAQUE,2022-02-06T11:21:58,2627.57
5506,0002,ITAU,MARIA,SAQUE,2022-02-02T13:21:39,748.05
4582,0008,ITAU,BRUNA,DEPOSITO,2022-02-18T15:29:40,482.78
2824,0001,SANTANDER,JOAO,SAQUE,2022-02-15T00:53:12,1375.26
2679,0004,BANCO DO BRASIL,JULIA,SAQUE,2022-02-10T04:19:11,4273.63
2679,0004,BANCO DO BRASIL,JULIA,DEPOSITO,2022-02-04T13:55:45,2184.77
7912,0006,SANTANDER,CARLOS,DEPOSITO,2022-02-05T15:42:08,4169.35
7912,0006,SANTANDER,CARLOS,DEPOSITO,2022-02-24T05:11:27,3362.09
5506,0002,ITAU,MARIA,DEPOSITO,2022-02-11T11:09:21,1589.48
7912,0006,SANTANDER,CARLOS,DEPOSITO,2022-02-20T15:12:09,4380.67
2424,0005,BANCO DO BRASIL,ANA,SAQUE,2022-02-17T11:49:43,4669.48
4657,0003,ITAU,FELIPE,DEPOSITO,2022-02-23T08:09:33,1886.55
2679,0004,BANCO DO BRASIL,JULIA,SAQUE,2022-02-03T13:14:39,4616.56
4582,0008,ITAU,BRUNA,DEPOSITO,2022-02-26T11:24:38,1078.38
1434,0010,BANCO DO BRASIL,PAULA,DEPOSITO,2022-02-09T16:27:56,244.32
5506,0002,ITAU,MARIA,SAQUE,2022-02-21T08:34:45,4858.78
7912,0006,SANTANDER,CARLOS,SAQUE,2022-02-07T18:47:39,913.71
1488,0007,SANTANDER,LUCAS,DEPOSITO,2022-02-06T12:41:20,4661.02
4657,0003,ITAU,FELIPE,SAQUE,2022-02-21T11:22:56,252.77
4657,0003,ITAU,FELIPE,SAQUE,2022-02-23T18:52:56,132.68
4657,0003,ITAU,FELIPE,DEPOSITO,2022-02-28T03:19:08,3816.96
2424,0005,BANCO DO BRASIL,ANA,DEPOSITO,2022-02-18T15:07:45,3155.08
4657,0003,ITAU,FELIPE,SAQUE,2022-02-13T15:49:25,2771.02
1488,0007,SANTANDER,LUCAS,DEPOSITO,2022-02-23T13:11:23,3254.33
4582,0008,ITAU,BRUNA,SAQUE,2022-02-03T16:27:39,4299.32
1488,0007,SANTANDER,LUCAS,DEPOSITO,2022-02-17T08:15:30,2368.36
1434,0010,BANCO DO BRASIL,PAULA,SAQUE,2022-02-21T11:36:52,1259.69
4582,0008,ITAU,BRUNA,SAQUE,2022-02-20T06:11:52,2007.07
4582,0008,ITAU,BRUNA,DEPOSITO,2022-02-21T12:50:21,3485.99
7912,0006,SANTANDER,CARLOS,DEPOSITO,2022-02-18T15:45:09,3985.05
7912,0006,SANTANDER,CARLOS,SAQUE,2022-02-03T10:53:01,1413.97
2679,0004,BANCO DO BRASIL,JULIA,DEPOSITO,2022-02-27T16:55:38,2334.22
2424,0005,BANCO DO BRASIL,ANA,DEPOSITO,2022-02-18T00:31:06,4549.74
5506,0002,ITAU,MARIA,SAQUE,2022-02-23T23:18:05,2746.68
1434,0010,BANCO DO BRASIL,PAULA,DEPOSITO,2022-02-10T14:50:44,3021.25
2424,0005,BANCO DO BRASIL,ANA,DEPOSITO,2022-02-19T09:47:15,2193.3
7912,0006,SANTANDER,CARLOS,DEPOSITO,2022-02-17T06:08:04,1786.51
1488,0007,SANTANDER,LUCAS,SAQUE,2022-02-24T07:46:28,1679.98
1434,0010,BANCO DO BRASIL,PAULA,DEPOSITO,2022-02-12T10:38:03,1810.2
5506,0002,ITAU,MARIA,SAQUE,2022-02-13T10:08:09,3225.24
7912,0006,SANTANDER,CARLOS,SAQUE,2022-02-09T11:33:26,4141.46
7912,0006,SANTANDER,CARLOS,SAQUE,2022-02-21T00:46:38,4529.08
4582,0008,ITAU,BRUNA,DEPOSITO,2022-02-12T05:56:35,4737.77
2424,0005,BANCO DO BRASIL,ANA,SAQUE,2022-02-13T01:30:57,1698.13
2824,0001,SANTANDER,JOAO,DEPOSITO,2022-02-18T11:36:31,3222.8
2824,0001,SANTANDER,JOAO,SAQUE,2022-02-18T18:53:55,1750.9
4657,0003,ITAU,FELIPE,SAQUE,2022-02-16T19:09:30,720.8
5506,0002,ITAU,MARIA,SAQUE,2022-02-10T00:22:21,4140.01
5506,0002,ITAU,MARIA,SAQUE,2022-02-02T21:05:16,2283.1
4657,0003,ITAU,FELIPE,DEPOSITO,2022-02-28T06:10:19,3323.3
4657,0003,ITAU,FELIPE,SAQUE,2022-02-15T02:06:13,2621.02
2679,0004,BANCO DO BRASIL,JULIA,DEPOSITO,2022-02-18T10:17:02,2752.98
1488,0007,SANTANDER,LUCAS,DEPOSITO,2022-02-15T20:03:59,4997.29
9279,0009,BANCO DO BRASIL,MARCOS,SAQUE,2022-02-06T21:58:36,90.54
1488,0007,SANTANDER,LUCAS,DEPOSITO,2022-02-12T22:06:11,4307.87
2424,0005,BANCO DO BRASIL,ANA,DEPOSITO,2022-02-25T22:00:57,110.06
2824,0001,SANTANDER,JOAO,DEPOSITO,2022-02-13T13:58:33,2366.7
1488,0007,SANTANDER,LUCAS,SAQUE,2022-02-03T12:07:29,4727.32
7912,0006,SANTANDER,CARLOS,DEPOSITO,2022-02-11T08:24:21,4548.63
5506,0002,ITAU,MARIA,DEPOSITO,2022-02-25T11:56:51,4022.59
5506,0002,ITAU,MARIA,SAQUE,2022-02-01T19:08:17,3085.14
9279,0009,BANCO DO BRASIL,MARCOS,DEPOSITO,2022-02-04T05:55:18,3104.24
2824,0001,SANTANDER,JOAO,SAQUE,2022-02-15T10:12:04,1240.16
2824,0001,SANTANDER,JOAO,DEPOSITO,2022-02-21T20:53:57,2836.53
7912,0006,SANTANDER,CARLOS,DEPOSITO,2022-02-07T00:36:10,1531.36
4657,0003,ITAU,FELIPE,DEPOSITO,2022-02-02T14:28:03,4856.17
2679,0004,BANCO DO BRASIL,JULIA,DEPOSITO,2022-02-16T14:11:14,1434.22
1488,0007,SANTANDER,LUCAS,SAQUE,2022-02-26T09:18:36,4376.61
4582,0008,ITAU,BRUNA,DEPOSITO,2022-02-19T00:20:45,2213.4
2679,0004,BANCO DO BRASIL,JULIA,DEPOSITO,2022-02-10T14:37:08,3955.03
7912,0006,SANTANDER,CARLOS,DEPOSITO,2022-02-06T16:34:56,2702.49
4582,0008,ITAU,BRUNA,DEPOSITO,2022-02-04T06:42:20,4324.68
2424,0005,BANCO DO BRASIL,ANA,SAQUE,2022-02-05T04:12:04,3568.85
1434,0010,BANCO DO BRASIL,PAULA,DEPOSITO,2022-02-22T22:01:59,4947.98
5506,0002,ITAU,MARIA,DEPOSITO,2022-02-10T15:39:53,2395.06
2424,0005,BANCO DO BRASIL,ANA,DEPOSITO,2022-02-20T14:28:26,4729.62
4582,0008,ITAU,BRUNA,DEPOSITO,2022-02-05T13:26:34,3789.38
2679,0004,BANCO DO BRASIL,JULIA,SAQUE,2022-02-28T04:31:22,2401.82
4582,0008,ITAU,BRUNA,SAQUE,2022-02-13T19:58:16,3607.82
9279,0009,BANCO DO BRASIL,MARCOS,SAQUE,2022-02-04T02:03:01,2386.47
9279,0009,BANCO DO BRASIL,MARCOS,SAQUE,2022-02-01T23:29:33,4408.55
1434,0010,BANCO DO BRASIL,PAULA,SAQUE,2022-02-25T15:48:15,523.63
2824,0001,SANTANDER,JOAO,SAQUE,2022-02-06T07:54:51,624.12
2824,0001,SANTANDER,JOAO,DEPOSITO,2022-02-26T14:55:18,3055.9
1488,0007,SANTANDER,LUCAS,SAQUE,2022-02-15T12:12:33,3482.45
9279,0009,BANCO DO BRASIL,MARCOS,DEPOSITO,2022-02-27T09:11:15,4470.99
9279,0009,BANCO DO BRASIL,MARCOS,SAQUE,2022-02-08T08:30:55,4420.68
1434,0010,BANCO DO BRASIL,PAULA,DEPOSITO,2022-02-06T00:03:43,1551.56
1488,0007,SANTANDER,LUCAS,DEPOSITO,2022-02-23T12:18:37,3162.24
7912,0006,SANTANDER,CARLOS,SAQUE,2022-02-26T23:12:58,4336.1
2679,0004,BANCO DO BRASIL,JULIA,SAQUE,2022-02-27T14:24:24,803.51
5506,0002,ITAU,MARIA,SAQUE,2022-02-21T02:56:37,3947.08
4582,0008,ITAU,BRUNA,SAQUE,2022-02-09T03:45:19,559.74
4657,0003,ITAU,FELIPE,SAQUE,2022-02-24T17:05:25,45.14
1488,0007,SANTANDER,LUCAS,DEPOSITO,2022-02-11T12:19:45,4374.19
4657,0003,ITAU,FELIPE,SAQUE,2022-02-04T03:54:51,1993.72
1434,0010,BANCO DO BRASIL,PAULA,DEPOSITO,2022-02-05T01:09:00,2605.51
1434,0010,BANCO DO BRASIL,PAULA,DEPOSITO,2022-02-07T15:32:49,1874.17
2824,0001,SANTANDER,JOAO,DEPOSITO,2022-02-25T01:45:46,1332.18
2679,0004,BANCO DO BRASIL,JULIA,DEPOSITO,2022-02-19T11:03:45,1693.19
9279,0009,BANCO DO BRASIL,MARCOS,SAQUE,2022-02-09T11:40:23,384.86
2679,0004,BANCO DO BRASIL,JULIA,DEPOSITO,2022-02-10T03:41:36,3589.23
4657,0003,ITAU,FELIPE,SAQUE,2022-02-02T10:21:19,3250.54
4582,0008,ITAU,BRUNA,DEPOSITO,2022-02-02T09:00:43,4862.8
4582,0008,ITAU,BRUNA,SAQUE,2022-02-16T20:08:01,4257.9
9279,0009,BANCO DO BRASIL,MARCOS,SAQUE,2022-02-22T15:33:37,1764.07
1488,0007,SANTANDER,LUCAS,SAQUE,2022-02-20T05:54:08,2515.02
4657,0003,ITAU,FELIPE,SAQUE,2022-02-25T08:32:39,2730.83
2679,0004,BANCO DO BRASIL,JULIA,DEPOSITO,2022-02-28T04:36:32,354.87
5506,0002,ITAU,MARIA,DEPOSITO,2022-02-21T07:07:18,4871.49
1488,0007,SANTANDER,LUCAS,SAQUE,2022-02-13T00:44:40,1643.21
2824,0001,SANTANDER,JOAO,DEPOSITO,2022-02-06T13:22:17,196.72
4582,0008,ITAU,BRUNA,SAQUE,2022-02-06T13:31:52,2033.67
2424,0005,BANCO DO BRASIL,ANA,SAQUE,2022-02-18T02:29:01,1102.83
4657,0003,ITAU,FELIPE,DEPOSITO,2022-02-05T08:02:30,1119.05
1488,0007,SANTANDER,LUCAS,SAQUE,2022-02-07T02:00:58,4862.17
2424,0005,BANCO DO BRASIL,ANA,DEPOSITO,2022-02-27T13:57:23,911.2
2679,0004,BANCO DO BRASIL,JULIA,SAQUE,2022-02-04T00:47:48,4997.52
1434,0010,BANCO DO BRASIL,PAULA,DEPOSITO,2022-02-18T15:56:39,2536.34
2824,0001,SANTANDER,JOAO,DEPOSITO,2022-02-04T13:06:02,103.16
2424,0005,BANCO DO BRASIL,ANA,DEPOSITO,2022-02-04T05:13:38,108.2
1488,0007,SANTANDER,LUCAS,DEPOSITO,2022-02-05T22:13:19,4227.22
5506,0002,ITAU,MARIA,DEPOSITO,2022-02-15T11:25:07,4119.02
4657,0003,ITAU,FELIPE,SAQUE,2022-02-06T03:04:24,2817.79
9279,0009,BANCO DO BRASIL,MARCOS,SAQUE,2022-02-09T10:25:07,971.89
9279,0009,BANCO DO BRASIL,MARCOS,DEPOSITO,2022-02-06T23:15:36,2172.96
1434,0010,BANCO DO BRASIL,PAULA,SAQUE,2022-02-04T04:09:02,2944.94
5506,0002,ITAU,MARIA,SAQUE,2022-02-27T20:45:13,3008.99
1434,0010,BANCO DO BRASIL,PAULA,SAQUE,2022-02-01T15:14:47,4651.75
4582,0008,ITAU,BRUNA,SAQUE,2022-02-06T09:52:40,1400.5
2679,0004,BANCO DO BRASIL,JULIA,SAQUE,2022-02-23T12:38:34,2217.13
5506,0002,ITAU,MARIA,DEPOSITO,2022-02-20T06:11:33,4844.91
1434,0010,BANCO DO BRASIL,PAULA,DEPOSITO,2022-02-18T07:44:20,1284.78
5506,0002,ITAU,MARIA,SAQUE,2022-02-04T13:15:53,249.77
1488,0007,SANTANDER,LUCAS,SAQUE,2022-02-02T18:32:29,1397.38
2679,0004,BANCO DO BRASIL,JULIA,SAQUE,2022-02-23T12:06:38,1228.93
2679,0004,BANCO DO BRASIL,JULIA,SAQUE,2022-02-15T03:59:05,4885.52
9279,0009,BANCO DO BRASIL,MARCOS,DEPOSITO,2022-02-23T05:24:01,2918.37
9279,0009,BANCO DO BRASIL,MARCOS,SAQUE,2022-02-01T04:19:09,4283.02
2424,0005,BANCO DO BRASIL,ANA,DEPOSITO,2022-02-01T11:37:45,561.88
1488,0007,SANTANDER,LUCAS,SAQUE,2022-02-05T04:18:22,1511.58
1488,0007,SANTANDER,LUCAS,DEPOSITO,2022-02-03T19:55:28,4119.98
9279,0009,BANCO DO BRASIL,MARCOS,SAQUE,2022-02-12T06:05:05,4360.33
4582,0008,ITAU,BRUNA,SAQUE,2022-02-26T01:25:21,1800.99
4582,0008,ITAU,BRUNA,SAQUE,2022-02-10T05:29:14,4469.17
2424,0005,BANCO DO BRASIL,ANA,DEPOSITO,2022-02-15T07:14:26,2397.8
1434,0010,BANCO DO BRASIL,PAULA,SAQUE,2022-02-03T15:41:52,3456.51
5506,0002,ITAU,MARIA,SAQUE,2022-02-13T16:47:42,3131.64
9279,0009,BANCO DO BRASIL,MARCOS,DEPOSITO,2022-02-27T01:08:21,753.28
5506,0002,ITAU,MARIA,DEPOSITO,2022-02-12T13:42:40,2523.63
4582,0008,ITAU,BRUNA,DEPOSITO,2022-02-18T21:31:59,43.47
2679,0004,BANCO DO BRASIL,JULIA,DEPOSITO,2022-02-09T22:01:07,4114.3
4582,0008,ITAU,BRUNA,SAQUE,2022-02-01T19:50:15,2472.36
9279,0009,BANCO DO BRASIL,MARCOS,SAQUE,2022-02-14T00:03:59,4465.46
4657,0003,ITAU,FELIPE,SAQUE,2022-02-18T21:10:18,1110.35
7912,0006,SANTANDER,CARLOS,DEPOSITO,2022-02-04T02:44:00,954.82
4582,0008,ITAU,BRUNA,SAQUE,2022-02-09T05:46:13,1338.78
2679,0004,BANCO DO BRASIL,JULIA,SAQUE,2022-02-06T04:37:41,1122.95
2679,0004,BANCO DO BRASIL,JULIA,DEPOSITO,2022-02-14T08:25:16,1682.6
5506,0002,ITAU,MARIA,SAQUE,2022-02-05T14:11:15,3559.41
2424,0005,BANCO DO BRASIL,ANA,SAQUE,2022-02-16T00:53:59,648.3
4582,0008,ITAU,BRUNA,SAQUE,2022-02-10T09:39:07,1300.6
2679,0004,BANCO DO BRASIL,JULIA,DEPOSITO,2022-02-27T10:03:35,207.69
4657,0003,ITAU,FELIPE,SAQUE,2022-02-19T03:10:42,1056.25
1434,0010,BANCO DO BRASIL,PAULA,SAQUE,2022-02-25T16:59:35,4198.13
9279,0009,BANCO DO BRASIL,MARCOS,SAQUE,2022-02-13T22:39:12,429.0
2824,0001,SANTANDER,JOAO,SAQUE,2022-02-12T23:29:12,4708.89
4582,0008,ITAU,BRUNA,DEPOSITO,2022-02-23T07:28:17,1785.74
4657,0003,ITAU,FELIPE,DEPOSITO,2022-02-06T08:52:15,3603.53
5506,0002,ITAU,MARIA,SAQUE,2022-02-26T20:12:06,3332.01
2679,0004,BANCO DO BRASIL,JULIA,DEPOSITO,2022-02-21T19:09:41,4490.14
9279,0009,BANCO DO BRASIL,MARCOS,DEPOSITO,2022-02-15T19:56:17,777.81
4657,0003,ITAU,FELIPE,SAQUE,2022-02-23T15:39:59,2427.29
1488,0007,SANTANDER,LUCAS,SAQUE,2022-02-07T23:51:16,1718.18
1488,0007,SANTANDER,LUCAS,SAQUE,2022-02-11T21:09:02,847.47
5506,0002,ITAU,MARIA,DEPOSITO,2022-02-13T07:11:50,2708.94
7912,0006,SANTANDER,CARLOS,SAQUE,2022-02-15T04:20:52,3543.74
9279,0009,BANCO DO BRASIL,MARCOS,DEPOSITO,2022-02-05T21:34:19,598.46
1488,0007,SANTANDER,LUCAS,SAQUE,2022-02-02T05:00:12,2498.61
5506,0002,ITAU,MARIA,DEPOSITO,2022-02-26T12:05:21,1099.53
4582,0008,ITAU,BRUNA,SAQUE,2022-02-03T23:14:25,4136.28
2679,0004,BANCO DO BRASIL,JULIA,DEPOSITO,2022-02-08T13:44:52,3896.9
2424,0005,BANCO DO BRASIL,ANA,SAQUE,2022-02-04T11:53:46,2718.38
5506,0002,ITAU,MARIA,SAQUE,2022-02-13T08:43:39,4154.23
1434,0010,BANCO DO BRASIL,PAULA,DEPOSITO,2022-02-08T19:19:04,1143.14
2424,0005,BANCO DO BRASIL,ANA,SAQUE,2022-02-24T17:35:16,2719.55
2824,0001,SANTANDER,JOAO,DEPOSITO,2022-02-27T21:28:54,2865.66
4657,0003,ITAU,FELIPE,SAQUE,2022-02-08T09:23:29,4479.04
4582,0008,ITAU,BRUNA,SAQUE,2022-02-16T13:34:37,106.78
9279,0009,BANCO DO BRASIL,MARCOS,DEPOSITO,2022-02-07T11:40:07,2047.63
5506,0002,ITAU,MARIA,DEPOSITO,2022-02-23T10:19:10,1220.23
2679,0004,BANCO DO BRASIL,JULIA,DEPOSITO,2022-02-19T00:16:41,2846.43
7912,0006,SANTANDER,CARLOS,SAQUE,2022-02-11T17:59:44,12.72
1488,0007,SANTANDER,LUCAS,SAQUE,2022-02-02T10:03:26,2602.55
5506,0002,ITAU,MARIA,SAQUE,2022-02-08T20:50:41,3204.28
4657,0003,ITAU,FELIPE,SAQUE,2022-02-02T20:01:34,4255.85
1434,0010,BANCO DO BRASIL,PAULA,DEPOSITO,2022-02-05T23:04:46,1290.71
4657,0003,ITAU,FELIPE,DEPOSITO,2022-02-25T08:21:48,3360.48
5506,0002,ITAU,MARIA,SAQUE,2022-02-02T21:57:22,4262.72
4582,0008,ITAU,BRUNA,DEPOSITO,2022-02-10T23:32:37,3130.5
2424,0005,BANCO DO BRASIL,ANA,SAQUE,2022-02-01T07:24:21,4631.88
2824,0001,SANTANDER,JOAO,SAQUE,2022-02-28T08:37:27,2934.88
9279,0009,BANCO DO BRASIL,MARCOS,SAQUE,2022-02-01T01:49:19,2017.04
2679,0004,BANCO DO BRASIL,JULIA,SAQUE,2022-02-16T05:51:08,3074.27
5506,0002,ITAU,MARIA,DEPOSITO,2022-02-12T17:45:22,3781.44
2679,0004,BANCO DO BRASIL,JULIA,DEPOSITO,2022-02-17T10:53:02,4138.82
2679,0004,BANCO DO BRASIL,JULIA,DEPOSITO,2022-02-03T13:49:47,976.66
4657,0003,ITAU,FELIPE,DEPOSITO,2022-02-04T02:31:49,4124.67
1488,0007,SANTANDER,LUCAS,SAQUE,2022-02-28T16:07:05,4641.06
4582,0008,ITAU,BRUNA,DEPOSITO,2022-02-02T15:31:36,87.82
2424,0005,BANCO DO BRASIL,ANA,SAQUE,2022-02-05T13:51:08,198.3
9279,0009,BANCO DO BRASIL,MARCOS,DEPOSITO,2022-02-16T15:42:32,1645.61
2424,0005,BANCO DO BRASIL,ANA,DEPOSITO,2022-02-25T01:39:03,2185.95
4657,0003,ITAU,FELIPE,SAQUE,2022-02-06T00:34:55,726.45
4582,0008,ITAU,BRUNA,SAQUE,2022-02-13T16:00:12,2336.03
2679,0004,BANCO DO BRASIL,JULIA,SAQUE,2022-02-03T01:43:15,2122.64
1434,0010,BANCO DO BRASIL,PAULA,SAQUE,2022-02-15T17:47:25,1682.94
2679,0004,BANCO DO BRASIL,JULIA,SAQUE,2022-02-24T06:15:52,3297.68
2424,0005,BANCO DO BRASIL,ANA,SAQUE,2022-02-02T16:36:57,373.87
2824,0001,SANTANDER,JOAO,SAQUE,2022-02-23T10:09:25,1911.97
2424,0005,BANCO DO BRASIL,ANA,DEPOSITO,2022-02-16T11:02:53,2263.01
2679,0004,BANCO DO BRASIL,JULIA,DEPOSITO,2022-02-17T12:02:52,2721.91
4582,0008,ITAU,BRUNA,DEPOSITO,2022-02-21T18:46:51,3047.07
4582,0008,ITAU,BRUNA,SAQUE,2022-02-07T17:23:24,2528.77
1434,0010,BANCO DO BRASIL,PAULA,SAQUE,2022-02-12T16:53:51,2970.66
5506,0002,ITAU,MARIA,SAQUE,2022-02-01T00:31:48,4564.03
7912,0006,SANTANDER,CARLOS,DEPOSITO,2022-02-22T23:07:16,4340.62
5506,0002,ITAU,MARIA,DEPOSITO,2022-02-14T18:25:52,2290.16
9279,0009,BANCO DO BRASIL,MARCOS,DEPOSITO,2022-02-03T09:51:37,2721.68
4657,0003,ITAU,FELIPE,DEPOSITO,2022-02-28T16:32:30,3738.96
2424,0005,BANCO DO BRASIL,ANA,DEPOSITO,2022-02-19T13:52:01,865.89
2424,0005,BANCO DO BRASIL,ANA,SAQUE,2022-02-05T13:51:08,198.3
7912,0006,SANTANDER,CARLOS,SAQUE,2022-02-02T18:31:29,2069.78
2679,0004,BANCO DO BRASIL,JULIA,DEPOSITO,2022-02-07T00:37:48,276.47
9279,0009,BANCO DO BRASIL,MARCOS,DEPOSITO,2022-02-23T13:41:24,2589.58
2824,0001,SANTANDER,JOAO,SAQUE,2022-02-07T19:29:48,4925.38
7912,0006,SANTANDER,CARLOS,SAQUE,2022-02-27T04:07:11,4255.38
7912,0006,SANTANDER,CARLOS,SAQUE,2022-02-06T09:17:07,1920.95
1488,0007,SANTANDER,LUCAS,DEPOSITO,2022-02-27T23:43:59,3742.91
2824,0001,SANTANDER,JOAO,SAQUE,2022-02-05T01:12:57,2010.45
2679,0004,BANCO DO BRASIL,JULIA,SAQUE,2022-02-20T01:45:27,1085.79
4657,0003,ITAU,FELIPE,SAQUE,2022-02-26T04:12:04,921.43
2424,0005,BANCO DO BRASIL,ANA,DEPOSITO,2022-02-22T10:38:16,2488.29
1488,0007,SANTANDER,LUCAS,SAQUE,2022-02-01T17:16:41,2378.09
9279,0009,BANCO DO BRASIL,MARCOS,SAQUE,2022-02-23T18:16:18,2275.63
7912,0006,SANTANDER,CARLOS,DEPOSITO,2022-02-23T13:41:59,4401.07
4657,0003,ITAU,FELIPE,DEPOSITO,2022-02-27T11:48:54,1481.94
2424,0005,BANCO DO BRASIL,ANA,DEPOSITO,2022-02-18T06:21:29,3116.21
1434,0010,BANCO DO BRASIL,PAULA,SAQUE,2022-02-04T00:03:32,3603.41
4582,0008,ITAU,BRUNA,DEPOSITO,2022-02-24T19:53:33,1909.02
2824,0001,SANTANDER,JOAO,SAQUE,2022-02-01T07:45:55,2446.95
1434,0010,BANCO DO BRASIL,PAULA,SAQUE,2022-02-24T06:46:17,1914.04
7912,0006,SANTANDER,CARLOS,DEPOSITO,2022-02-24T11:42:24,686.98
2679,0004,BANCO DO BRASIL,JULIA,DEPOSITO,2022-02-14T23:30:00,3734.75
4657,0003,ITAU,FELIPE,SAQUE,2022-02-24T07:15:43,2112.04
1434,0010,BANCO DO BRASIL,PAULA,SAQUE,2022-02-01T12:45:23,4299.31
1434,0010,BANCO DO BRASIL,PAULA,SAQUE,2022-02-06T11:36:06,1418.56
2679,0004,BANCO DO BRASIL,JULIA,DEPOSITO,2022-02-07T03:45:07,1409.41
1488,0007,SANTANDER,LUCAS,DEPOSITO,2022-02-11T15:31:37,4986.66
2424,0005,BANCO DO BRASIL,ANA,DEPOSITO,2022-02-12T09:27:49,3192.2
5506,0002,ITAU,MARIA,DEPOSITO,2022-02-19T08:00:17,2251.17
5506,0002,ITAU,MARIA,SAQUE,2022-02-06T13:12:06,4471.89
1434,0010,BANCO DO BRASIL,PAULA,SAQUE,2022-02-08T06:30:02,4942.13
4657,0003,ITAU,FELIPE,SAQUE,2022-02-18T17:20:06,4396.6
2824,0001,SANTANDER,JOAO,DEPOSITO,2022-02-20T19:23:10,2845.79
2824,0001,SANTANDER,JOAO,SAQUE,2022-02-18T16:18:56,1432.47
4657,0003,ITAU,FELIPE,SAQUE,2022-02-13T02:53:42,739.75
2679,0004,BANCO DO BRASIL,JULIA,SAQUE,2022-02-06T14:09:40,4440.4
9279,0009,BANCO DO BRASIL,MARCOS,SAQUE,2022-02-26T08:07:28,3324.44
2424,0005,BANCO DO BRASIL,ANA,SAQUE,2022-02-26T02:18:47,4519.34
4657,0003,ITAU,FELIPE,DEPOSITO,2022-02-04T13:45:59,2861.57
9279,0009,BANCO DO BRASIL,MARCOS,DEPOSITO,2022-02-14T04:52:44,4396.9
7912,0006,SANTANDER,CARLOS,DEPOSITO,2022-02-14T21:15:39,4454.36
1434,0010,BANCO DO BRASIL,PAULA,DEPOSITO,2022-02-14T13:30:59,465.91
2824,0001,SANTANDER,JOAO,DEPOSITO,2022-02-19T00:12:34,1502.46
4657,0003,ITAU,FELIPE,DEPOSITO,2022-02-13T20:49:30,2067.2
4657,0003,ITAU,FELIPE,SAQUE,2022-02-17T09:05:09,2114.86
1434,0010,BANCO DO BRASIL,PAULA,SAQUE,2022-02-17T15:54:21,1932.53
1488,0007,SANTANDER,LUCAS,DEPOSITO,2022-02-07T01:54:43,2154.3
7912,0006,SANTANDER,CARLOS,SAQUE,2022-02-11T19:18:22,4525.64
2679,0004,BANCO DO BRASIL,JULIA,DEPOSITO,2022-02-13T13:19:03,4974.5
1434,0010,BANCO DO BRASIL,PAULA,DEPOSITO,2022-02-12T21:47:28,1138.73
7912,0006,SANTANDER,CARLOS,SAQUE,2022-02-18T02:23:12,2815.78
2679,0004,BANCO DO BRASIL,JULIA,SAQUE,2022-02-12T09:25:54,2175.06
9279,0009,BANCO DO BRASIL,MARCOS,SAQUE,2022-02-02T13:43:39,1880.24
1434,0010,BANCO DO BRASIL,PAULA,DEPOSITO,2022-02-20T05:23:39,4263.61
9279,0009,BANCO DO BRASIL,MARCOS,SAQUE,2022-02-15T01:41:02,3936.59
4657,0003,ITAU,FELIPE,SAQUE,2022-02-04T12:48:14,128.41
1434,0010,BANCO DO BRASIL,PAULA,SAQUE,2022-02-05T23:35:20,3255.55
4657,0003,ITAU,FELIPE,DEPOSITO,2022-02-18T12:53:14,3526.61
9279,0009,BANCO DO BRASIL,MARCOS,DEPOSITO,2022-02-12T16:00:48,779.74
2424,0005,BANCO DO BRASIL,ANA,DEPOSITO,2022-02-01T19:35:39,4479.64
7912,0006,SANTANDER,CARLOS,DEPOSITO,2022-02-04T01:32:15,3911.95
2424,0005,BANCO DO BRASIL,ANA,DEPOSITO,2022-02-02T03:00:08,459.34
4582,0008,ITAU,BRUNA,SAQUE,2022-02-23T15:40:08,3812.02
5506,0002,ITAU,MARIA,DEPOSITO,2022-02-16T12:32:44,3695.29
2824,0001,SANTANDER,JOAO,SAQUE,2022-02-18T13:17:53,803.18
1434,0010,BANCO DO BRASIL,PAULA,SAQUE,2022-02-15T10:45:45,3236.45
1434,0010,BANCO DO BRASIL,PAULA,SAQUE,2022-02-02T11:41:28,3368.33
4582,0008,ITAU,BRUNA,DEPOSITO,2022-02-17T03:19:14,2764.07
9279,0009,BANCO DO BRASIL,MARCOS,DEPOSITO,2022-02-10T03:40:44,4366.11
5506,0002,ITAU,MARIA,DEPOSITO,2022-02-21T09:52:34,4655.51
2679,0004,BANCO DO BRASIL,JULIA,SAQUE,2022-02-24T13:45:21,4156.98
9279,0009,BANCO DO BRASIL,MARCOS,DEPOSITO,2022-02-15T13:45:36,2721.2
9279,0009,BANCO DO BRASIL,MARCOS,DEPOSITO,2022-02-01T18:12:47,3053.32
4582,0008,ITAU,BRUNA,DEPOSITO,2022-02-22T00:08:50,3783.52
7912,0006,SANTANDER,CARLOS,SAQUE,2022-02-25T02:51:34,2318.56
1488,0007,SANTANDER,LUCAS,DEPOSITO,2022-02-17T06:15:55,1358.93
2679,0004,BANCO DO BRASIL,JULIA,SAQUE,2022-02-12T06:04:11,1073.95
2824,0001,SANTANDER,JOAO,SAQUE,2022-02-15T18:24:42,3336.03
2679,0004,BANCO DO BRASIL,JULIA,SAQUE,2022-02-17T05:30:07,1546.66
9279,0009,BANCO DO BRASIL,MARCOS,SAQUE,2022-02-17T01:47:52,4009.67
4657,0003,ITAU,FELIPE,SAQUE,2022-02-13T17:12:45,348.42
4582,0008,ITAU,BRUNA,DEPOSITO,2022-02-05T22:56:13,930.42
2824,0001,SANTANDER,JOAO,SAQUE,2022-02-05T05:17:31,587.9
2679,0004,BANCO DO BRASIL,JULIA,SAQUE,2022-02-26T16:39:36,2038.61
2679,0004,BANCO DO BRASIL,JULIA,DEPOSITO,2022-02-28T22:32:46,3215.74
4657,0003,ITAU,FELIPE,SAQUE,2022-02-13T00:07:01,3313.75
1488,0007,SANTANDER,LUCAS,DEPOSITO,2022-02-22T09:21:31,2724.07
5506,0002,ITAU,MARIA,DEPOSITO,2022-02-05T16:30:20,3725.5
4657,0003,ITAU,FELIPE,DEPOSITO,2022-02-08T01:57:06,3737.83
9279,0009,BANCO DO BRASIL,MARCOS,SAQUE,2022-02-17T15:16:49,915.56
4582,0008,ITAU,BRUNA,SAQUE,2022-02-15T13:38:33,4205.05
1488,0007,SANTANDER,LUCAS,DEPOSITO,2022-02-26T16:03:21,3537.82
5506,0002,ITAU,MARIA,SAQUE,2022-02-25T12:51:57,676.23
1488,0007,SANTANDER,LUCAS,DEPOSITO,2022-02-09T10:23:21,888.74
7912,0006,SANTANDER,CARLOS,SAQUE,2022-02-12T08:40:19,1080.1
7912,0006,SANTANDER,CARLOS,DEPOSITO,2022-02-01T19:24:29,1653.64
4657,0003,ITAU,FELIPE,DEPOSITO,2022-02-03T21:37:33,1773.31
4657,0003,ITAU,FELIPE,SAQUE,2022-02-26T01:10:35,880.52
7912,0006,SANTANDER,CARLOS,SAQUE,2022-02-04T03:26:18,4180.6
7912,0006,SANTANDER,CARLOS,SAQUE,2022-02-17T21:13:53,2560.77
1488,0007,SANTANDER,LUCAS,DEPOSITO,2022-02-28T21:52:54,2401.58
4657,0003,ITAU,FELIPE,DEPOSITO,2022-02-24T06:02:57,3261.78
1434,0010,BANCO DO BRASIL,PAULA,DEPOSITO,2022-02-25T15:15:54,3424.93
1434,0010,BANCO DO BRASIL,PAULA,DEPOSITO,2022-02-12T01:58:27,2631.09
9279,0009,BANCO DO BRASIL,MARCOS,DEPOSITO,2022-02-07T16:11:10,3296.16
2824,0001,SANTANDER,JOAO,SAQUE,2022-02-11T12:02:41,4637.2
2824,0001,SANTANDER,JOAO,SAQUE,2022-02-13T00:29:28,1180.76
4582,0008,ITAU,BRUNA,DEPOSITO,2022-02-04T02:34:05,4939.48
1434,0010,BANCO DO BRASIL,PAULA,DEPOSITO,2022-02-12T06:30:38,3305.5
4582,0008,ITAU,BRUNA,SAQUE,2022-02-06T22:52:58,687.28
5506,0002,ITAU,MARIA,SAQUE,2022-02-23T11:40:22,3707.17
4582,0008,ITAU,BRUNA,DEPOSITO,2022-02-26T04:38:24,4353.26
2424,0005,BANCO DO BRASIL,ANA,DEPOSITO,2022-02-02T09:10:46,3918.51
4657,0003,ITAU,FELIPE,SAQUE,2022-02-24T08:18:55,2800.89
1434,0010,BANCO DO BRASIL,PAULA,DEPOSITO,2022-02-13T14:19:40,362.3
5506,0002,ITAU,MARIA,DEPOSITO,2022-02-14T00:29:21,4671.46
9279,0009,BANCO DO BRASIL,MARCOS,SAQUE,2022-02-07T04:58:09,2494.65
1488,0007,SANTANDER,LUCAS,SAQUE,2022-02-06T13:03:34,3523.28
1488,0007,SANTANDER,LUCAS,SAQUE,2022-02-28T07:23:19,4321.78
4657,0003,ITAU,FELIPE,SAQUE,2022-02-18T21:10:18,1110.35
5506,0002,ITAU,MARIA,DEPOSITO,2022-02-25T08:39:58,2178.11
4657,0003,ITAU,FELIPE,SAQUE,2022-02-07T20:49:08,2293.29
9279,0009,BANCO DO BRASIL,MARCOS,SAQUE,2022-02-16T17:55:36,2521.04
2679,0004,BANCO DO BRASIL,JULIA,SAQUE,2022-02-08T11:07:11,2081.11
2679,0004,BANCO DO BRASIL,JULIA,SAQUE,2022-02-13T19:53:48,4846.62
9279,0009,BANCO DO BRASIL,MARCOS,DEPOSITO,2022-02-26T14:03:22,2140.68
9279,0009,BANCO DO BRASIL,MARCOS,SAQUE,2022-02-11T11:36:05,4067.13
9279,0009,BANCO DO BRASIL,MARCOS,SAQUE,2022-02-17T17:54:16,3147.82
1434,0010,BANCO DO BRASIL,PAULA,DEPOSITO,2022-02-04T02:41:11,730.28
4657,0003,ITAU,FELIPE,DEPOSITO,2022-02-26T08:51:25,3725.94
5506,0002,ITAU,MARIA,SAQUE,2022-02-06T05:35:33,1425.6
2424,0005,BANCO DO BRASIL,ANA,DEPOSITO,2022-02-08T11:17:11,4582.37
1434,0010,BANCO DO BRASIL,PAULA,DEPOSITO,2022-02-20T14:25:50,347.17
1488,0007,SANTANDER,LUCAS,SAQUE,2022-02-26T08:50:28,1908.09
1434,0010,BANCO DO BRASIL,PAULA,DEPOSITO,2022-02-12T08:24:21,1582.48
1434,0010,BANCO DO BRASIL,PAULA,DEPOSITO,2022-02-18T06:19:56,1569.08
2824,0001,SANTANDER,JOAO,DEPOSITO,2022-02-05T17:34:01,4290.87
4657,0003,ITAU,FELIPE,SAQUE,2022-02-16T17:01:47,4551.7
4582,0008,ITAU,BRUNA,DEPOSITO,2022-02-03T20:14:35,3529.11
4582,0008,ITAU,BRUNA,SAQUE,2022-02-22T03:22:45,888.92
1434,0010,BANCO DO BRASIL,PAULA,DEPOSITO,2022-02-27T05:33:27,92.65
2824,0001,SANTANDER,JOAO,DEPOSITO,2022-02-04T00:06:04,2954.4
7912,0006,SANTANDER,CARLOS,DEPOSITO,2022-02-10T22:13:06,3992.17
4582,0008,ITAU,BRUNA,DEPOSITO,2022-02-21T02:59:12,2263.62
1434,0010,BANCO DO BRASIL,PAULA,SAQUE,2022-02-04T06:15:26,2741.97
4657,0003,ITAU,FELIPE,SAQUE,2022-02-05T16:30:52,2713.64
4582,0008,ITAU,BRUNA,SAQUE,2022-02-09T09:21:06,147.32
5506,0002,ITAU,MARIA,SAQUE,2022-02-14T22:55:35,1671.75
9279,0009,BANCO DO BRASIL,MARCOS,DEPOSITO,2022-02-07T06:47:15,3491.87
2824,0001,SANTANDER,JOAO,SAQUE,2022-02-26T05:22:00,1231.29
1434,0010,BANCO DO BRASIL,PAULA,DEPOSITO,2022-02-18T15:16:07,3582.41
1434,0010,BANCO DO BRASIL,PAULA,DEPOSITO,2022-02-09T14:37:26,3112.93
1434,0010,BANCO DO BRASIL,PAULA,SAQUE,2022-02-03T11:37:37,2599.26
7912,0006,SANTANDER,CARLOS,SAQUE,2022-02-03T05:31:38,506.88
1488,0007,SANTANDER,LUCAS,DEPOSITO,2022-02-02T09:26:16,2476.59
1434,0010,BANCO DO BRASIL,PAULA,SAQUE,2022-02-06T04:27:52,4458.1
1488,0007,SANTANDER,LUCAS,SAQUE,2022-02-21T22:30:39,4283.13
4657,0003,ITAU,FELIPE,SAQUE,2022-02-28T09:46:22,922.03
2824,0001,SANTANDER,JOAO,DEPOSITO,2022-02-20T04:19:22,19.7
1434,0010,BANCO DO BRASIL,PAULA,DEPOSITO,2022-02-11T06:45:46,4645.28
5506,0002,ITAU,MARIA,DEPOSITO,2022-02-20T21:47:47,2260.17
2824,0001,SANTANDER,JOAO,SAQUE,2022-02-22T20:11:52,4744.63
9279,0009,BANCO DO BRASIL,MARCOS,SAQUE,2022-02-08T04:18:59,4893.4
4657,0003,ITAU,FELIPE,DEPOSITO,2022-02-08T17:19:34,4027.47
4582,0008,ITAU,BRUNA,SAQUE,2022-02-01T23:05:01,4702.7
1434,0010,BANCO DO BRASIL,PAULA,SAQUE,2022-02-01T23:20:02,989.39
2824,0001,SANTANDER,JOAO,DEPOSITO,2022-02-21T01:48:27,1613.55
9279,0009,BANCO DO BRASIL,MARCOS,DEPOSITO,2022-02-16T04:30:38,1605.64
1434,0010,BANCO DO BRASIL,PAULA,SAQUE,2022-02-07T22:14:22,3606.51
9279,0009,BANCO DO BRASIL,MARCOS,SAQUE,2022-02-11T04:10:29,1657.29
7912,0006,SANTANDER,CARLOS,SAQUE,2022-02-21T01:33:12,591.67
1434,0010,BANCO DO BRASIL,PAULA,SAQUE,2022-02-05T03:39:18,4872.88
2424,0005,BANCO DO BRASIL,ANA,SAQUE,2022-02-16T07:38:14,1398.42
4582,0008,ITAU,BRUNA,DEPOSITO,2022-02-15T13:43:38,210.24
9279,0009,BANCO DO BRASIL,MARCOS,DEPOSITO,2022-02-23T10:46:54,1073.2
7912,0006,SANTANDER,CARLOS,DEPOSITO,2022-02-17T15:43:58,4889.97
4657,0003,ITAU,FELIPE,SAQUE,2022-02-17T20:01:40,3424.71
2424,0005,BANCO DO BRASIL,ANA,SAQUE,2022-02-14T13:00:57,710.73
4657,0003,ITAU,FELIPE,DEPOSITO,2022-02-26T02:08:06,3605.1
4657,0003,ITAU,FELIPE,SAQUE,2022-02-22T12:29:52,3213.95
1434,0010,BANCO DO BRASIL,PAULA,DEPOSITO,2022-02-06T21:57:44,2999.59
9279,0009,BANCO DO BRASIL,MARCOS,DEPOSITO,2022-02-24T02:26:58,2093.67
2679,0004,BANCO DO BRASIL,JULIA,SAQUE,2022-02-27T09:24:21,3976.28
7912,0006,SANTANDER,CARLOS,SAQUE,2022-02-14T10:07:21,972.36
4582,0008,ITAU,BRUNA,SAQUE,2022-02-22T06:27:27,4524.98
4657,0003,ITAU,FELIPE,SAQUE,2022-02-24T13:36:39,1253.03
1488,0007,SANTANDER,LUCAS,DEPOSITO,2022-02-07T11:16:10,3804.5
1488,0007,SANTANDER,LUCAS,SAQUE,2022-02-02T22:45:17,1008.62
9279,0009,BANCO DO BRASIL,MARCOS,DEPOSITO,2022-02-04T10:45:36,4472.28
1488,0007,SANTANDER,LUCAS,SAQUE,2022-02-21T16:50:58,1028.43
1488,0007,SANTANDER,LUCAS,DEPOSITO,2022-02-01T09:49:43,528.87
5506,0002,ITAU,MARIA,DEPOSITO,2022-02-27T01:08:14,2423.95
1488,0007,SANTANDER,LUCAS,DEPOSITO,2022-02-16T00:46:22,2304.56
2679,0004,BANCO DO BRASIL,JULIA,DEPOSITO,2022-02-28T19:33:31,1230.02
2424,0005,BANCO DO BRASIL,ANA,DEPOSITO,2022-02-27T01:27:51,125.76
2424,0005,BANCO DO BRASIL,ANA,DEPOSITO,2022-02-26T03:47:46,2227.8
4582,0008,ITAU,BRUNA,DEPOSITO,2022-02-23T21:19:29,107.94
2824,0001,SANTANDER,JOAO,DEPOSITO,2022-02-26T22:47:24,2085.75
2824,0001,SANTANDER,JOAO,SAQUE,2022-02-16T20:24:03,4514.22
7912,0006,SANTANDER,CARLOS,SAQUE,2022-02-08T05:47:25,314.44
2679,0004,BANCO DO BRASIL,JULIA,DEPOSITO,2022-02-04T23:18:51,4401.69
2679,0004,BANCO DO BRASIL,JULIA,DEPOSITO,2022-02-07T20:37:02,3883.58
7912,0006,SANTANDER,CARLOS,DEPOSITO,2022-02-14T16:35:02,524.53
4657,0003,ITAU,FELIPE,SAQUE,2022-02-20T00:43:38,4216.72
5506,0002,ITAU,MARIA,DEPOSITO,2022-02-13T06:33:03,4176.14
4582,0008,ITAU,BRUNA,SAQUE,2022-02-25T18:02:03,2141.09
2824,0001,SANTANDER,JOAO,DEPOSITO,2022-02-12T11:28:45,1960.71
1488,0007,SANTANDER,LUCAS,SAQUE,2022-02-24T06:50:22,2494.05
2824,0001,SANTANDER,JOAO,SAQUE,2022-02-25T05:44:33,4694.76
2824,0001,SANTANDER,JOAO,DEPOSITO,2022-02-28T22:04:41,3988.47
2424,0005,BANCO DO BRASIL,ANA,DEPOSITO,2022-02-27T11:56:19,925.03
1434,0010,BANCO DO BRASIL,PAULA,DEPOSITO,2022-02-24T07:25:42,884.18
2424,0005,BANCO DO BRASIL,ANA,SAQUE,2022-02-06T18:28:40,1767.87
2679,0004,BANCO DO BRASIL,JULIA,DEPOSITO,2022-02-18T09:40:45,2541.5
4657,0003,ITAU,FELIPE,SAQUE,2022-02-24T19:50:44,746.15
5506,0002,ITAU,MARIA,DEPOSITO,2022-02-07T11:21:04,4009.07
4582,0008,ITAU,BRUNA,DEPOSITO,2022-02-18T11:57:03,994.75
4582,0008,ITAU,BRUNA,SAQUE,2022-02-11T04:13:48,3327.05
2824,0001,SANTANDER,JOAO,DEPOSITO,2022-02-04T21:13:33,2277.3
9279,0009,BANCO DO BRASIL,MARCOS,DEPOSITO,2022-02-06T08:05:16,1778.19
4657,0003,ITAU,FELIPE,SAQUE,2022-02-07T20:10:33,3019.76
4582,0008,ITAU,BRUNA,SAQUE,2022-02-05T08:57:14,3899.84
1488,0007,SANTANDER,LUCAS,SAQUE,2022-02-17T18:24:57,984.3
2679,0004,BANCO DO BRASIL,JULIA,DEPOSITO,2022-02-05T17:09:34,1656.83
2679,0004,BANCO DO BRASIL,JULIA,DEPOSITO,2022-02-20T15:35:11,4175.85
2424,0005,BANCO DO BRASIL,ANA,DEPOSITO,2022-02-12T02:17:16,1352.92
1488,0007,SANTANDER,LUCAS,DEPOSITO,2022-02-07T15:44:22,3845.95
4657,0003,ITAU,FELIPE,DEPOSITO,2022-02-06T00:18:14,1700.39
7912,0006,SANTANDER,CARLOS,DEPOSITO,2022-02-24T09:13:53,3712.17
5506,0002,ITAU,MARIA,DEPOSITO,2022-02-25T19:29:59,2439.44
7912,0006,SANTANDER,CARLOS,SAQUE,2022-02-26T14:43:09,1304.69
2824,0001,SANTANDER,JOAO,DEPOSITO,2022-02-18T06:58:00,4125.94
7912,0006,SANTANDER,CARLOS,SAQUE,2022-02-28T17:21:55,4914.45
1434,0010,BANCO DO BRASIL,PAULA,DEPOSITO,2022-02-14T13:15:46,1585.49
1488,0007,SANTANDER,LUCAS,SAQUE,2022-02-28T23:56:22,431.75
4582,0008,ITAU,BRUNA,SAQUE,2022-02-26T00:27:22,2879.49
2424,0005,BANCO DO BRASIL,ANA,DEPOSITO,2022-02-11T22:36:13,1898.72
1488,0007,SANTANDER,LUCAS,DEPOSITO,2022-02-19T10:43:46,3446.95
7912,0006,SANTANDER,CARLOS,SAQUE,2022-02-28T15:01:38,4303.17
2824,0001,SANTANDER,JOAO,DEPOSITO,2022-02-07T14:19:10,1500.58
9279,0009,BANCO DO BRASIL,MARCOS,SAQUE,2022-02-26T14:56:35,4925.88
9279,0009,BANCO DO BRASIL,MARCOS,SAQUE,2022-02-06T11:35:03,4017.99
7912,0006,SANTANDER,CARLOS,DEPOSITO,2022-02-07T01:11:56,3601.57
2679,0004,BANCO DO BRASIL,JULIA,DEPOSITO,2022-02-28T19:07:36,1285.09
1488,0007,SANTANDER,LUCAS,DEPOSITO,2022-02-28T05:11:29,1455.45
2424,0005,BANCO DO BRASIL,ANA,DEPOSITO,2022-02-21T13:46:14,4478.46
1434,0010,BANCO DO BRASIL,PAULA,DEPOSITO,2022-02-16T16:42:23,3176.68
4657,0003,ITAU,FELIPE,SAQUE,2022-02-12T18:55:23,4175.68
4582,0008,ITAU,BRUNA,DEPOSITO,2022-02-10T14:54:58,435.52
2424,0005,BANCO DO BRASIL,ANA,SAQUE,2022-02-16T14:29:43,2241.46
2824,0001,SANTANDER,JOAO,DEPOSITO,2022-02-25T08:55:43,267.48
2824,0001,SANTANDER,JOAO,DEPOSITO,2022-02-09T09:18:11,763.68
4657,0003,ITAU,FELIPE,SAQUE,2022-02-15T15:18:46,1472.75
7912,0006,SANTANDER,CARLOS,DEPOSITO,2022-02-11T23:10:27,4609.24
1434,0010,BANCO DO BRASIL,PAULA,DEPOSITO,2022-02-15T20:23:20,1769.11
4582,0008,ITAU,BRUNA,SAQUE,2022-02-13T15:00:35,1628.17
1488,0007,SANTANDER,LUCAS,DEPOSITO,2022-02-06T16:14:45,2479.0
5506,0002,ITAU,MARIA,SAQUE,2022-02-09T04:44:09,4347.82
2424,0005,BANCO DO BRASIL,ANA,SAQUE,2022-02-24T06:19:07,931.67
5506,0002,ITAU,MARIA,SAQUE,2022-02-05T05:13:23,1688.03
4582,0008,ITAU,BRUNA,SAQUE,2022-02-03T18:09:51,4980.43
2824,0001,SANTANDER,JOAO,SAQUE,2022-02-13T03:15:59,3726.95
2679,0004,BANCO DO BRASIL,JULIA,DEPOSITO,2022-02-04T13:05:59,4678.81
2679,0004,BANCO DO BRASIL,JULIA,DEPOSITO,2022-02-05T01:01:49,1419.29
5506,0002,ITAU,MARIA,DEPOSITO,2022-02-23T21:18:33,2514.97
1488,0007,SANTANDER,LUCAS,DEPOSITO,2022-02-12T16:53:11,3596.22
2824,0001,SANTANDER,JOAO,DEPOSITO,2022-02-03T23:22:54,4815.43
9279,0009,BANCO DO BRASIL,MARCOS,SAQUE,2022-02-19T13:02:24,4728.82
4657,0003,ITAU,FELIPE,SAQUE,2022-02-14T03:00:25,479.35
5506,0002,ITAU,MARIA,DEPOSITO,2022-02-28T13:26:19,3767.31
4582,0008,ITAU,BRUNA,DEPOSITO,2022-02-25T11:51:54,2086.58
2679,0004,BANCO DO BRASIL,JULIA,DEPOSITO,2022-02-03T10:09:33,4126.1
2824,0001,SANTANDER,JOAO,SAQUE,2022-02-24T06:03:15,4238.02
1488,0007,SANTANDER,LUCAS,SAQUE,2022-02-16T20:31:43,3069.28
4657,0003,ITAU,FELIPE,SAQUE,2022-02-18T22:10:04,2916.72
2424,0005,BANCO DO BRASIL,ANA,DEPOSITO,2022-02-24T10:23:37,1136.89
7912,0006,SANTANDER,CARLOS,SAQUE,2022-02-06T00:59:20,2033.62
2424,0005,BANCO DO BRASIL,ANA,SAQUE,2022-02-12T15:09:04,1846.03
2824,0001,SANTANDER,JOAO,DEPOSITO,2022-02-26T02:33:25,640.31
4657,0003,ITAU,FELIPE,DEPOSITO,2022-02-15T10:27:52,3275.16
1488,0007,SANTANDER,LUCAS,SAQUE,2022-02-10T06:49:41,2993.26
9279,0009,BANCO DO BRASIL,MARCOS,DEPOSITO,2022-02-10T22:21:52,932.31
2679,0004,BANCO DO BRASIL,JULIA,SAQUE,2022-02-06T09:11:04,774.42
7912,0006,SANTANDER,CARLOS,SAQUE,2022-02-08T20:04:04,3123.96
9279,0009,BANCO DO BRASIL,MARCOS,SAQUE,2022-02-01T22:06:20,1382.06
5506,0002,ITAU,MARIA,SAQUE,2022-02-28T18:42:49,3025.45
5506,0002,ITAU,MARIA,SAQUE,2022-02-12T22:55:50,1741.68
5506,0002,ITAU,MARIA,SAQUE,2022-02-20T17:44:39,4750.17
2679,0004,BANCO DO BRASIL,JULIA,SAQUE,2022-02-06T00:42:39,2373.97
2679,0004,BANCO DO BRASIL,JULIA,SAQUE,2022-02-14T12:25:35,3253.23
7912,0006,SANTANDER,CARLOS,DEPOSITO,2022-02-23T12:09:39,4344.72
9279,0009,BANCO DO BRASIL,MARCOS,DEPOSITO,2022-02-15T17:29:54,4263.85
2824,0001,SANTANDER,JOAO,SAQUE,2022-02-18T12:58:14,1959.04
1488,0007,SANTANDER,LUCAS,DEPOSITO,2022-02-10T22:58:49,4785.42
1488,0007,SANTANDER,LUCAS,DEPOSITO,2022-02-18T04:55:41,2162.76
2824,0001,SANTANDER,JOAO,SAQUE,2022-02-03T03:32:22,2017.3
2679,0004,BANCO DO BRASIL,JULIA,SAQUE,2022-02-27T09:21:49,1744.85
2824,0001,SANTANDER,JOAO,SAQUE,2022-02-13T19:23:12,4407.48
1434,0010,BANCO DO BRASIL,PAULA,SAQUE,2022-02-08T16:17:03,509.58
1434,0010,BANCO DO BRASIL,PAULA,SAQUE,2022-02-22T11:34:08,932.79
4582,0008,ITAU,BRUNA,DEPOSITO,2022-02-28T07:24:40,403.6
2424,0005,BANCO DO BRASIL,ANA,SAQUE,2022-02-23T04:19:23,1661.16
1488,0007,SANTANDER,LUCAS,SAQUE,2022-02-19T02:54:25,4848.94
5506,0002,ITAU,MARIA,SAQUE,2022-02-22T14:40:06,3364.51
2824,0001,SANTANDER,JOAO,DEPOSITO,2022-02-28T02:08:25,3719.95
9279,0009,BANCO DO BRASIL,MARCOS,SAQUE,2022-02-17T22:59:46,4489.58
2679,0004,BANCO DO BRASIL,JULIA,SAQUE,2022-02-13T13:49:14,4876.66
2424,0005,BANCO DO BRASIL,ANA,SAQUE,2022-02-15T06:26:43,4260.4
4582,0008,ITAU,BRUNA,SAQUE,2022-02-16T22:20:28,3755.56
4657,0003,ITAU,FELIPE,DEPOSITO,2022-02-24T22:28:55,4410.04
4582,0008,ITAU,BRUNA,DEPOSITO,2022-02-20T08:29:43,1310.89
4582,0008,ITAU,BRUNA,DEPOSITO,2022-02-15T10:43:34,3130.91
5506,0002,ITAU,MARIA,SAQUE,2022-02-27T07:31:19,2758.14
7912,0006,SANTANDER,CARLOS,SAQUE,2022-02-10T02:37:58,1199.39
4657,0003,ITAU,FELIPE,DEPOSITO,2022-02-22T00:14:18,2924.16
2679,0004,BANCO DO BRASIL,JULIA,DEPOSITO,2022-02-22T04:10:09,1779.45
2424,0005,BANCO DO BRASIL,ANA,DEPOSITO,2022-02-08T18:35:21,1027.75
1434,0010,BANCO DO BRASIL,PAULA,SAQUE,2022-02-18T03:31:50,1383.14
9279,0009,BANCO DO BRASIL,MARCOS,DEPOSITO,2022-02-06T18:25:29,652.03
4582,0008,ITAU,BRUNA,SAQUE,2022-02-19T13:52:24,1018.72
1488,0007,SANTANDER,LUCAS,DEPOSITO,2022-02-24T09:00:37,3975.0
1434,0010,BANCO DO BRASIL,PAULA,DEPOSITO,2022-02-10T00:20:35,3195.12
7912,0006,SANTANDER,CARLOS,SAQUE,2022-02-05T20:20:11,1652.7
2824,0001,SANTANDER,JOAO,SAQUE,2022-02-09T12:52:52,4871.21
9279,0009,BANCO DO BRASIL,MARCOS,DEPOSITO,2022-02-20T20:40:33,3426.64
1434,0010,BANCO DO BRASIL,PAULA,DEPOSITO,2022-02-08T05:52:16,4977.36
2424,0005,BANCO DO BRASIL,ANA,DEPOSITO,2022-02-08T02:01:35,325.7
1434,0010,BANCO DO BRASIL,PAULA,DEPOSITO,2022-02-11T08:55:39,327.0
1434,0010,BANCO DO BRASIL,PAULA,DEPOSITO,2022-02-05T18:43:18,2527.17
1434,0010,BANCO DO BRASIL,PAULA,SAQUE,2022-02-24T03:32:35,4188.81
4657,0003,ITAU,FELIPE,DEPOSITO,2022-02-04T20:53:25,2590.49
5506,0002,ITAU,MARIA,DEPOSITO,2022-02-15T18:33:38,1778.07
4582,0008,ITAU,BRUNA,SAQUE,2022-02-14T03:36:35,1693.2
5506,0002,ITAU,MARIA,DEPOSITO,2022-02-09T01:03:09,2768.17
4657,0003,ITAU,FELIPE,DEPOSITO,2022-02-26T06:14:30,2214.78
1488,0007,SANTANDER,LUCAS,SAQUE,2022-02-08T09:01:43,3438.2
9279,0009,BANCO DO BRASIL,MARCOS,DEPOSITO,2022-02-01T20:07:26,2457.07
9279,0009,BANCO DO BRASIL,MARCOS,DEPOSITO,2022-02-26T07:24:01,1710.14
1434,0010,BANCO DO BRASIL,PAULA,SAQUE,2022-02-24T11:19:20,4696.48
9279,0009,BANCO DO BRASIL,MARCOS,SAQUE,2022-02-22T21:31:43,4043.39
4657,0003,ITAU,FELIPE,SAQUE,2022-02-11T18:27:31,3508.99
7912,0006,SANTANDER,CARLOS,SAQUE,2022-02-06T09:15:05,173.98
4657,0003,ITAU,FELIPE,DEPOSITO,2022-02-21T09:34:01,3744.6
2679,0004,BANCO DO BRASIL,JULIA,DEPOSITO,2022-02-14T11:11:21,651.18
5506,0002,ITAU,MARIA,DEPOSITO,2022-02-09T19:35:01,969.04
2679,0004,BANCO DO BRASIL,JULIA,SAQUE,2022-02-22T17:56:42,4053.67
7912,0006,SANTANDER,CARLOS,SAQUE,2022-02-28T10:11:59,3089.84
4657,0003,ITAU,FELIPE,SAQUE,2022-02-24T08:19:35,4113.98
4657,0003,ITAU,FELIPE,SAQUE,2022-02-19T23:12:07,2929.55
5506,0002,ITAU,MARIA,SAQUE,2022-02-08T05:10:53,3891.14
4657,0003,ITAU,FELIPE,SAQUE,2022-02-09T09:09:15,309.79
9279,0009,BANCO DO BRASIL,MARCOS,DEPOSITO,2022-02-06T07:12:33,3408.99
1488,0007,SANTANDER,LUCAS,SAQUE,2022-02-09T18:13:02,3811.97
2824,0001,SANTANDER,JOAO,SAQUE,2022-02-24T17:50:27,1810.65
4657,0003,ITAU,FELIPE,SAQUE,2022-02-20T02:31:13,3496.24
4657,0003,ITAU,FELIPE,DEPOSITO,2022-02-28T02:12:54,361.51
1434,0010,BANCO DO BRASIL,PAULA,DEPOSITO,2022-02-01T19:32:43,2638.5
2679,0004,BANCO DO BRASIL,JULIA,SAQUE,2022-02-27T04:22:06,3191.42
1488,0007,SANTANDER,LUCAS,DEPOSITO,2022-02-04T23:34:35,4675.33
1434,0010,BANCO DO BRASIL,PAULA,DEPOSITO,2022-02-01T03:14:03,1822.88
2824,0001,SANTANDER,JOAO,SAQUE,2022-02-05T21:35:47,1847.82
4582,0008,ITAU,BRUNA,DEPOSITO,2022-02-13T20:54:28,4448.15
7912,0006,SANTANDER,CARLOS,DEPOSITO,2022-02-20T11:28:09,1536.48
7912,0006,SANTANDER,CARLOS,SAQUE,2022-02-14T16:47:51,4329.74
9279,0009,BANCO DO BRASIL,MARCOS,DEPOSITO,2022-02-12T11:49:18,1458.5
2424,0005,BANCO DO BRASIL,ANA,SAQUE,2022-02-14T23:11:34,4551.07
2824,0001,SANTANDER,JOAO,DEPOSITO,2022-02-28T22:43:05,518.72
5506,0002,ITAU,MARIA,DEPOSITO,2022-02-09T05:48:25,108.36
2424,0005,BANCO DO BRASIL,ANA,DEPOSITO,2022-02-25T03:42:19,305.88
2679,0004,BANCO DO BRASIL,JULIA,DEPOSITO,2022-02-11T03:18:32,1202.95
5506,0002,ITAU,MARIA,SAQUE,2022-02-04T14:41:57,893.77
4582,0008,ITAU,BRUNA,DEPOSITO,2022-02-06T20:14:37,2795.64
1488,0007,SANTANDER,LUCAS,DEPOSITO,2022-02-04T14:10:32,2250.84
2424,0005,BANCO DO BRASIL,ANA,DEPOSITO,2022-02-04T16:53:03,3082.33
2679,0004,BANCO DO BRASIL,JULIA,SAQUE,2022-02-15T13:32:21,2772.21
1434,0010,BANCO DO BRASIL,PAULA,SAQUE,2022-02-06T17:15:09,4235.29
5506,0002,ITAU,MARIA,SAQUE,2022-02-10T21:36:53,4001.58
2424,0005,BANCO DO BRASIL,ANA,DEPOSITO,2022-02-05T01:18:47,1756.48
9279,0009,BANCO DO BRASIL,MARCOS,SAQUE,2022-02-15T08:14:58,954.86
7912,0006,SANTANDER,CARLOS,DEPOSITO,2022-02-23T15:34:34,2259.34
4657,0003,ITAU,FELIPE,SAQUE,2022-02-09T15:13:55,4807.95
1488,0007,SANTANDER,LUCAS,SAQUE,2022-02-06T21:18:09,2809.95
1434,0010,BANCO DO BRASIL,PAULA,SAQUE,2022-02-03T03:04:58,1601.92
4582,0008,ITAU,BRUNA,DEPOSITO,2022-02-16T05:32:53,4783.86
2824,0001,SANTANDER,JOAO,SAQUE,2022-02-03T12:56:15,1938.21
1434,0010,BANCO DO BRASIL,PAULA,SAQUE,2022-02-20T08:30:38,4067.67
2679,0004,BANCO DO BRASIL,JULIA,DEPOSITO,2022-02-05T23:48:23,2185.3
7912,0006,SANTANDER,CARLOS,DEPOSITO,2022-02-04T08:12:28,1156.77
1434,0010,BANCO DO BRASIL,PAULA,DEPOSITO,2022-02-03T14:38:40,2439.52
1488,0007,SANTANDER,LUCAS,SAQUE,2022-02-24T21:00:45,856.1
2679,0004,BANCO DO BRASIL,JULIA,SAQUE,2022-02-11T15:49:44,584.79
2424,0005,BANCO DO BRASIL,ANA,DEPOSITO,2022-02-28T19:32:51,3126.22
9279,0009,BANCO DO BRASIL,MARCOS,DEPOSITO,2022-02-28T03:56:05,3872.38
2824,0001,SANTANDER,JOAO,SAQUE,2022-02-07T18:42:31,4843.21
1434,0010,BANCO DO BRASIL,PAULA,DEPOSITO,2022-02-26T20:07:18,2195.73
4582,0008,ITAU,BRUNA,SAQUE,2022-02-17T19:01:35,1638.22
2824,0001,SANTANDER,JOAO,DEPOSITO,2022-02-20T17:57:06,3131.12
7912,0006,SANTANDER,CARLOS,SAQUE,2022-02-26T11:28:01,4718.52
9279,0009,BANCO DO BRASIL,MARCOS,DEPOSITO,2022-02-26T16:08:46,645.46
1434,0010,BANCO DO BRASIL,PAULA,SAQUE,2022-02-14T16:04:33,4482.96
9279,0009,BANCO DO BRASIL,MARCOS,SAQUE,2022-02-17T21:10:52,601.98
4582,0008,ITAU,BRUNA,DEPOSITO,2022-02-13T17:26:24,2926.95
1488,0007,SANTANDER,LUCAS,SAQUE,2022-02-28T15:03:20,1511.74
2679,0004,BANCO DO BRASIL,JULIA,SAQUE,2022-02-07T20:53:48,4691.99
5506,0002,ITAU,MARIA,SAQUE,2022-02-05T10:50:33,3594.09
2679,0004,BANCO DO BRASIL,JULIA,SAQUE,2022-02-07T20:41:22,1783.15
7912,0006,SANTANDER,CARLOS,SAQUE,2022-02-02T20:29:44,2708.78
4582,0008,ITAU,BRUNA,DEPOSITO,2022-02-03T03:10:02,4978.73
4657,0003,ITAU,FELIPE,SAQUE,2022-02-18T22:44:40,2247.01
1434,0010,BANCO DO BRASIL,PAULA,SAQUE,2022-02-09T22:31:47,901.4
1434,0010,BANCO DO BRASIL,PAULA,SAQUE,2022-02-04T01:54:17,819.84
2424,0005,BANCO DO BRASIL,ANA,SAQUE,2022-02-05T13:48:01,933.54
9279,0009,BANCO DO BRASIL,MARCOS,SAQUE,2022-02-13T09:27:17,1447.65
2679,0004,BANCO DO BRASIL,JULIA,SAQUE,2022-02-23T15:33:16,3123.36
5506,0002,ITAU,MARIA,DEPOSITO,2022-02-13T09:37:20,1283.79
4582,0008,ITAU,BRUNA,SAQUE,2022-02-07T23:44:28,2278.93
2424,0005,BANCO DO BRASIL,ANA,DEPOSITO,2022-02-18T16:26:10,3697.08
2824,0001,SANTANDER,JOAO,DEPOSITO,2022-02-08T13:38:51,4234.22
7912,0006,SANTANDER,CARLOS,SAQUE,2022-02-25T06:05:16,4298.21
4657,0003,ITAU,FELIPE,DEPOSITO,2022-02-05T04:58:23,157.83
4657,0003,ITAU,FELIPE,SAQUE,2022-02-14T18:59:05,3474.53
2824,0001,SANTANDER,JOAO,DEPOSITO,2022-02-14T06:11:22,4740.9
2824,0001,SANTANDER,JOAO,SAQUE,2022-02-09T09:52:11,197.91
2424,0005,BANCO DO BRASIL,ANA,SAQUE,2022-02-08T09:33:02,1662.03
1488,0007,SANTANDER,LUCAS,SAQUE,2022-02-07T23:33:31,2396.39
1488,0007,SANTANDER,LUCAS,SAQUE,2022-02-28T13:33:32,320.79
7912,0006,SANTANDER,CARLOS,SAQUE,2022-02-22T07:45:26,3237.52
2824,0001,SANTANDER,JOAO,SAQUE,2022-02-20T04:07:52,592.22
2424,0005,BANCO DO BRASIL,ANA,SAQUE,2022-02-27T09:39:49,3843.68
7912,0006,SANTANDER,CARLOS,SAQUE,2022-02-20T02:27:14,4383.19
1488,0007,SANTANDER,LUCAS,DEPOSITO,2022-02-06T08:35:52,4705.04
1434,0010,BANCO DO BRASIL,PAULA,SAQUE,2022-02-14T14:56:28,4294.98
4657,0003,ITAU,FELIPE,DEPOSITO,2022-02-10T08:11:43,1243.86
9279,0009,BANCO DO BRASIL,MARCOS,DEPOSITO,2022-02-07T14:02:36,3904.78
1488,0007,SANTANDER,LUCAS,DEPOSITO,2022-02-03T05:33:41,326.05
2679,0004,BANCO DO BRASIL,JULIA,SAQUE,2022-02-10T15:31:39,3649.69
5506,0002,ITAU,MARIA,DEPOSITO,2022-02-02T15:49:32,4510.8
1488,0007,SANTANDER,LUCAS,SAQUE,2022-02-18T00:46:01,456.96
2824,0001,SANTANDER,JOAO,SAQUE,2022-02-14T09:41:13,4172.46
4657,0003,ITAU,FELIPE,DEPOSITO,2022-02-27T18:21:01,1755.3
2679,0004,BANCO DO BRASIL,JULIA,DEPOSITO,2022-02-26T20:14:57,2294.19
2679,0004,BANCO DO BRASIL,JULIA,DEPOSITO,2022-02-24T10:58:41,542.2
2824,0001,SANTANDER,JOAO,DEPOSITO,2022-02-20T16:56:11,4077.15
2424,0005,BANCO DO BRASIL,ANA,DEPOSITO,2022-02-12T18:37:51,2324.99
2824,0001,SANTANDER,JOAO,SAQUE,2022-02-05T12:08:58,1347.57
7912,0006,SANTANDER,CARLOS,SAQUE,2022-02-28T15:31:51,1969.55
9279,0009,BANCO DO BRASIL,MARCOS,SAQUE,2022-02-23T14:05:52,1352.98
1434,0010,BANCO DO BRASIL,PAULA,SAQUE,2022-02-12T20:43:48,3445.1
7912,0006,SANTANDER,CARLOS,DEPOSITO,2022-02-02T03:13:14,2008.05
7912,0006,SANTANDER,CARLOS,DEPOSITO,2022-02-16T20:06:38,1597.11
7912,0006,SANTANDER,CARLOS,DEPOSITO,2022-02-24T02:57:24,4466.84
1434,0010,BANCO DO BRASIL,PAULA,SAQUE,2022-02-19T22:19:40,2223.45
2424,0005,BANCO DO BRASIL,ANA,DEPOSITO,2022-02-06T13:18:41,4418.01
2679,0004,BANCO DO BRASIL,JULIA,DEPOSITO,2022-02-20T18:55:35,1946.28
1488,0007,SANTANDER,LUCAS,DEPOSITO,2022-02-20T10:20:11,3796.14
1434,0010,BANCO DO BRASIL,PAULA,SAQUE,2022-02-02T22:18:08,3100.71
4657,0003,ITAU,FELIPE,DEPOSITO,2022-02-22T00:14:18,2924.16
2679,0004,BANCO DO BRASIL,JULIA,DEPOSITO,2022-02-19T01:17:51,4853.91
4582,0008,ITAU,BRUNA,SAQUE,2022-02-27T04:15:11,670.24
2679,0004,BANCO DO BRASIL,JULIA,SAQUE,2022-02-02T08:58:47,1398.74
4657,0003,ITAU,FELIPE,DEPOSITO,2022-02-03T13:13:16,559.12
1434,0010,BANCO DO BRASIL,PAULA,SAQUE,2022-02-13T01:50:59,670.92
1434,0010,BANCO DO BRASIL,PAULA,DEPOSITO,2022-02-01T06:29:29,1348.04
9279,0009,BANCO DO BRASIL,MARCOS,DEPOSITO,2022-02-11T01:20:14,2112.03
7912,0006,SANTANDER,CARLOS,SAQUE,2022-02-15T19:44:22,2266.06
2824,0001,SANTANDER,JOAO,DEPOSITO,2022-02-05T18:34:26,4084.63
5506,0002,ITAU,MARIA,DEPOSITO,2022-02-25T07:20:18,4293.31
9279,0009,BANCO DO BRASIL,MARCOS,SAQUE,2022-02-02T22:28:02,4424.9
2824,0001,SANTANDER,JOAO,DEPOSITO,2022-02-15T00:16:01,116.38
1434,0010,BANCO DO BRASIL,PAULA,DEPOSITO,2022-02-11T06:23:27,1792.56
2424,0005,BANCO DO BRASIL,ANA,SAQUE,2022-02-23T00:46:59,214.36
4582,0008,ITAU,BRUNA,SAQUE,2022-02-27T23:03:40,4700.2
9279,0009,BANCO DO BRASIL,MARCOS,DEPOSITO,2022-02-28T22:27:21,4444.13
7912,0006,SANTANDER,CARLOS,SAQUE,2022-02-10T21:13:14,2481.42
4582,0008,ITAU,BRUNA,DEPOSITO,2022-02-02T12:52:13,2115.73
7912,0006,SANTANDER,CARLOS,DEPOSITO,2022-02-13T20:11:20,4037.57
2824,0001,SANTANDER,JOAO,DEPOSITO,2022-02-25T02:58:54,4975.34
1488,0007,SANTANDER,LUCAS,DEPOSITO,2022-02-23T08:36:48,4387.55
4657,0003,ITAU,FELIPE,SAQUE,2022-02-04T04:56:27,2113.09
7912,0006,SANTANDER,CARLOS,SAQUE,2022-02-13T13:32:52,4587.97
1488,0007,SANTANDER,LUCAS,DEPOSITO,2022-02-14T23:56:26,3667.88
2824,0001,SANTANDER,JOAO,SAQUE,2022-02-06T04:35:53,1745.7
5506,0002,ITAU,MARIA,DEPOSITO,2022-02-09T22:46:45,4099.77
5506,0002,ITAU,MARIA,SAQUE,2022-02-20T18:30:02,1809.21
9279,0009,BANCO DO BRASIL,MARCOS,SAQUE,2022-02-01T00:18:05,3041.4
2824,0001,SANTANDER,JOAO,SAQUE,2022-02-25T02:18:13,2780.78
2424,0005,BANCO DO BRASIL,ANA,SAQUE,2022-02-27T08:00:52,742.91
7912,0006,SANTANDER,CARLOS,SAQUE,2022-02-24T16:23:49,1407.3
4657,0003,ITAU,FELIPE,SAQUE,2022-02-24T19:47:10,949.82
2679,0004,BANCO DO BRASIL,JULIA,DEPOSITO,2022-02-04T21:09:23,2345.62
2824,0001,SANTANDER,JOAO,SAQUE,2022-02-28T12:25:26,4452.13
1434,0010,BANCO DO BRASIL,PAULA,DEPOSITO,2022-02-13T06:36:21,1386.12
2679,0004,BANCO DO BRASIL,JULIA,DEPOSITO,2022-02-19T21:33:34,2334.0
1488,0007,SANTANDER,LUCAS,DEPOSITO,2022-02-28T22:21:05,3456.37
9279,0009,BANCO DO BRASIL,MARCOS,SAQUE,2022-02-23T18:07:14,2709.0
4582,0008,ITAU,BRUNA,SAQUE,2022-02-18T07:14:39,2907.1
7912,0006,SANTANDER,CARLOS,SAQUE,2022-02-23T19:03:23,1991.51
9279,0009,BANCO DO BRASIL,MARCOS,SAQUE,2022-02-24T04:49:30,3309.73
2424,0005,BANCO DO BRASIL,ANA,DEPOSITO,2022-02-11T11:10:14,923.55
2824,0001,SANTANDER,JOAO,SAQUE,2022-02-18T19:16:05,4972.89
5506,0002,ITAU,MARIA,DEPOSITO,2022-02-20T15:20:36,2423.76
1488,0007,SANTANDER,LUCAS,DEPOSITO,2022-02-02T05:35:17,689.27
1434,0010,BANCO DO BRASIL,PAULA,SAQUE,2022-02-09T05:27:42,3373.38
1488,0007,SANTANDER,LUCAS,SAQUE,2022-02-06T15:04:30,2788.38
1488,0007,SANTANDER,LUCAS,DEPOSITO,2022-02-04T03:47:52,1677.58
2824,0001,SANTANDER,JOAO,DEPOSITO,2022-02-03T18:27:47,2391.36
1488,0007,SANTANDER,LUCAS,SAQUE,2022-02-14T07:16:32,4333.56
9279,0009,BANCO DO BRASIL,MARCOS,DEPOSITO,2022-02-05T10:09:34,4337.05
2424,0005,BANCO DO BRASIL,ANA,SAQUE,2022-02-25T22:41:52,977.14
2824,0001,SANTANDER,JOAO,DEPOSITO,2022-02-02T02:45:04,4950.21
2679,0004,BANCO DO BRASIL,JULIA,DEPOSITO,2022-02-11T03:53:43,399.39
2424,0005,BANCO DO BRASIL,ANA,SAQUE,2022-02-24T11:07:02,3431.99
2679,0004,BANCO DO BRASIL,JULIA,DEPOSITO,2022-02-17T12:12:26,658.18
5506,0002,ITAU,MARIA,SAQUE,2022-02-19T10:32:06,1457.98
1434,0010,BANCO DO BRASIL,PAULA,DEPOSITO,2022-02-15T13:05:45,2099.29
2424,0005,BANCO DO BRASIL,ANA,DEPOSITO,2022-02-21T12:59:57,3865.66
7912,0006,SANTANDER,CARLOS,SAQUE,2022-02-07T15:17:10,3717.07
7912,0006,SANTANDER,CARLOS,DEPOSITO,2022-02-20T10:06:37,2061.46
4582,0008,ITAU,BRUNA,SAQUE,2022-02-23T18:27:28,2575.35
9279,0009,BANCO DO BRASIL,MARCOS,DEPOSITO,2022-02-24T21:45:06,393.25
7912,0006,SANTANDER,CARLOS,DEPOSITO,2022-02-06T17:15:30,713.51
1434,0010,BANCO DO BRASIL,PAULA,SAQUE,2022-02-04T18:39:13,3616.39
2679,0004,BANCO DO BRASIL,JULIA,SAQUE,2022-02-25T09:58:17,2206.11
1488,0007,SANTANDER,LUCAS,SAQUE,2022-02-14T00:28:39,3208.18
7912,0006,SANTANDER,CARLOS,SAQUE,2022-02-24T15:31:34,1296.88
5506,0002,ITAU,MARIA,DEPOSITO,2022-02-06T13:11:44,2964.89
2824,0001,SANTANDER,JOAO,SAQUE,2022-02-05T01:58:07,1277.25
4582,0008,ITAU,BRUNA,DEPOSITO,2022-02-22T16:06:13,2693.26
1434,0010,BANCO DO BRASIL,PAULA,SAQUE,2022-02-25T02:03:13,2281.44
5506,0002,ITAU,MARIA,DEPOSITO,2022-02-25T00:56:26,1612.36
2424,0005,BANCO DO BRASIL,ANA,SAQUE,2022-02-03T08:59:40,932.35
1488,0007,SANTANDER,LUCAS,SAQUE,2022-02-08T17:23:23,2914.38
5506,0002,ITAU,MARIA,SAQUE,2022-02-09T16:35:45,3145.14
2824,0001,SANTANDER,JOAO,SAQUE,2022-02-28T10:51:03,2167.1
1488,0007,SANTANDER,LUCAS,SAQUE,2022-02-25T12:35:05,219.74
2824,0001,SANTANDER,JOAO,DEPOSITO,2022-02-24T19:51:29,1646.24
1488,0007,SANTANDER,LUCAS,SAQUE,2022-02-20T11:44:30,2877.94
9279,0009,BANCO DO BRASIL,MARCOS,SAQUE,2022-02-15T19:31:23,166.22
2824,0001,SANTANDER,JOAO,SAQUE,2022-02-01T21:09:29,1275.57
2824,0001,SANTANDER,JOAO,SAQUE,2022-02-14T10:04:57,4486.25
1434,0010,BANCO DO BRASIL,PAULA,DEPOSITO,2022-02-23T09:53:46,3849.5
1434,0010,BANCO DO BRASIL,PAULA,DEPOSITO,2022-02-15T22:53:32,376.36
2424,0005,BANCO DO BRASIL,ANA,SAQUE,2022-02-15T22:22:45,277.7
7912,0006,SANTANDER,CARLOS,DEPOSITO,2022-02-28T22:29:13,2590.44
2824,0001,SANTANDER,JOAO,DEPOSITO,2022-02-03T23:22:54,4815.43
2679,0004,BANCO DO BRASIL,JULIA,DEPOSITO,2022-02-01T16:24:03,4461.11
1434,0010,BANCO DO BRASIL,PAULA,SAQUE,2022-02-10T16:09:06,938.17
2424,0005,BANCO DO BRASIL,ANA,DEPOSITO,2022-02-27T05:29:30,4101.99
2824,0001,SANTANDER,JOAO,DEPOSITO,2022-02-27T17:36:59,1128.74
7912,0006,SANTANDER,CARLOS,DEPOSITO,2022-02-23T16:32:14,157.53
9279,0009,BANCO DO BRASIL,MARCOS,DEPOSITO,2022-02-06T07:07:58,438.25
4582,0008,ITAU,BRUNA,SAQUE,2022-02-14T03:02:50,2207.58
7912,0006,SANTANDER,CARLOS,DEPOSITO,2022-02-23T21:12:07,3797.04
4657,0003,ITAU,FELIPE,SAQUE,2022-02-20T08:46:20,455.05
4582,0008,ITAU,BRUNA,DEPOSITO,2022-02-03T22:15:54,840.1
7912,0006,SANTANDER,CARLOS,SAQUE,2022-02-24T04:08:46,805.06
4582,0008,ITAU,BRUNA,DEPOSITO,2022-02-26T07:01:54,3936.61
1488,0007,SANTANDER,LUCAS,SAQUE,2022-02-14T22:37:25,712.08
2424,0005,BANCO DO BRASIL,ANA,SAQUE,2022-02-10T15:04:00,1222.24
1488,0007,SANTANDER,LUCAS,SAQUE,2022-02-25T06:38:07,3333.38
2679,0004,BANCO DO BRASIL,JULIA,DEPOSITO,2022-02-20T22:39:38,4633.56
5506,0002,ITAU,MARIA,SAQUE,2022-02-02T11:34:06,549.28
4582,0008,ITAU,BRUNA,SAQUE,2022-02-06T18:54:19,1802.32
9279,0009,BANCO DO BRASIL,MARCOS,DEPOSITO,2022-02-22T11:11:17,3036.7
4657,0003,ITAU,FELIPE,SAQUE,2022-02-07T07:37:00,4708.02
2424,0005,BANCO DO BRASIL,ANA,DEPOSITO,2022-02-05T00:27:44,1771.52
1488,0007,SANTANDER,LUCAS,DEPOSITO,2022-02-12T22:26:30,1075.09
4582,0008,ITAU,BRUNA,DEPOSITO,2022-02-16T16:59:51,2253.57
4582,0008,ITAU,BRUNA,DEPOSITO,2022-02-06T08:58:26,4974.65
4582,0008,ITAU,BRUNA,SAQUE,2022-02-13T01:48:05,2850.9
9279,0009,BANCO DO BRASIL,MARCOS,DEPOSITO,2022-02-12T08:20:43,890.06
7912,0006,SANTANDER,CARLOS,DEPOSITO,2022-02-25T19:51:03,587.07
4657,0003,ITAU,FELIPE,DEPOSITO,2022-02-26T04:38:12,3261.03
9279,0009,BANCO DO BRASIL,MARCOS,SAQUE,2022-02-22T19:34:13,1485.41
2424,0005,BANCO DO BRASIL,ANA,DEPOSITO,2022-02-11T01:29:46,3454.3
2679,0004,BANCO DO BRASIL,JULIA,DEPOSITO,2022-02-23T19:32:01,4337.64
4657,0003,ITAU,FELIPE,DEPOSITO,2022-02-13T01:42:08,2620.23
2824,0001,SANTANDER,JOAO,SAQUE,2022-02-15T03:16:43,2920.68
2679,0004,BANCO DO BRASIL,JULIA,SAQUE,2022-02-10T14:50:30,4120.13
9279,0009,BANCO DO BRASIL,MARCOS,DEPOSITO,2022-02-28T19:29:32,1897.7
1434,0010,BANCO DO BRASIL,PAULA,SAQUE,2022-02-18T07:51:33,1576.68
2679,0004,BANCO DO BRASIL,JULIA,DEPOSITO,2022-02-26T23:48:05,4362.24
2679,0004,BANCO DO BRASIL,JULIA,SAQUE,2022-02-21T20:58:55,4530.63
5506,0002,ITAU,MARIA,DEPOSITO,2022-02-14T23:25:26,3408.46
1488,0007,SANTANDER,LUCAS,SAQUE,2022-02-17T08:06:05,4527.27
2824,0001,SANTANDER,JOAO,SAQUE,2022-02-11T13:32:09,4087.0
2679,0004,BANCO DO BRASIL,JULIA,SAQUE,2022-02-01T07:19:51,2534.04
2424,0005,BANCO DO BRASIL,ANA,DEPOSITO,2022-02-27T10:12:49,2855.1
1488,0007,SANTANDER,LUCAS,SAQUE,2022-02-23T16:32:56,4598.51
7912,0006,SANTANDER,CARLOS,SAQUE,2022-02-11T17:16:48,210.34
2679,0004,BANCO DO BRASIL,JULIA,DEPOSITO,2022-02-14T08:44:03,3392.43
2424,0005,BANCO DO BRASIL,ANA,SAQUE,2022-02-28T22:48:27,4939.89
2824,0001,SANTANDER,JOAO,DEPOSITO,2022-02-07T10:09:25,3240.38
2824,0001,SANTANDER,JOAO,DEPOSITO,2022-02-03T05:04:59,2562.14
2824,0001,SANTANDER,JOAO,SAQUE,2022-02-19T16:25:00,4468.24
4582,0008,ITAU,BRUNA,DEPOSITO,2022-02-26T06:32:19,2633.3
4582,0008,ITAU,BRUNA,SAQUE,2022-02-17T12:04:41,2190.72
7912,0006,SANTANDER,CARLOS,DEPOSITO,2022-02-05T00:33:37,512.29
5506,0002,ITAU,MARIA,DEPOSITO,2022-02-22T23:54:02,753.66
2424,0005,BANCO DO BRASIL,ANA,SAQUE,2022-02-19T16:26:05,3259.53
7912,0006,SANTANDER,CARLOS,DEPOSITO,2022-02-19T10:43:11,3066.9
2424,0005,BANCO DO BRASIL,ANA,SAQUE,2022-02-27T20:07:09,3635.97
2824,0001,SANTANDER,JOAO,SAQUE,2022-02-25T15:46:24,4207.96
1434,0010,BANCO DO BRASIL,PAULA,SAQUE,2022-02-13T11:53:36,3427.23
4582,0008,ITAU,BRUNA,DEPOSITO,2022-02-02T13:48:33,4144.99
5506,0002,ITAU,MARIA,SAQUE,2022-02-24T03:04:44,4686.68
5506,0002,ITAU,MARIA,DEPOSITO,2022-02-25T10:25:46,2947.47
1434,0010,BANCO DO BRASIL,PAULA,SAQUE,2022-02-19T15:35:37,878.84
2824,0001,SANTANDER,JOAO,SAQUE,2022-02-19T09:47:10,460.36
1434,0010,BANCO DO BRASIL,PAULA,SAQUE,2022-02-12T00:37:15,2071.2
2679,0004,BANCO DO BRASIL,JULIA,SAQUE,2022-02-17T18:25:11,2059.92
2679,0004,BANCO DO BRASIL,JULIA,DEPOSITO,2022-02-26T07:21:29,2428.14
7912,0006,SANTANDER,CARLOS,SAQUE,2022-02-11T01:48:52,3742.57
5506,0002,ITAU,MARIA,DEPOSITO,2022-02-10T11:50:58,2738.04
2679,0004,BANCO DO BRASIL,JULIA,DEPOSITO,2022-02-04T04:55:20,1821.07
9279,0009,BANCO DO BRASIL,MARCOS,DEPOSITO,2022-02-20T11:34:21,3769.06
2424,0005,BANCO DO BRASIL,ANA,SAQUE,2022-02-09T13:46:30,2776.83
4582,0008,ITAU,BRUNA,SAQUE,2022-02-13T00:19:05,3404.91
5506,0002,ITAU,MARIA,SAQUE,2022-02-13T20:33:03,3994.75
5506,0002,ITAU,MARIA,DEPOSITO,2022-02-09T19:30:30,619.91
5506,0002,ITAU,MARIA,DEPOSITO,2022-02-02T19:34:06,3891.17
2424,0005,BANCO DO BRASIL,ANA,SAQUE,2022-02-13T02:44:10,3468.95
4582,0008,ITAU,BRUNA,DEPOSITO,2022-02-07T06:44:40,4840.48
7912,0006,SANTANDER,CARLOS,SAQUE,2022-02-18T23:08:35,1565.07
5506,0002,ITAU,MARIA,SAQUE,2022-02-02T21:07:27,1044.03
1434,0010,BANCO DO BRASIL,PAULA,SAQUE,2022-02-02T17:02:56,3174.52
2824,0001,SANTANDER,JOAO,SAQUE,2022-02-16T13:40:29,1125.05
5506,0002,ITAU,MARIA,SAQUE,2022-02-23T05:13:12,4318.42
9279,0009,BANCO DO BRASIL,MARCOS,SAQUE,2022-02-15T02:41:36,2346.41
2424,0005,BANCO DO BRASIL,ANA,DEPOSITO,2022-02-16T10:51:36,4443.16
2424,0005,BANCO DO BRASIL,ANA,DEPOSITO,2022-02-08T06:09:49,563.75
9279,0009,BANCO DO BRASIL,MARCOS,SAQUE,2022-02-28T20:40:16,4613.26
1434,0010,BANCO DO BRASIL,PAULA,DEPOSITO,2022-02-02T13:16:18,2195.93
2824,0001,SANTANDER,JOAO,SAQUE,2022-02-04T06:31:37,4528.05
5506,0002,ITAU,MARIA,DEPOSITO,2022-02-02T12:04:52,4039.15
1434,0010,BANCO DO BRASIL,PAULA,DEPOSITO,2022-02-07T13:12:15,4205.09
4657,0003,ITAU,FELIPE,DEPOSITO,2022-02-27T14:23:40,2356.54
1488,0007,SANTANDER,LUCAS,SAQUE,2022-02-19T11:32:56,2547.62
5506,0002,ITAU,MARIA,DEPOSITO,2022-02-11T04:25:39,3768.34
1434,0010,BANCO DO BRASIL,PAULA,SAQUE,2022-02-01T10:56:50,4788.51
4582,0008,ITAU,BRUNA,SAQUE,2022-02-17T05:34:25,2288.8
9279,0009,BANCO DO BRASIL,MARCOS,SAQUE,2022-02-11T07:44:47,2282.61
1434,0010,BANCO DO BRASIL,PAULA,DEPOSITO,2022-02-15T03:17:38,1540.25
1488,0007,SANTANDER,LUCAS,DEPOSITO,2022-02-20T13:59:14,2150.84
4582,0008,ITAU,BRUNA,SAQUE,2022-02-23T00:17:12,668.4
1488,0007,SANTANDER,LUCAS,SAQUE,2022-02-19T19:10:12,4158.64
2824,0001,SANTANDER,JOAO,DEPOSITO,2022-02-08T06:59:39,51.19
4582,0008,ITAU,BRUNA,SAQUE,2022-02-04T07:42:57,1181.5
4657,0003,ITAU,FELIPE,DEPOSITO,2022-02-20T04:53:12,155.67
4582,0008,ITAU,BRUNA,SAQUE,2022-02-10T18:34:01,1980.91
2679,0004,BANCO DO BRASIL,JULIA,DEPOSITO,2022-02-25T12:21:30,2265.57
2824,0001,SANTANDER,JOAO,DEPOSITO,2022-02-03T13:47:32,2039.59
1434,0010,BANCO DO BRASIL,PAULA,SAQUE,2022-02-11T17:32:19,2255.11
7912,0006,SANTANDER,CARLOS,SAQUE,2022-02-16T04:02:38,3538.47
4657,0003,ITAU,FELIPE,SAQUE,2022-02-07T03:01:25,1382.33
2824,0001,SANTANDER,JOAO,SAQUE,2022-02-01T19:40:59,3429.39
2424,0005,BANCO DO BRASIL,ANA,SAQUE,2022-02-03T01:17:45,316.64
4657,0003,ITAU,FELIPE,DEPOSITO,2022-02-11T22:46:16,4822.18
7912,0006,SANTANDER,CARLOS,SAQUE,2022-02-17T15:09:42,1627.81
9279,0009,BANCO DO BRASIL,MARCOS,SAQUE,2022-02-07T03:17:53,1210.01
2824,0001,SANTANDER,JOAO,SAQUE,2022-02-14T13:39:12,1230.81
2824,0001,SANTANDER,JOAO,DEPOSITO,2022-02-16T11:48:36,4000.55
2679,0004,BANCO DO BRASIL,JULIA,SAQUE,2022-02-28T16:20:21,3681.16
4582,0008,ITAU,BRUNA,DEPOSITO,2022-02-05T14:57:06,1973.6
2679,0004,BANCO DO BRASIL,JULIA,SAQUE,2022-02-13T01:16:23,1795.16
2679,0004,BANCO DO BRASIL,JULIA,SAQUE,2022-02-15T02:57:29,1346.94
2824,0001,SANTANDER,JOAO,DEPOSITO,2022-02-09T20:02:29,3332.53
4582,0008,ITAU,BRUNA,DEPOSITO,2022-02-06T18:18:12,4903.55
2679,0004,BANCO DO BRASIL,JULIA,DEPOSITO,2022-02-24T17:28:40,2974.28
5506,0002,ITAU,MARIA,DEPOSITO,2022-02-07T14:44:23,1701.62
1488,0007,SANTANDER,LUCAS,SAQUE,2022-02-23T11:51:08,3633.77
4657,0003,ITAU,FELIPE,DEPOSITO,2022-02-05T01:29:14,1927.11
9279,0009,BANCO DO BRASIL,MARCOS,DEPOSITO,2022-02-24T18:01:18,1847.53
2824,0001,SANTANDER,JOAO,DEPOSITO,2022-02-26T12:30:25,601.46
2679,0004,BANCO DO BRASIL,JULIA,DEPOSITO,2022-02-13T04:34:09,2501.96
4582,0008,ITAU,BRUNA,DEPOSITO,2022-02-04T04:57:55,1710.16
2424,0005,BANCO DO BRASIL,ANA,SAQUE,2022-02-06T12:05:11,3826.85
7912,0006,SANTANDER,CARLOS,DEPOSITO,2022-02-26T04:50:47,3294.84
4657,0003,ITAU,FELIPE,SAQUE,2022-02-22T07:41:03,1175.27
5506,0002,ITAU,MARIA,DEPOSITO,2022-02-25T23:56:56,1720.72
9279,0009,BANCO DO BRASIL,MARCOS,DEPOSITO,2022-02-09T19:40:58,1173.54
1434,0010,BANCO DO BRASIL,PAULA,DEPOSITO,2022-02-05T08:27:18,4446.87
1488,0007,SANTANDER,LUCAS,SAQUE,2022-02-16T14:06:15,1037.38
4582,0008,ITAU,BRUNA,SAQUE,2022-02-15T05:49:43,3617.75
4582,0008,ITAU,BRUNA,SAQUE,2022-02-16T19:41:05,1886.52
7912,0006,SANTANDER,CARLOS,DEPOSITO,2022-02-09T03:21:38,4843.45
2424,0005,BANCO DO BRASIL,ANA,SAQUE,2022-02-01T15:23:11,1057.18
2824,0001,SANTANDER,JOAO,SAQUE,2022-02-13T00:08:08,178.55
4582,0008,ITAU,BRUNA,SAQUE,2022-02-11T05:58:04,3637.19
7912,0006,SANTANDER,CARLOS,SAQUE,2022-02-07T03:51:37,3019.66
9279,0009,BANCO DO BRASIL,MARCOS,DEPOSITO,2022-02-23T00:36:57,3080.45
2679,0004,BANCO DO BRASIL,JULIA,DEPOSITO,2022-02-13T03:19:13,1732.28
2424,0005,BANCO DO BRASIL,ANA,DEPOSITO,2022-02-21T03:10:47,3369.77
5506,0002,ITAU,MARIA,DEPOSITO,2022-02-07T06:32:48,3028.76
1434,0010,BANCO DO BRASIL,PAULA,SAQUE,2022-02-15T00:11:41,2713.73
2424,0005,BANCO DO BRASIL,ANA,SAQUE,2022-02-08T11:41:16,1540.9
2424,0005,BANCO DO BRASIL,ANA,DEPOSITO,2022-02-12T20:51:12,720.15
7912,0006,SANTANDER,CARLOS,DEPOSITO,2022-02-22T12:04:46,1612.66
2824,0001,SANTANDER,JOAO,DEPOSITO,2022-02-18T13:24:18,1351.05
1434,0010,BANCO DO BRASIL,PAULA,SAQUE,2022-02-17T07:35:52,804.37
1434,0010,BANCO DO BRASIL,PAULA,DEPOSITO,2022-02-02T20:21:06,4116.55
4582,0008,ITAU,BRUNA,SAQUE,2022-02-09T05:16:22,1449.51
2424,0005,BANCO DO BRASIL,ANA,DEPOSITO,2022-02-28T15:13:31,3335.75
5506,0002,ITAU,MARIA,DEPOSITO,2022-02-25T07:14:22,2832.47
2824,0001,SANTANDER,JOAO,DEPOSITO,2022-02-02T15:01:37,3983.58
7912,0006,SANTANDER,CARLOS,SAQUE,2022-02-04T14:46:58,2354.95
1434,0010,BANCO DO BRASIL,PAULA,DEPOSITO,2022-02-14T02:43:46,3675.45
1488,0007,SANTANDER,LUCAS,DEPOSITO,2022-02-18T19:54:22,3126.26
9279,0009,BANCO DO BRASIL,MARCOS,SAQUE,2022-02-07T17:13:02,762.64
7912,0006,SANTANDER,CARLOS,SAQUE,2022-02-24T22:15:20,940.66
4582,0008,ITAU,BRUNA,SAQUE,2022-02-10T11:20:28,4077.93
4657,0003,ITAU,FELIPE,DEPOSITO,2022-02-14T02:18:16,2975.89
1434,0010,BANCO DO BRASIL,PAULA,DEPOSITO,2022-02-08T14:16:51,343.19
4657,0003,ITAU,FELIPE,DEPOSITO,2022-02-12T23:40:31,1830.08
2679,0004,BANCO DO BRASIL,JULIA,SAQUE,2022-02-24T05:58:59,4573.06
4582,0008,ITAU,BRUNA,DEPOSITO,2022-02-07T00:19:20,3409.06
1434,0010,BANCO DO BRASIL,PAULA,DEPOSITO,2022-02-11T05:36:34,3837.13
2424,0005,BANCO DO BRASIL,ANA,DEPOSITO,2022-02-06T05:18:55,3040.41
2424,0005,BANCO DO BRASIL,ANA,DEPOSITO,2022-02-05T21:07:17,4164.82
9279,0009,BANCO DO BRASIL,MARCOS,DEPOSITO,2022-02-26T12:20:29,2485.17
4582,0008,ITAU,BRUNA,SAQUE,2022-02-06T06:05:00,1757.07
1488,0007,SANTANDER,LUCAS,DEPOSITO,2022-02-23T17:15:51,1616.39
1434,0010,BANCO DO BRASIL,PAULA,SAQUE,2022-02-21T00:09:37,1729.62
4657,0003,ITAU,FELIPE,DEPOSITO,2022-02-08T13:02:17,3139.73
1434,0010,BANCO DO BRASIL,PAULA,DEPOSITO,2022-02-17T14:58:30,1876.39
4582,0008,ITAU,BRUNA,SAQUE,2022-02-16T08:36:48,4313.35
4657,0003,ITAU,FELIPE,SAQUE,2022-02-11T22:47:12,3299.46
2824,0001,SANTANDER,JOAO,DEPOSITO,2022-02-26T06:58:05,1498.39
7912,0006,SANTANDER,CARLOS,DEPOSITO,2022-02-20T15:58:42,1377.97
7912,0006,SANTANDER,CARLOS,DEPOSITO,2022-02-28T17:56:11,4848.6
1488,0007,SANTANDER,LUCAS,SAQUE,2022-02-24T04:33:40,363.43
9279,0009,BANCO DO BRASIL,MARCOS,DEPOSITO,2022-02-05T11:37:41,4581.59
2824,0001,SANTANDER,JOAO,SAQUE,2022-02-05T02:46:25,1698.14
2679,0004,BANCO DO BRASIL,JULIA,SAQUE,2022-02-06T02:50:13,4499.97
5506,0002,ITAU,MARIA,DEPOSITO,2022-02-24T09:32:41,1682.4
4582,0008,ITAU,BRUNA,SAQUE,2022-02-04T10:33:26,4476.45
5506,0002,ITAU,MARIA,DEPOSITO,2022-02-23T00:41:43,3668.83
1488,0007,SANTANDER,LUCAS,SAQUE,2022-02-15T11:24:05,1312.33
4582,0008,ITAU,BRUNA,SAQUE,2022-02-03T15:30:09,1810.54
9279,0009,BANCO DO BRASIL,MARCOS,SAQUE,2022-02-21T05:19:21,2088.28
4582,0008,ITAU,BRUNA,SAQUE,2022-02-26T23:21:18,2117.43
1488,0007,SANTANDER,LUCAS,SAQUE,2022-02-17T22:22:11,4266.72
1434,0010,BANCO DO BRASIL,PAULA,DEPOSITO,2022-02-22T03:34:15,1966.79
7912,0006,SANTANDER,CARLOS,DEPOSITO,2022-02-02T17:29:40,2982.94
9279,0009,BANCO DO BRASIL,MARCOS,SAQUE,2022-02-22T11:22:44,3901.42
2679,0004,BANCO DO BRASIL,JULIA,DEPOSITO,2022-02-14T14:27:38,4190.15
7912,0006,SANTANDER,CARLOS,SAQUE,2022-02-04T10:27:38,4104.89
1488,0007,SANTANDER,LUCAS,DEPOSITO,2022-02-06T12:02:56,2412.77
1488,0007,SANTANDER,LUCAS,DEPOSITO,2022-02-15T16:39:32,3443.04
2824,0001,SANTANDER,JOAO,DEPOSITO,2022-02-18T09:34:11,374.07
7912,0006,SANTANDER,CARLOS,SAQUE,2022-02-28T00:13:08,309.31
4657,0003,ITAU,FELIPE,SAQUE,2022-02-03T01:02:23,2817.06
1434,0010,BANCO DO BRASIL,PAULA,SAQUE,2022-02-10T21:27:47,2517.48
5506,0002,ITAU,MARIA,DEPOSITO,2022-02-24T07:16:27,4999.87
7912,0006,SANTANDER,CARLOS,SAQUE,2022-02-27T02:49:18,1067.26
1434,0010,BANCO DO BRASIL,PAULA,SAQUE,2022-02-04T12:47:59,948.93
2424,0005,BANCO DO BRASIL,ANA,DEPOSITO,2022-02-10T01:28:24,4445.93
2679,0004,BANCO DO BRASIL,JULIA,DEPOSITO,2022-02-28T06:00:08,4120.21
9279,0009,BANCO DO BRASIL,MARCOS,DEPOSITO,2022-02-08T06:15:05,3031.5
1434,0010,BANCO DO BRASIL,PAULA,SAQUE,2022-02-22T03:58:58,4193.8
7912,0006,SANTANDER,CARLOS,DEPOSITO,2022-02-21T11:17:29,453.0
2824,0001,SANTANDER,JOAO,DEPOSITO,2022-02-25T14:14:38,1439.57
2679,0004,BANCO DO BRASIL,JULIA,DEPOSITO,2022-02-07T05:15:27,4721.33
1434,0010,BANCO DO BRASIL,PAULA,SAQUE,2022-02-02T15:31:27,1537.53
4582,0008,ITAU,BRUNA,DEPOSITO,2022-02-16T03:00:33,3458.34
1488,0007,SANTANDER,LUCAS,DEPOSITO,2022-02-13T23:27:15,4657.66
2679,0004,BANCO DO BRASIL,JULIA,DEPOSITO,2022-02-05T01:25:18,2909.01
7912,0006,SANTANDER,CARLOS,DEPOSITO,2022-02-26T21:42:45,3839.84
2424,0005,BANCO DO BRASIL,ANA,SAQUE,2022-02-02T21:51:28,1549.24
2824,0001,SANTANDER,JOAO,SAQUE,2022-02-19T08:15:23,1926.11
4582,0008,ITAU,BRUNA,SAQUE,2022-02-05T16:51:45,358.51
4657,0003,ITAU,FELIPE,SAQUE,2022-02-18T06:23:05,1950.49
5506,0002,ITAU,MARIA,DEPOSITO,2022-02-12T11:55:30,4616.45
2824,0001,SANTANDER,JOAO,SAQUE,2022-02-14T11:36:35,4636.97
4582,0008,ITAU,BRUNA,SAQUE,2022-02-08T14:51:17,1422.62
2679,0004,BANCO DO BRASIL,JULIA,DEPOSITO,2022-02-05T12:17:30,2098.5
2424,0005,BANCO DO BRASIL,ANA,DEPOSITO,2022-02-24T14:08:54,422.25
1488,0007,SANTANDER,LUCAS,DEPOSITO,2022-02-21T21:31:01,538.66
7912,0006,SANTANDER,CARLOS,DEPOSITO,2022-02-19T10:56:38,1488.97
2424,0005,BANCO DO BRASIL,ANA,DEPOSITO,2022-02-19T18:29:26,4656.65
7912,0006,SANTANDER,CARLOS,SAQUE,2022-02-10T09:26:28,1477.95
1434,0010,BANCO DO BRASIL,PAULA,DEPOSITO,2022-02-13T21:56:19,4011.31
2824,0001,SANTANDER,JOAO,DEPOSITO,2022-02-05T20:50:49,2434.45
9279,0009,BANCO DO BRASIL,MARCOS,DEPOSITO,2022-02-23T03:18:59,2345.24
2824,0001,SANTANDER,JOAO,DEPOSITO,2022-02-22T06:11:51,2449.13
5506,0002,ITAU,MARIA,DEPOSITO,2022-02-28T21:01:48,2321.92
2679,0004,BANCO DO BRASIL,JULIA,SAQUE,2022-02-07T03:49:13,3630.75
4582,0008,ITAU,BRUNA,DEPOSITO,2022-02-28T14:47:41,3376.35
1488,0007,SANTANDER,LUCAS,SAQUE,2022-02-25T01:37:01,688.8
4657,0003,ITAU,FELIPE,SAQUE,2022-02-11T04:07:11,1603.06
7912,0006,SANTANDER,CARLOS,SAQUE,2022-02-22T13:31:44,3056.87
5506,0002,ITAU,MARIA,DEPOSITO,2022-02-19T08:00:17,2251.17
2424,0005,BANCO DO BRASIL,ANA,SAQUE,2022-02-10T20:37:22,1532.28
4657,0003,ITAU,FELIPE,DEPOSITO,2022-02-07T02:16:31,680.04
1434,0010,BANCO DO BRASIL,PAULA,SAQUE,2022-02-20T23:56:42,4408.98
7912,0006,SANTANDER,CARLOS,SAQUE,2022-02-02T21:41:03,4413.09
5506,0002,ITAU,MARIA,DEPOSITO,2022-02-16T01:18:43,1859.21
9279,0009,BANCO DO BRASIL,MARCOS,DEPOSITO,2022-02-02T16:03:27,2950.49
5506,0002,ITAU,MARIA,SAQUE,2022-02-24T06:59:15,3348.49
9279,0009,BANCO DO BRASIL,MARCOS,DEPOSITO,2022-02-13T12:09:51,1968.52
4657,0003,ITAU,FELIPE,SAQUE,2022-02-03T04:40:00,3664.88
9279,0009,BANCO DO BRASIL,MARCOS,SAQUE,2022-02-28T01:00:19,4621.37
4657,0003,ITAU,FELIPE,DEPOSITO,2022-02-09T17:29:04,1248.5
5506,0002,ITAU,MARIA,DEPOSITO,2022-02-28T14:19:30,4066.0
1488,0007,SANTANDER,LUCAS,SAQUE,2022-02-21T09:24:24,3942.7
1488,0007,SANTANDER,LUCAS,SAQUE,2022-02-22T13:14:31,4338.99
9279,0009,BANCO DO BRASIL,MARCOS,SAQUE,2022-02-25T12:58:57,1325.24
2824,0001,SANTANDER,JOAO,SAQUE,2022-02-28T12:26:31,1920.5
4657,0003,ITAU,FELIPE,DEPOSITO,2022-02-01T13:02:29,1865.57
2679,0004,BANCO DO BRASIL,JULIA,DEPOSITO,2022-02-01T10:54:32,1115.39
2824,0001,SANTANDER,JOAO,DEPOSITO,2022-02-24T10:39:23,4622.61
7912,0006,SANTANDER,CARLOS,DEPOSITO,2022-02-17T14:08:22,1846.6
1434,0010,BANCO DO BRASIL,PAULA,DEPOSITO,2022-02-28T16:22:17,2073.5
2679,0004,BANCO DO BRASIL,JULIA,SAQUE,2022-02-16T19:33:32,3354.03
2679,0004,BANCO DO BRASIL,JULIA,DEPOSITO,2022-02-19T16:37:39,947.71
2424,0005,BANCO DO BRASIL,ANA,DEPOSITO,2022-02-22T07:39:03,630.52
9279,0009,BANCO DO BRASIL,MARCOS,SAQUE,2022-02-08T19:28:58,3447.35
7912,0006,SANTANDER,CARLOS,DEPOSITO,2022-02-02T04:17:29,3744.95
2824,0001,SANTANDER,JOAO,SAQUE,2022-02-05T22:27:37,3658.12
7912,0006,SANTANDER,CARLOS,DEPOSITO,2022-02-02T00:33:11,3230.53
2424,0005,BANCO DO BRASIL,ANA,DEPOSITO,2022-02-07T21:08:34,841.39
2824,0001,SANTANDER,JOAO,SAQUE,2022-02-23T11:19:50,1050.32
1488,0007,SANTANDER,LUCAS,DEPOSITO,2022-02-16T20:10:28,2435.88
4582,0008,ITAU,BRUNA,DEPOSITO,2022-02-07T23:57:01,935.76
9279,0009,BANCO DO BRASIL,MARCOS,DEPOSITO,2022-02-23T14:57:17,1017.64
2424,0005,BANCO DO BRASIL,ANA,DEPOSITO,2022-02-17T16:50:49,1768.37
4657,0003,ITAU,FELIPE,SAQUE,2022-02-12T02:02:07,3451.29
2424,0005,BANCO DO BRASIL,ANA,DEPOSITO,2022-02-28T01:16:48,3513.22
4657,0003,ITAU,FELIPE,DEPOSITO,2022-02-13T11:40:20,4410.87
7912,0006,SANTANDER,CARLOS,SAQUE,2022-02-28T11:36:12,4263.59
4657,0003,ITAU,FELIPE,DEPOSITO,2022-02-16T13:24:45,3428.65
5506,0002,ITAU,MARIA,SAQUE,2022-02-09T12:44:03,4123.54
4582,0008,ITAU,BRUNA,SAQUE,2022-02-09T08:54:07,1505.9
2824,0001,SANTANDER,JOAO,DEPOSITO,2022-02-22T09:35:46,176.49
4582,0008,ITAU,BRUNA,SAQUE,2022-02-23T10:17:47,393.28
1488,0007,SANTANDER,LUCAS,SAQUE,2022-02-04T12:41:30,2076.22
4582,0008,ITAU,BRUNA,SAQUE,2022-02-13T14:46:17,3546.02
2824,0001,SANTANDER,JOAO,DEPOSITO,2022-02-19T10:46:19,773.96
1434,0010,BANCO DO BRASIL,PAULA,SAQUE,2022-02-09T03:04:27,2547.98
2679,0004,BANCO DO BRASIL,JULIA,DEPOSITO,2022-02-20T06:38:02,437.27
1434,0010,BANCO DO BRASIL,PAULA,SAQUE,2022-02-12T07:27:28,1288.66
4657,0003,ITAU,FELIPE,DEPOSITO,2022-02-14T07:28:28,107.2
1488,0007,SANTANDER,LUCAS,DEPOSITO,2022-02-19T07:48:54,1884.47
4582,0008,ITAU,BRUNA,SAQUE,2022-02-18T23:25:33,123.37
4657,0003,ITAU,FELIPE,SAQUE,2022-02-18T14:12:29,4655.4
2824,0001,SANTANDER,JOAO,SAQUE,2022-02-13T05:19:40,1688.68
4582,0008,ITAU,BRUNA,DEPOSITO,2022-02-17T10:21:08,3427.03
2424,0005,BANCO DO BRASIL,ANA,SAQUE,2022-02-02T17:06:03,477.9
2824,0001,SANTANDER,JOAO,SAQUE,2022-02-03T07:22:10,1368.28
4657,0003,ITAU,FELIPE,SAQUE,2022-02-13T21:20:19,3638.92
5506,0002,ITAU,MARIA,SAQUE,2022-02-16T08:37:27,4292.18
2824,0001,SANTANDER,JOAO,SAQUE,2022-02-21T13:30:05,4148.45
2824,0001,SANTANDER,JOAO,DEPOSITO,2022-02-04T15:02:08,3840.96
9279,0009,BANCO DO BRASIL,MARCOS,DEPOSITO,2022-02-23T11:04:35,4793.33
9279,0009,BANCO DO BRASIL,MARCOS,SAQUE,2022-02-18T03:37:47,4723.22
1488,0007,SANTANDER,LUCAS,DEPOSITO,2022-02-04T02:50:05,4549.41
1488,0007,SANTANDER,LUCAS,DEPOSITO,2022-02-09T06:27:31,4625.04
4657,0003,ITAU,FELIPE,SAQUE,2022-02-06T14:54:28,4064.32
4582,0008,ITAU,BRUNA,DEPOSITO,2022-02-20T00:36:42,670.83
2679,0004,BANCO DO BRASIL,JULIA,SAQUE,2022-02-11T12:28:53,633.79
7912,0006,SANTANDER,CARLOS,SAQUE,2022-02-26T12:03:29,4916.12
2424,0005,BANCO DO BRASIL,ANA,DEPOSITO,2022-02-18T23:20:50,1828.93
2824,0001,SANTANDER,JOAO,SAQUE,2022-02-24T01:43:49,3445.15
4582,0008,ITAU,BRUNA,DEPOSITO,2022-02-02T22:44:43,653.39
2424,0005,BANCO DO BRASIL,ANA,SAQUE,2022-02-21T13:26:23,571.34
4582,0008,ITAU,BRUNA,DEPOSITO,2022-02-14T00:32:06,3611.51
4657,0003,ITAU,FELIPE,DEPOSITO,2022-02-18T05:14:47,4563.86
2824,0001,SANTANDER,JOAO,DEPOSITO,2022-02-20T09:12:50,1153.9
4582,0008,ITAU,BRUNA,SAQUE,2022-02-18T10:16:07,4883.96
2824,0001,SANTANDER,JOAO,DEPOSITO,2022-02-02T16:59:34,3307.58
4582,0008,ITAU,BRUNA,SAQUE,2022-02-05T21:30:34,4576.38
2824,0001,SANTANDER,JOAO,SAQUE,2022-02-25T08:57:58,2321.3
2824,0001,SANTANDER,JOAO,SAQUE,2022-02-12T09:18:08,1056.43
2679,0004,BANCO DO BRASIL,JULIA,SAQUE,2022-02-14T08:12:27,445.93
2424,0005,BANCO DO BRASIL,ANA,SAQUE,2022-02-09T10:05:06,295.1
5506,0002,ITAU,MARIA,SAQUE,2022-02-07T16:12:33,148.56
4657,0003,ITAU,FELIPE,SAQUE,2022-02-15T18:29:11,244.95
1488,0007,SANTANDER,LUCAS,DEPOSITO,2022-02-20T17:53:01,949.62
4657,0003,ITAU,FELIPE,SAQUE,2022-02-23T20:45:48,32.4
5506,0002,ITAU,MARIA,DEPOSITO,2022-02-17T21:22:23,3082.72
9279,0009,BANCO DO BRASIL,MARCOS,DEPOSITO,2022-02-22T19:38:09,1869.15
1434,0010,BANCO DO BRASIL,PAULA,DEPOSITO,2022-02-16T05:56:36,4951.94
7912,0006,SANTANDER,CARLOS,DEPOSITO,2022-02-19T12:16:05,1028.98
7912,0006,SANTANDER,CARLOS,DEPOSITO,2022-02-06T03:18:50,2195.35
5506,0002,ITAU,MARIA,SAQUE,2022-02-13T23:45:56,1375.6
2824,0001,SANTANDER,JOAO,DEPOSITO,2022-02-16T01:19:24,4109.68
1488,0007,SANTANDER,LUCAS,DEPOSITO,2022-02-03T06:00:41,2601.5
2824,0001,SANTANDER,JOAO,DEPOSITO,2022-02-09T18:28:02,3257.06
4582,0008,ITAU,BRUNA,SAQUE,2022-02-15T19:41:18,2080.28
1434,0010,BANCO DO BRASIL,PAULA,SAQUE,2022-02-03T11:42:03,3384.67
5506,0002,ITAU,MARIA,SAQUE,2022-02-23T04:32:07,2086.32
4582,0008,ITAU,BRUNA,SAQUE,2022-02-22T19:30:20,3198.19
2679,0004,BANCO DO BRASIL,JULIA,DEPOSITO,2022-02-15T11:42:29,1194.75
2679,0004,BANCO DO BRASIL,JULIA,DEPOSITO,2022-02-08T00:50:03,1821.36
1434,0010,BANCO DO BRASIL,PAULA,DEPOSITO,2022-02-25T04:41:30,2388.38
2824,0001,SANTANDER,JOAO,DEPOSITO,2022-02-04T21:09:01,3373.43
2679,0004,BANCO DO BRASIL,JULIA,SAQUE,2022-02-23T01:47:02,467.45
2824,0001,SANTANDER,JOAO,SAQUE,2022-02-21T17:43:29,2783.69
5506,0002,ITAU,MARIA,SAQUE,2022-02-21T12:14:19,3780.03
1488,0007,SANTANDER,LUCAS,SAQUE,2022-02-22T19:16:20,653.15
1434,0010,BANCO DO BRASIL,PAULA,SAQUE,2022-02-07T19:08:10,748.64
4657,0003,ITAU,FELIPE,DEPOSITO,2022-02-20T10:14:35,3300.7
7912,0006,SANTANDER,CARLOS,DEPOSITO,2022-02-23T03:45:59,3667.9
2824,0001,SANTANDER,JOAO,SAQUE,2022-02-10T00:37:58,4861.94
1434,0010,BANCO DO BRASIL,PAULA,SAQUE,2022-02-22T13:27:32,3949.18
2824,0001,SANTANDER,JOAO,DEPOSITO,2022-02-01T18:57:30,356.58
9279,0009,BANCO DO BRASIL,MARCOS,DEPOSITO,2022-02-28T11:16:30,2627.17
1488,0007,SANTANDER,LUCAS,DEPOSITO,2022-02-08T09:12:55,2481.69
4657,0003,ITAU,FELIPE,SAQUE,2022-02-11T00:59:22,2765.3
1488,0007,SANTANDER,LUCAS,DEPOSITO,2022-02-07T00:41:54,895.44
1488,0007,SANTANDER,LUCAS,DEPOSITO,2022-02-15T19:56:12,3267.58
2679,0004,BANCO DO BRASIL,JULIA,SAQUE,2022-02-25T04:28:45,2062.02
2824,0001,SANTANDER,JOAO,SAQUE,2022-02-06T23:34:45,218.45
4582,0008,ITAU,BRUNA,SAQUE,2022-02-15T01:41:07,2257.84
1434,0010,BANCO DO BRASIL,PAULA,SAQUE,2022-02-21T13:52:30,2859.39
4582,0008,ITAU,BRUNA,DEPOSITO,2022-02-22T23:47:24,3535.03
1434,0010,BANCO DO BRASIL,PAULA,SAQUE,2022-02-19T15:22:02,2476.94
5506,0002,ITAU,MARIA,SAQUE,2022-02-18T02:53:19,3649.39
4582,0008,ITAU,BRUNA,DEPOSITO,2022-02-17T19:59:45,3758.13
5506,0002,ITAU,MARIA,SAQUE,2022-02-10T03:48:55,4962.83
5506,0002,ITAU,MARIA,DEPOSITO,2022-02-01T23:09:42,4792.07
2824,0001,SANTANDER,JOAO,DEPOSITO,2022-02-26T05:55:48,4934.62
9279,0009,BANCO DO BRASIL,MARCOS,SAQUE,2022-02-10T12:13:16,4374.35
5506,0002,ITAU,MARIA,SAQUE,2022-02-16T13:56:47,4477.04
5506,0002,ITAU,MARIA,DEPOSITO,2022-02-18T13:58:46,3181.57
2824,0001,SANTANDER,JOAO,SAQUE,2022-02-23T08:54:40,3679.26
4657,0003,ITAU,FELIPE,DEPOSITO,2022-02-16T16:09:25,4829.22
9279,0009,BANCO DO BRASIL,MARCOS,DEPOSITO,2022-02-23T00:51:32,4011.36
2424,0005,BANCO DO BRASIL,ANA,SAQUE,2022-02-25T07:50:00,4953.58
2424,0005,BANCO DO BRASIL,ANA,SAQUE,2022-02-16T22:00:31,941.14
1488,0007,SANTANDER,LUCAS,SAQUE,2022-02-26T17:25:15,1037.52
4657,0003,ITAU,FELIPE,SAQUE,2022-02-17T18:02:32,281.09
4582,0008,ITAU,BRUNA,DEPOSITO,2022-02-06T13:24:12,985.85
2679,0004,BANCO DO BRASIL,JULIA,DEPOSITO,2022-02-05T03:28:07,4835.52
2424,0005,BANCO DO BRASIL,ANA,DEPOSITO,2022-02-27T19:18:08,604.33
4657,0003,ITAU,FELIPE,SAQUE,2022-02-08T09:09:08,2708.7
1434,0010,BANCO DO BRASIL,PAULA,SAQUE,2022-02-06T20:58:18,1429.7
1434,0010,BANCO DO BRASIL,PAULA,SAQUE,2022-02-27T21:11:37,441.84
9279,0009,BANCO DO BRASIL,MARCOS,DEPOSITO,2022-02-01T23:02:13,4990.05
1434,0010,BANCO DO BRASIL,PAULA,DEPOSITO,2022-02-01T08:10:03,2385.48
5506,0002,ITAU,MARIA,SAQUE,2022-02-08T19:50:53,2211.77
1434,0010,BANCO DO BRASIL,PAULA,DEPOSITO,2022-02-09T00:59:59,3972.56
5506,0002,ITAU,MARIA,SAQUE,2022-02-09T20:19:33,2194.31
1488,0007,SANTANDER,LUCAS,DEPOSITO,2022-02-01T06:36:32,3813.49
4657,0003,ITAU,FELIPE,DEPOSITO,2022-02-16T14:48:10,795.66
1434,0010,BANCO DO BRASIL,PAULA,DEPOSITO,2022-02-04T04:21:58,3366.09
2679,0004,BANCO DO BRASIL,JULIA,SAQUE,2022-02-23T14:03:32,2566.19
1434,0010,BANCO DO BRASIL,PAULA,DEPOSITO,2022-02-12T07:40:18,4215.37
2679,0004,BANCO DO BRASIL,JULIA,SAQUE,2022-02-27T02:22:04,1232.27
2679,0004,BANCO DO BRASIL,JULIA,SAQUE,2022-02-27T07:42:11,314.18
1434,0010,BANCO DO BRASIL,PAULA,DEPOSITO,2022-02-20T12:26:21,4227.19
2824,0001,SANTANDER,JOAO,SAQUE,2022-02-01T20:11:56,1397.87
1488,0007,SANTANDER,LUCAS,SAQUE,2022-02-20T19:01:56,347.72
4657,0003,ITAU,FELIPE,DEPOSITO,2022-02-25T00:18:47,793.69
1488,0007,SANTANDER,LUCAS,DEPOSITO,2022-02-13T05:15:39,2408.48
2424,0005,BANCO DO BRASIL,ANA,DEPOSITO,2022-02-27T07:24:29,2521.87
9279,0009,BANCO DO BRASIL,MARCOS,DEPOSITO,2022-02-05T10:08:05,3437.39
7912,0006,SANTANDER,CARLOS,SAQUE,2022-02-25T23:02:07,1197.64
2824,0001,SANTANDER,JOAO,DEPOSITO,2022-02-02T15:01:37,3983.58
1488,0007,SANTANDER,LUCAS,DEPOSITO,2022-02-10T00:53:00,2361.28
4657,0003,ITAU,FELIPE,DEPOSITO,2022-02-24T17:55:46,3009.28
2424,0005,BANCO DO BRASIL,ANA,DEPOSITO,2022-02-16T20:39:00,4160.34
2424,0005,BANCO DO BRASIL,ANA,SAQUE,2022-02-22T00:57:06,639.15
7912,0006,SANTANDER,CARLOS,SAQUE,2022-02-13T13:13:52,1567.16
4582,0008,ITAU,BRUNA,DEPOSITO,2022-02-06T15:05:44,613.14
7912,0006,SANTANDER,CARLOS,DEPOSITO,2022-02-25T03:27:24,1326.8
4582,0008,ITAU,BRUNA,SAQUE,2022-02-03T16:02:18,1216.22
5506,0002,ITAU,MARIA,DEPOSITO,2022-02-18T12:51:46,4526.47
9279,0009,BANCO DO BRASIL,MARCOS,SAQUE,2022-02-12T21:05:13,1287.8
4657,0003,ITAU,FELIPE,DEPOSITO,2022-02-16T01:26:46,4838.81
2424,0005,BANCO DO BRASIL,ANA,DEPOSITO,2022-02-01T20:29:27,3189.34
7912,0006,SANTANDER,CARLOS,DEPOSITO,2022-02-23T16:47:07,1077.84
2424,0005,BANCO DO BRASIL,ANA,DEPOSITO,2022-02-10T03:59:26,4359.31
4657,0003,ITAU,FELIPE,SAQUE,2022-02-11T14:55:25,2885.45
4582,0008,ITAU,BRUNA,DEPOSITO,2022-02-26T19:44:51,1902.59
4582,0008,ITAU,BRUNA,DEPOSITO,2022-02-16T01:59:20,1643.23
2679,0004,BANCO DO BRASIL,JULIA,SAQUE,2022-02-26T06:51:29,3387.03
2824,0001,SANTANDER,JOAO,DEPOSITO,2022-02-27T17:19:08,3326.54
9279,0009,BANCO DO BRASIL,MARCOS,DEPOSITO,2022-02-12T17:10:52,4162.82
2679,0004,BANCO DO BRASIL,JULIA,DEPOSITO,2022-02-20T03:21:21,3129.82
2679,0004,BANCO DO BRASIL,JULIA,SAQUE,2022-02-18T18:32:57,3100.7
2679,0004,BANCO DO BRASIL,JULIA,SAQUE,2022-02-02T09:24:18,4061.42
1488,0007,SANTANDER,LUCAS,SAQUE,2022-02-06T10:33:52,2520.63
1488,0007,SANTANDER,LUCAS,DEPOSITO,2022-02-15T04:49:24,1311.19
2679,0004,BANCO DO BRASIL,JULIA,SAQUE,2022-02-26T21:38:57,1198.7
1434,0010,BANCO DO BRASIL,PAULA,DEPOSITO,2022-02-13T12:45:30,4446.64
2679,0004,BANCO DO BRASIL,JULIA,DEPOSITO,2022-02-15T16:25:21,3438.57
4657,0003,ITAU,FELIPE,SAQUE,2022-02-10T09:50:46,2855.68
2824,0001,SANTANDER,JOAO,DEPOSITO,2022-02-27T21:42:05,2449.84
4582,0008,ITAU,BRUNA,DEPOSITO,2022-02-01T10:56:55,4495.55
4582,0008,ITAU,BRUNA,SAQUE,2022-02-23T10:12:28,4273.24
2424,0005,BANCO DO BRASIL,ANA,SAQUE,2022-02-08T23:18:43,1064.33
4657,0003,ITAU,FELIPE,SAQUE,2022-02-06T10:24:38,2859.16
1434,0010,BANCO DO BRASIL,PAULA,SAQUE,2022-02-22T16:11:59,688.57
1434,0010,BANCO DO BRASIL,PAULA,SAQUE,2022-02-06T06:02:26,4871.26
2424,0005,BANCO DO BRASIL,ANA,SAQUE,2022-02-20T05:00:52,1667.76
1488,0007,SANTANDER,LUCAS,SAQUE,2022-02-16T21:24:57,2984.94
1434,0010,BANCO DO BRASIL,PAULA,SAQUE,2022-02-04T09:43:06,309.05
2424,0005,BANCO DO BRASIL,ANA,DEPOSITO,2022-02-09T03:09:40,186.28
5506,0002,ITAU,MARIA,DEPOSITO,2022-02-25T00:52:01,3440.69
4582,0008,ITAU,BRUNA,DEPOSITO,2022-02-07T14:06:04,4765.89
2824,0001,SANTANDER,JOAO,DEPOSITO,2022-02-22T23:44:25,517.32
9279,0009,BANCO DO BRASIL,MARCOS,DEPOSITO,2022-02-01T07:08:36,578.05
1488,0007,SANTANDER,LUCAS,SAQUE,2022-02-20T07:26:06,1485.85
7912,0006,SANTANDER,CARLOS,DEPOSITO,2022-02-23T00:19:26,3156.81
1488,0007,SANTANDER,LUCAS,SAQUE,2022-02-23T22:28:38,2650.4
4582,0008,ITAU,BRUNA,SAQUE,2022-02-23T05:26:50,543.79
2424,0005,BANCO DO BRASIL,ANA,DEPOSITO,2022-02-24T13:01:03,4534.17
4657,0003,ITAU,FELIPE,SAQUE,2022-02-13T18:41:26,3670.39
2824,0001,SANTANDER,JOAO,SAQUE,2022-02-16T02:33:40,3055.5
1434,0010,BANCO DO BRASIL,PAULA,DEPOSITO,2022-02-16T04:44:15,4539.29
7912,0006,SANTANDER,CARLOS,DEPOSITO,2022-02-08T20:42:14,3905.85
5506,0002,ITAU,MARIA,SAQUE,2022-02-05T13:31:28,2278.88
5506,0002,ITAU,MARIA,SAQUE,2022-02-01T00:14:53,4108.93
4657,0003,ITAU,FELIPE,DEPOSITO,2022-02-20T21:37:03,4290.55
7912,0006,SANTANDER,CARLOS,SAQUE,2022-02-25T16:01:50,4512.11
2824,0001,SANTANDER,JOAO,SAQUE,2022-02-06T01:49:43,1320.75
4657,0003,ITAU,FELIPE,SAQUE,2022-02-10T17:34:50,3042.95
4657,0003,ITAU,FELIPE,SAQUE,2022-02-08T11:04:38,4643.85
1434,0010,BANCO DO BRASIL,PAULA,SAQUE,2022-02-24T00:59:00,293.78
9279,0009,BANCO DO BRASIL,MARCOS,DEPOSITO,2022-02-06T03:31:25,2857.05
4582,0008,ITAU,BRUNA,SAQUE,2022-02-28T15:31:45,689.46
1434,0010,BANCO DO BRASIL,PAULA,SAQUE,2022-02-22T03:02:16,2463.62
2679,0004,BANCO DO BRASIL,JULIA,SAQUE,2022-02-08T06:02:13,4628.02
7912,0006,SANTANDER,CARLOS,SAQUE,2022-02-21T02:18:39,4140.2
1434,0010,BANCO DO BRASIL,PAULA,DEPOSITO,2022-02-03T02:05:46,673.91
2424,0005,BANCO DO BRASIL,ANA,SAQUE,2022-02-20T01:28:52,638.42
4582,0008,ITAU,BRUNA,DEPOSITO,2022-02-06T07:42:38,3584.09
7912,0006,SANTANDER,CARLOS,SAQUE,2022-02-26T12:14:05,755.39
2424,0005,BANCO DO BRASIL,ANA,DEPOSITO,2022-02-15T02:33:55,4753.41
4657,0003,ITAU,FELIPE,SAQUE,2022-02-06T13:42:06,2141.15
5506,0002,ITAU,MARIA,DEPOSITO,2022-02-08T09:23:18,295.35
4582,0008,ITAU,BRUNA,DEPOSITO,2022-02-28T02:10:01,4199.14
1488,0007,SANTANDER,LUCAS,SAQUE,2022-02-20T06:09:32,198.5
9279,0009,BANCO DO BRASIL,MARCOS,DEPOSITO,2022-02-07T21:12:14,1309.43
5506,0002,ITAU,MARIA,SAQUE,2022-02-01T12:57:30,1732.86
4657,0003,ITAU,FELIPE,SAQUE,2022-02-10T23:47:21,4125.18
5506,0002,ITAU,MARIA,DEPOSITO,2022-02-12T00:16:29,4266.01
1488,0007,SANTANDER,LUCAS,SAQUE,2022-02-13T03:22:46,873.07
4582,0008,ITAU,BRUNA,DEPOSITO,2022-02-12T06:11:23,3574.31
4582,0008,ITAU,BRUNA,SAQUE,2022-02-13T23:27:44,2970.92
4657,0003,ITAU,FELIPE,SAQUE,2022-02-08T03:25:48,3408.72
1488,0007,SANTANDER,LUCAS,DEPOSITO,2022-02-18T09:11:50,3089.81
9279,0009,BANCO DO BRASIL,MARCOS,SAQUE,2022-02-28T18:11:17,1918.2
2424,0005,BANCO DO BRASIL,ANA,DEPOSITO,2022-02-14T23:28:27,4190.96
4582,0008,ITAU,BRUNA,DEPOSITO,2022-02-10T03:38:51,3978.77
5506,0002,ITAU,MARIA,SAQUE,2022-02-18T16:26:55,1991.69
5506,0002,ITAU,MARIA,DEPOSITO,2022-02-12T11:39:23,44.15
1488,0007,SANTANDER,LUCAS,DEPOSITO,2022-02-25T18:30:21,224.58
1434,0010,BANCO DO BRASIL,PAULA,DEPOSITO,2022-02-26T10:43:35,1208.92
1434,0010,BANCO DO BRASIL,PAULA,SAQUE,2022-02-09T04:34:36,332.9
2424,0005,BANCO DO BRASIL,ANA,DEPOSITO,2022-02-26T06:10:47,2985.89
2824,0001,SANTANDER,JOAO,SAQUE,2022-02-12T20:45:14,619.74
9279,0009,BANCO DO BRASIL,MARCOS,DEPOSITO,2022-02-23T05:37:00,1527.37
2424,0005,BANCO DO BRASIL,ANA,SAQUE,2022-02-17T14:40:11,3501.27
4657,0003,ITAU,FELIPE,SAQUE,2022-02-17T23:19:06,476.95
1434,0010,BANCO DO BRASIL,PAULA,SAQUE,2022-02-11T03:37:00,3191.36
9279,0009,BANCO DO BRASIL,MARCOS,DEPOSITO,2022-02-06T22:10:08,3269.47
2424,0005,BANCO DO BRASIL,ANA,SAQUE,2022-02-01T00:39:38,4955.22
1488,0007,SANTANDER,LUCAS,SAQUE,2022-02-14T23:06:45,3006.05
2679,0004,BANCO DO BRASIL,JULIA,SAQUE,2022-02-24T06:30:05,3078.33
1434,0010,BANCO DO BRASIL,PAULA,SAQUE,2022-02-17T13:35:33,1909.06
7912,0006,SANTANDER,CARLOS,SAQUE,2022-02-10T12:31:29,4087.49
2824,0001,SANTANDER,JOAO,DEPOSITO,2022-02-18T15:27:26,2477.15
2679,0004,BANCO DO BRASIL,JULIA,SAQUE,2022-02-07T20:37:17,2952.36
5506,0002,ITAU,MARIA,DEPOSITO,2022-02-06T08:33:03,613.12
2424,0005,BANCO DO BRASIL,ANA,SAQUE,2022-02-10T11:40:57,3747.44
2824,0001,SANTANDER,JOAO,DEPOSITO,2022-02-18T09:38:24,1880.46
4582,0008,ITAU,BRUNA,SAQUE,2022-02-28T02:01:33,4642.5
4582,0008,ITAU,BRUNA,DEPOSITO,2022-02-27T22:03:46,810.11
7912,0006,SANTANDER,CARLOS,SAQUE,2022-02-08T14:02:13,2917.95
4582,0008,ITAU,BRUNA,SAQUE,2022-02-08T19:26:54,4199.85
5506,0002,ITAU,MARIA,SAQUE,2022-02-08T15:40:32,325.42
1434,0010,BANCO DO BRASIL,PAULA,DEPOSITO,2022-02-06T11:05:38,2078.07
2679,0004,BANCO DO BRASIL,JULIA,DEPOSITO,2022-02-22T05:53:40,2693.05
2679,0004,BANCO DO BRASIL,JULIA,SAQUE,2022-02-19T20:38:19,3899.67
1488,0007,SANTANDER,LUCAS,SAQUE,2022-02-09T05:50:27,1756.02
2824,0001,SANTANDER,JOAO,DEPOSITO,2022-02-07T03:07:34,3192.97
5506,0002,ITAU,MARIA,SAQUE,2022-02-05T20:11:36,658.65
2424,0005,BANCO DO BRASIL,ANA,SAQUE,2022-02-02T09:57:09,1299.4
2679,0004,BANCO DO BRASIL,JULIA,DEPOSITO,2022-02-09T14:19:25,2610.99
1488,0007,SANTANDER,LUCAS,SAQUE,2022-02-27T18:27:25,2399.07
7912,0006,SANTANDER,CARLOS,SAQUE,2022-02-18T07:03:05,1686.85
7912,0006,SANTANDER,CARLOS,DEPOSITO,2022-02-18T17:47:17,1237.55
4657,0003,ITAU,FELIPE,DEPOSITO,2022-02-22T13:24:01,4654.32
2424,0005,BANCO DO BRASIL,ANA,DEPOSITO,2022-02-17T11:55:27,1761.61
7912,0006,SANTANDER,CARLOS,SAQUE,2022-02-26T18:08:11,44.85
2679,0004,BANCO DO BRASIL,JULIA,SAQUE,2022-02-24T06:08:34,1071.38
4582,0008,ITAU,BRUNA,SAQUE,2022-02-04T01:46:31,2291.26
1488,0007,SANTANDER,LUCAS,SAQUE,2022-02-19T02:38:11,4796.9
1488,0007,SANTANDER,LUCAS,SAQUE,2022-02-14T11:06:19,4336.57
2824,0001,SANTANDER,JOAO,SAQUE,2022-02-14T19:47:21,443.93
4582,0008,ITAU,BRUNA,SAQUE,2022-02-16T13:16:03,4702.14
7912,0006,SANTANDER,CARLOS,DEPOSITO,2022-02-11T16:13:29,3446.3
1488,0007,SANTANDER,LUCAS,SAQUE,2022-02-21T04:16:36,1317.04
2679,0004,BANCO DO BRASIL,JULIA,SAQUE,2022-02-25T14:01:27,4028.27
1434,0010,BANCO DO BRASIL,PAULA,DEPOSITO,2022-02-13T16:07:52,4328.51
7912,0006,SANTANDER,CARLOS,SAQUE,2022-02-26T18:58:21,3696.01
7912,0006,SANTANDER,CARLOS,DEPOSITO,2022-02-01T09:16:14,904.44
4657,0003,ITAU,FELIPE,DEPOSITO,2022-02-28T08:38:49,3191.74
1434,0010,BANCO DO BRASIL,PAULA,DEPOSITO,2022-02-16T21:14:41,4165.79
7912,0006,SANTANDER,CARLOS,DEPOSITO,2022-02-21T04:07:54,3751.17
4657,0003,ITAU,FELIPE,DEPOSITO,2022-02-05T11:51:53,3664.44
2679,0004,BANCO DO BRASIL,JULIA,SAQUE,2022-02-25T07:54:37,3824.27
4582,0008,ITAU,BRUNA,DEPOSITO,2022-02-04T06:15:49,1508.32
2679,0004,BANCO DO BRASIL,JULIA,DEPOSITO,2022-02-23T21:25:35,4536.41
1488,0007,SANTANDER,LUCAS,DEPOSITO,2022-02-19T17:51:13,1870.43
2824,0001,SANTANDER,JOAO,SAQUE,2022-02-11T10:06:06,2757.4
4582,0008,ITAU,BRUNA,SAQUE,2022-02-07T18:46:42,1332.34
2824,0001,SANTANDER,JOAO,DEPOSITO,2022-02-10T22:25:38,1776.15
1434,0010,BANCO DO BRASIL,PAULA,SAQUE,2022-02-26T18:28:17,1640.32
9279,0009,BANCO DO BRASIL,MARCOS,DEPOSITO,2022-02-10T05:31:31,4163.69
2824,0001,SANTANDER,JOAO,SAQUE,2022-02-21T21:55:22,2465.31
9279,0009,BANCO DO BRASIL,MARCOS,DEPOSITO,2022-02-09T23:13:11,1213.47
1488,0007,SANTANDER,LUCAS,DEPOSITO,2022-02-06T20:44:03,3824.81
9279,0009,BANCO DO BRASIL,MARCOS,DEPOSITO,2022-02-12T02:19:27,4102.28
4657,0003,ITAU,FELIPE,SAQUE,2022-02-15T15:15:05,2566.3
1488,0007,SANTANDER,LUCAS,DEPOSITO,2022-02-26T16:43:05,971.27
7912,0006,SANTANDER,CARLOS,DEPOSITO,2022-02-28T00:08:34,4593.38
2424,0005,BANCO DO BRASIL,ANA,DEPOSITO,2022-02-07T01:07:36,487.46
7912,0006,SANTANDER,CARLOS,SAQUE,2022-02-20T01:31:46,2452.4
2824,0001,SANTANDER,JOAO,DEPOSITO,2022-02-28T16:53:53,4779.04
4657,0003,ITAU,FELIPE,DEPOSITO,2022-02-28T08:43:46,3103.21
2824,0001,SANTANDER,JOAO,DEPOSITO,2022-02-27T04:43:30,4834.51
4657,0003,ITAU,FELIPE,SAQUE,2022-02-17T03:11:36,1305.21
5506,0002,ITAU,MARIA,SAQUE,2022-02-07T03:42:29,4505.15
4582,0008,ITAU,BRUNA,SAQUE,2022-02-21T00:01:17,2121.03
2824,0001,SANTANDER,JOAO,DEPOSITO,2022-02-27T23:41:07,4473.09
4582,0008,ITAU,BRUNA,DEPOSITO,2022-02-05T02:44:38,3022.48
1488,0007,SANTANDER,LUCAS,DEPOSITO,2022-02-15T03:33:42,3677.02
2679,0004,BANCO DO BRASIL,JULIA,DEPOSITO,2022-02-20T10:57:23,541.69
2824,0001,SANTANDER,JOAO,DEPOSITO,2022-02-04T06:42:45,1730.56
2824,0001,SANTANDER,JOAO,SAQUE,2022-02-18T18:23:31,4094.86
4582,0008,ITAU,BRUNA,SAQUE,2022-02-02T14:03:28,2822.12
7912,0006,SANTANDER,CARLOS,DEPOSITO,2022-02-19T09:29:57,139.29
7912,0006,SANTANDER,CARLOS,SAQUE,2022-02-19T10:32:43,2853.25
7912,0006,SANTANDER,CARLOS,SAQUE,2022-02-22T07:52:33,4073.48
2824,0001,SANTANDER,JOAO,SAQUE,2022-02-03T03:57:24,2732.75
1434,0010,BANCO DO BRASIL,PAULA,SAQUE,2022-02-02T18:41:48,1673.52
4657,0003,ITAU,FELIPE,DEPOSITO,2022-02-23T03:52:55,13.37
7912,0006,SANTANDER,CARLOS,DEPOSITO,2022-02-07T15:46:01,1919.78
2679,0004,BANCO DO BRASIL,JULIA,DEPOSITO,2022-02-24T21:15:18,4806.31
4582,0008,ITAU,BRUNA,SAQUE,2022-02-28T19:12:30,4668.54
2824,0001,SANTANDER,JOAO,SAQUE,2022-02-28T07:11:11,782.14
7912,0006,SANTANDER,CARLOS,DEPOSITO,2022-02-07T10:46:31,4189.18
2424,0005,BANCO DO BRASIL,ANA,SAQUE,2022-02-07T03:41:03,3711.17
2424,0005,BANCO DO BRASIL,ANA,DEPOSITO,2022-02-05T14:58:22,358.02
1488,0007,SANTANDER,LUCAS,DEPOSITO,2022-02-12T09:55:28,1439.47
1434,0010,BANCO DO BRASIL,PAULA,SAQUE,2022-02-19T06:01:23,3285.41
4582,0008,ITAU,BRUNA,DEPOSITO,2022-02-19T04:25:24,2347.25
7912,0006,SANTANDER,CARLOS,SAQUE,2022-02-22T13:28:59,2077.73
5506,0002,ITAU,MARIA,DEPOSITO,2022-02-11T19:23:55,2587.73
4582,0008,ITAU,BRUNA,DEPOSITO,2022-02-01T23:48:25,1457.38
7912,0006,SANTANDER,CARLOS,DEPOSITO,2022-02-28T16:25:12,3973.79
2424,0005,BANCO DO BRASIL,ANA,DEPOSITO,2022-02-25T12:41:15,561.11
7912,0006,SANTANDER,CARLOS,DEPOSITO,2022-02-23T10:40:09,2279.72
4657,0003,ITAU,FELIPE,SAQUE,2022-02-24T03:11:47,31.35
5506,0002,ITAU,MARIA,DEPOSITO,2022-02-27T04:04:12,1876.82
5506,0002,ITAU,MARIA,SAQUE,2022-02-22T12:55:22,840.16
5506,0002,ITAU,MARIA,SAQUE,2022-02-07T17:51:57,3168.65
5506,0002,ITAU,MARIA,DEPOSITO,2022-02-07T20:42:13,4233.82
9279,0009,BANCO DO BRASIL,MARCOS,DEPOSITO,2022-02-20T12:07:42,2948.58
2679,0004,BANCO DO BRASIL,JULIA,DEPOSITO,2022-02-14T06:09:09,244.78
4582,0008,ITAU,BRUNA,DEPOSITO,2022-02-13T11:52:04,3123.33
2824,0001,SANTANDER,JOAO,DEPOSITO,2022-02-22T04:28:13,2999.67
4582,0008,ITAU,BRUNA,SAQUE,2022-02-28T06:38:36,4325.56
1434,0010,BANCO DO BRASIL,PAULA,SAQUE,2022-02-16T21:26:46,757.1
5506,0002,ITAU,MARIA,SAQUE,2022-02-19T09:27:47,1643.77
1434,0010,BANCO DO BRASIL,PAULA,DEPOSITO,2022-02-03T04:06:48,1947.14
1434,0010,BANCO DO BRASIL,PAULA,SAQUE,2022-02-14T11:02:54,4293.45
9279,0009,BANCO DO BRASIL,MARCOS,DEPOSITO,2022-02-17T18:14:46,4439.5
4657,0003,ITAU,FELIPE,SAQUE,2022-02-28T16:28:48,2565.6
1434,0010,BANCO DO BRASIL,PAULA,DEPOSITO,2022-02-12T17:45:13,2783.14
4657,0003,ITAU,FELIPE,SAQUE,2022-02-04T17:54:13,1486.0
5506,0002,ITAU,MARIA,SAQUE,2022-02-28T02:44:06,796.64
2824,0001,SANTANDER,JOAO,SAQUE,2022-02-28T20:37:24,2171.45
1488,0007,SANTANDER,LUCAS,SAQUE,2022-02-19T19:37:35,1203.16
1488,0007,SANTANDER,LUCAS,SAQUE,2022-02-23T05:37:18,923.98
5506,0002,ITAU,MARIA,SAQUE,2022-02-27T14:31:39,2932.76
2424,0005,BANCO DO BRASIL,ANA,SAQUE,2022-02-28T20:22:02,3464.58
2679,0004,BANCO DO BRASIL,JULIA,DEPOSITO,2022-02-27T01:51:57,833.51
5506,0002,ITAU,MARIA,DEPOSITO,2022-02-02T19:04:40,1934.93
1488,0007,SANTANDER,LUCAS,SAQUE,2022-02-15T06:04:07,1118.42
2679,0004,BANCO DO BRASIL,JULIA,DEPOSITO,2022-02-10T00:46:52,2351.36
7912,0006,SANTANDER,CARLOS,SAQUE,2022-02-08T07:21:09,4483.54
4657,0003,ITAU,FELIPE,SAQUE,2022-02-02T13:42:59,682.17
7912,0006,SANTANDER,CARLOS,DEPOSITO,2022-02-12T23:16:49,4754.27
2824,0001,SANTANDER,JOAO,DEPOSITO,2022-02-09T15:02:26,4470.23
2679,0004,BANCO DO BRASIL,JULIA,DEPOSITO,2022-02-13T04:54:31,4377.44
1434,0010,BANCO DO BRASIL,PAULA,DEPOSITO,2022-02-03T21:56:08,2673.95
5506,0002,ITAU,MARIA,DEPOSITO,2022-02-10T12:42:29,3178.93
2824,0001,SANTANDER,JOAO,SAQUE,2022-02-19T21:45:38,4456.14
5506,0002,ITAU,MARIA,SAQUE,2022-02-19T19:41:28,417.28
2424,0005,BANCO DO BRASIL,ANA,DEPOSITO,2022-02-18T10:15:36,1396.74
5506,0002,ITAU,MARIA,DEPOSITO,2022-02-08T13:16:23,3805.19
2424,0005,BANCO DO BRASIL,ANA,DEPOSITO,2022-02-03T18:40:27,4855.99
4582,0008,ITAU,BRUNA,SAQUE,2022-02-15T10:32:54,4594.23
1434,0010,BANCO DO BRASIL,PAULA,DEPOSITO,2022-02-11T05:54:24,1864.24
1488,0007,SANTANDER,LUCAS,SAQUE,2022-02-23T01:54:38,449.42
9279,0009,BANCO DO BRASIL,MARCOS,DEPOSITO,2022-02-01T19:09:30,657.4
2424,0005,BANCO DO BRASIL,ANA,SAQUE,2022-02-03T15:07:14,1242.85
2824,0001,SANTANDER,JOAO,SAQUE,2022-02-25T03:35:11,4798.81
1434,0010,BANCO DO BRASIL,PAULA,DEPOSITO,2022-02-01T11:02:57,3011.02
4657,0003,ITAU,FELIPE,DEPOSITO,2022-02-19T00:30:57,4989.17
9279,0009,BANCO DO BRASIL,MARCOS,SAQUE,2022-02-05T12:39:32,4632.57
7912,0006,SANTANDER,CARLOS,DEPOSITO,2022-02-21T14:06:10,1079.23
4582,0008,ITAU,BRUNA,SAQUE,2022-02-07T23:44:28,2278.93
9279,0009,BANCO DO BRASIL,MARCOS,SAQUE,2022-02-04T03:27:57,2645.89
1434,0010,BANCO DO BRASIL,PAULA,SAQUE,2022-02-01T03:15:25,3313.57
1488,0007,SANTANDER,LUCAS,DEPOSITO,2022-02-08T09:47:47,2564.8
5506,0002,ITAU,MARIA,DEPOSITO,2022-02-12T04:26:05,3400.16
1488,0007,SANTANDER,LUCAS,SAQUE,2022-02-28T14:12:59,4701.42
1488,0007,SANTANDER,LUCAS,DEPOSITO,2022-02-05T14:24:06,2574.03
2424,0005,BANCO DO BRASIL,ANA,SAQUE,2022-02-24T12:11:44,434.53
2679,0004,BANCO DO BRASIL,JULIA,SAQUE,2022-02-03T06:32:06,2581.56
2424,0005,BANCO DO BRASIL,ANA,DEPOSITO,2022-02-19T02:12:03,1102.16
2424,0005,BANCO DO BRASIL,ANA,DEPOSITO,2022-02-09T10:34:14,165.1
1434,0010,BANCO DO BRASIL,PAULA,DEPOSITO,2022-02-04T23:34:41,413.16
5506,0002,ITAU,MARIA,DEPOSITO,2022-02-07T06:54:50,1953.21
9279,0009,BANCO DO BRASIL,MARCOS,SAQUE,2022-02-15T19:42:41,3863.74
1488,0007,SANTANDER,LUCAS,SAQUE,2022-02-16T12:23:43,439.22
5506,0002,ITAU,MARIA,DEPOSITO,2022-02-28T16:30:21,3575.35
2424,0005,BANCO DO BRASIL,ANA,DEPOSITO,2022-02-05T00:48:38,74.5
2824,0001,SANTANDER,JOAO,SAQUE,2022-02-03T15:43:18,1358.17
4657,0003,ITAU,FELIPE,DEPOSITO,2022-02-23T13:43:59,3645.68
2424,0005,BANCO DO BRASIL,ANA,DEPOSITO,2022-02-12T22:29:05,2805.0
4582,0008,ITAU,BRUNA,DEPOSITO,2022-02-23T23:58:05,1348.99
9279,0009,BANCO DO BRASIL,MARCOS,DEPOSITO,2022-02-08T16:52:13,476.51
7912,0006,SANTANDER,CARLOS,DEPOSITO,2022-02-04T11:49:04,3839.84
2679,0004,BANCO DO BRASIL,JULIA,DEPOSITO,2022-02-21T16:41:52,2027.15
5506,0002,ITAU,MARIA,SAQUE,2022-02-19T22:24:47,2781.67
4657,0003,ITAU,FELIPE,DEPOSITO,2022-02-04T09:25:08,818.83
2424,0005,BANCO DO BRASIL,ANA,DEPOSITO,2022-02-03T18:16:12,1585.46
2679,0004,BANCO DO BRASIL,JULIA,SAQUE,2022-02-24T05:58:59,4573.06
9279,0009,BANCO DO BRASIL,MARCOS,SAQUE,2022-02-03T13:08:50,3218.08
2424,0005,BANCO DO BRASIL,ANA,DEPOSITO,2022-02-28T23:55:14,627.53
9279,0009,BANCO DO BRASIL,MARCOS,SAQUE,2022-02-07T22:21:35,4319.99
4657,0003,ITAU,FELIPE,DEPOSITO,2022-02-06T04:18:27,2443.15
1434,0010,BANCO DO BRASIL,PAULA,SAQUE,2022-02-09T16:57:47,4644.54
9279,0009,BANCO DO BRASIL,MARCOS,DEPOSITO,2022-02-28T00:34:21,2659.83
2424,0005,BANCO DO BRASIL,ANA,DEPOSITO,2022-02-01T18:22:34,1731.8
1434,0010,BANCO DO BRASIL,PAULA,DEPOSITO,2022-02-12T19:06:44,3925.25
4657,0003,ITAU,FELIPE,DEPOSITO,2022-02-03T05:23:34,3711.93
4582,0008,ITAU,BRUNA,DEPOSITO,2022-02-05T07:09:26,690.11
2424,0005,BANCO DO BRASIL,ANA,DEPOSITO,2022-02-11T23:10:34,3126.62
2824,0001,SANTANDER,JOAO,DEPOSITO,2022-02-22T02:46:12,918.16
1488,0007,SANTANDER,LUCAS,SAQUE,2022-02-21T23:09:58,224.12
2824,0001,SANTANDER,JOAO,SAQUE,2022-02-19T14:55:33,278.46
1434,0010,BANCO DO BRASIL,PAULA,DEPOSITO,2022-02-24T04:32:43,693.27
2679,0004,BANCO DO BRASIL,JULIA,SAQUE,2022-02-23T01:01:44,87.41
5506,0002,ITAU,MARIA,SAQUE,2022-02-26T21:55:23,3677.41
1434,0010,BANCO DO BRASIL,PAULA,DEPOSITO,2022-02-02T19:07:41,2442.61
7912,0006,SANTANDER,CARLOS,SAQUE,2022-02-23T14:12:11,2841.67
2679,0004,BANCO DO BRASIL,JULIA,DEPOSITO,2022-02-05T00:34:57,1638.66
9279,0009,BANCO DO BRASIL,MARCOS,DEPOSITO,2022-02-25T19:29:45,2841.59
5506,0002,ITAU,MARIA,SAQUE,2022-02-23T13:31:04,4152.36
2679,0004,BANCO DO BRASIL,JULIA,SAQUE,2022-02-07T03:06:08,2222.91
2824,0001,SANTANDER,JOAO,SAQUE,2022-02-06T09:13:02,3748.99
9279,0009,BANCO DO BRASIL,MARCOS,DEPOSITO,2022-02-23T01:45:16,67.83
1488,0007,SANTANDER,LUCAS,DEPOSITO,2022-02-02T07:02:46,2988.58
2424,0005,BANCO DO BRASIL,ANA,DEPOSITO,2022-02-15T16:56:24,784.91
2424,0005,BANCO DO BRASIL,ANA,DEPOSITO,2022-02-17T02:53:47,2749.05
9279,0009,BANCO DO BRASIL,MARCOS,DEPOSITO,2022-02-03T12:30:50,2300.19
2679,0004,BANCO DO BRASIL,JULIA,SAQUE,2022-02-25T14:59:50,2472.15
2679,0004,BANCO DO BRASIL,JULIA,DEPOSITO,2022-02-09T04:36:53,258.42
2679,0004,BANCO DO BRASIL,JULIA,DEPOSITO,2022-02-15T11:00:32,2740.24
2424,0005,BANCO DO BRASIL,ANA,SAQUE,2022-02-27T17:52:53,1635.26
9279,0009,BANCO DO BRASIL,MARCOS,DEPOSITO,2022-02-09T03:24:35,3623.69
1434,0010,BANCO DO BRASIL,PAULA,SAQUE,2022-02-07T07:20:01,3320.4
1488,0007,SANTANDER,LUCAS,SAQUE,2022-02-01T15:22:01,1018.97
4582,0008,ITAU,BRUNA,SAQUE,2022-02-11T11:55:54,1942.58
4657,0003,ITAU,FELIPE,DEPOSITO,2022-02-05T12:14:30,1271.88
2424,0005,BANCO DO BRASIL,ANA,SAQUE,2022-02-04T15:01:01,4718.34
5506,0002,ITAU,MARIA,SAQUE,2022-02-24T15:39:53,1506.81
4582,0008,ITAU,BRUNA,DEPOSITO,2022-02-24T21:48:33,4041.82
2424,0005,BANCO DO BRASIL,ANA,SAQUE,2022-02-11T13:40:13,1509.59
1488,0007,SANTANDER,LUCAS,SAQUE,2022-02-22T13:11:26,1764.22
4657,0003,ITAU,FELIPE,SAQUE,2022-02-28T13:14:24,4928.34
1434,0010,BANCO DO BRASIL,PAULA,SAQUE,2022-02-24T06:32:05,1052.36
7912,0006,SANTANDER,CARLOS,DEPOSITO,2022-02-19T08:22:03,3658.76
2424,0005,BANCO DO BRASIL,ANA,DEPOSITO,2022-02-23T16:33:08,4944.26
1434,0010,BANCO DO BRASIL,PAULA,SAQUE,2022-02-09T17:58:52,4859.48
1488,0007,SANTANDER,LUCAS,DEPOSITO,2022-02-11T23:58:05,3403.45
2824,0001,SANTANDER,JOAO,SAQUE,2022-02-02T23:38:21,12.67
4657,0003,ITAU,FELIPE,SAQUE,2022-02-11T22:35:49,4298.68
9279,0009,BANCO DO BRASIL,MARCOS,DEPOSITO,2022-02-22T00:49:14,1381.94
9279,0009,BANCO DO BRASIL,MARCOS,DEPOSITO,2022-02-15T13:19:13,2138.08
2424,0005,BANCO DO BRASIL,ANA,SAQUE,2022-02-16T16:10:42,3285.31
4657,0003,ITAU,FELIPE,DEPOSITO,2022-02-16T02:06:35,4193.92
2679,0004,BANCO DO BRASIL,JULIA,SAQUE,2022-02-04T02:35:44,1697.05
1488,0007,SANTANDER,LUCAS,SAQUE,2022-02-10T15:24:31,475.88
7912,0006,SANTANDER,CARLOS,DEPOSITO,2022-02-10T23:35:23,1901.78
4657,0003,ITAU,FELIPE,DEPOSITO,2022-02-15T05:33:23,978.83
1488,0007,SANTANDER,LUCAS,SAQUE,2022-02-04T23:26:31,2135.89
2679,0004,BANCO DO BRASIL,JULIA,DEPOSITO,2022-02-22T08:29:19,396.64
4657,0003,ITAU,FELIPE,SAQUE,2022-02-19T01:32:35,3748.42
2424,0005,BANCO DO BRASIL,ANA,SAQUE,2022-02-20T19:49:13,1725.58
1434,0010,BANCO DO BRASIL,PAULA,SAQUE,2022-02-05T05:23:54,22.65
2824,0001,SANTANDER,JOAO,SAQUE,2022-02-04T14:36:04,4726.49
5506,0002,ITAU,MARIA,DEPOSITO,2022-02-20T18:26:31,1503.63
7912,0006,SANTANDER,CARLOS,SAQUE,2022-02-23T07:31:07,3804.66
2424,0005,BANCO DO BRASIL,ANA,DEPOSITO,2022-02-12T22:58:20,438.88
1434,0010,BANCO DO BRASIL,PAULA,SAQUE,2022-02-07T03:23:17,121.16
7912,0006,SANTANDER,CARLOS,SAQUE,2022-02-02T02:58:43,1421.74
5506,0002,ITAU,MARIA,DEPOSITO,2022-02-03T20:19:45,4562.73
4582,0008,ITAU,BRUNA,SAQUE,2022-02-26T23:34:10,1099.69
2679,0004,BANCO DO BRASIL,JULIA,DEPOSITO,2022-02-13T10:56:54,3772.52
1488,0007,SANTANDER,LUCAS,SAQUE,2022-02-14T23:31:31,4396.12
4582,0008,ITAU,BRUNA,SAQUE,2022-02-01T07:40:13,329.63
5506,0002,ITAU,MARIA,DEPOSITO,2022-02-17T14:27:02,389.38
1488,0007,SANTANDER,LUCAS,SAQUE,2022-02-20T22:58:31,1173.23
7912,0006,SANTANDER,CARLOS,SAQUE,2022-02-17T01:00:41,1004.1
1488,0007,SANTANDER,LUCAS,SAQUE,2022-02-02T19:51:10,438.45
1434,0010,BANCO DO BRASIL,PAULA,SAQUE,2022-02-23T21:00:27,3153.08
2824,0001,SANTANDER,JOAO,SAQUE,2022-02-14T07:00:23,772.85
1488,0007,SANTANDER,LUCAS,DEPOSITO,2022-02-27T00:14:07,2502.52
9279,0009,BANCO DO BRASIL,MARCOS,DEPOSITO,2022-02-25T11:08:38,4181.12
4657,0003,ITAU,FELIPE,DEPOSITO,2022-02-23T00:31:59,1861.35
2424,0005,BANCO DO BRASIL,ANA,DEPOSITO,2022-02-13T02:08:30,3085.76
5506,0002,ITAU,MARIA,DEPOSITO,2022-02-08T12:57:07,367.35
1488,0007,SANTANDER,LUCAS,DEPOSITO,2022-02-28T09:28:39,2366.22
2424,0005,BANCO DO BRASIL,ANA,SAQUE,2022-02-06T12:42:01,1725.26
5506,0002,ITAU,MARIA,SAQUE,2022-02-19T13:40:15,3662.69
4657,0003,ITAU,FELIPE,SAQUE,2022-02-13T02:40:32,951.08
2424,0005,BANCO DO BRASIL,ANA,SAQUE,2022-02-16T04:31:17,795.37
2824,0001,SANTANDER,JOAO,SAQUE,2022-02-05T08:53:04,1775.33
5506,0002,ITAU,MARIA,DEPOSITO,2022-02-10T15:54:26,3407.67
2424,0005,BANCO DO BRASIL,ANA,DEPOSITO,2022-02-03T22:01:44,511.74
4657,0003,ITAU,FELIPE,DEPOSITO,2022-02-05T11:06:49,2612.29
2679,0004,BANCO DO BRASIL,JULIA,SAQUE,2022-02-22T04:36:58,459.93
2824,0001,SANTANDER,JOAO,DEPOSITO,2022-02-09T14:53:15,173.1
2679,0004,BANCO DO BRASIL,JULIA,DEPOSITO,2022-02-15T18:32:09,3116.95
1488,0007,SANTANDER,LUCAS,SAQUE,2022-02-06T13:18:07,4265.44
2424,0005,BANCO DO BRASIL,ANA,DEPOSITO,2022-02-26T14:03:39,2074.65
5506,0002,ITAU,MARIA,DEPOSITO,2022-02-07T12:02:43,4413.45
1434,0010,BANCO DO BRASIL,PAULA,DEPOSITO,2022-02-06T19:41:43,640.18
1488,0007,SANTANDER,LUCAS,DEPOSITO,2022-02-26T23:59:11,168.05
4582,0008,ITAU,BRUNA,SAQUE,2022-02-07T18:57:55,1775.15
2679,0004,BANCO DO BRASIL,JULIA,DEPOSITO,2022-02-01T22:23:54,1393.11
4582,0008,ITAU,BRUNA,SAQUE,2022-02-05T11:09:46,4526.34
4657,0003,ITAU,FELIPE,DEPOSITO,2022-02-26T05:50:36,4370.22
1434,0010,BANCO DO BRASIL,PAULA,SAQUE,2022-02-18T19:55:01,3867.3
4657,0003,ITAU,FELIPE,DEPOSITO,2022-02-12T22:45:49,1726.41
4657,0003,ITAU,FELIPE,SAQUE,2022-02-01T10:50:26,1512.57
2679,0004,BANCO DO BRASIL,JULIA,DEPOSITO,2022-02-10T14:28:33,2131.44
2679,0004,BANCO DO BRASIL,JULIA,SAQUE,2022-02-07T04:13:21,2315.47
5506,0002,ITAU,MARIA,SAQUE,2022-02-08T16:30:32,2076.59
1434,0010,BANCO DO BRASIL,PAULA,DEPOSITO,2022-02-13T19:37:38,2788.17
4582,0008,ITAU,BRUNA,DEPOSITO,2022-02-21T22:14:34,903.92
7912,0006,SANTANDER,CARLOS,DEPOSITO,2022-02-01T18:31:13,825.41
7912,0006,SANTANDER,CARLOS,DEPOSITO,2022-02-18T18:20:52,235.76
1434,0010,BANCO DO BRASIL,PAULA,SAQUE,2022-02-02T17:02:56,3174.52
4582,0008,ITAU,BRUNA,SAQUE,2022-02-12T00:21:46,12.35
2824,0001,SANTANDER,JOAO,DEPOSITO,2022-02-02T08:04:28,4174.25
2424,0005,BANCO DO BRASIL,ANA,SAQUE,2022-02-21T08:54:54,3266.93
5506,0002,ITAU,MARIA,DEPOSITO,2022-02-28T02:24:03,4781.99
4582,0008,ITAU,BRUNA,SAQUE,2022-02-10T03:25:18,3583.85
2424,0005,BANCO DO BRASIL,ANA,SAQUE,2022-02-24T23:18:26,3384.58
9279,0009,BANCO DO BRASIL,MARCOS,DEPOSITO,2022-02-16T12:11:08,4933.89
2824,0001,SANTANDER,JOAO,SAQUE,2022-02-28T22:43:47,4234.06
5506,0002,ITAU,MARIA,SAQUE,2022-02-07T06:02:49,2138.31
4657,0003,ITAU,FELIPE,DEPOSITO,2022-02-22T13:01:16,1622.92
2424,0005,BANCO DO BRASIL,ANA,DEPOSITO,2022-02-17T00:10:26,4432.29
9279,0009,BANCO DO BRASIL,MARCOS,DEPOSITO,2022-02-22T08:41:17,566.24
4582,0008,ITAU,BRUNA,SAQUE,2022-02-16T03:42:26,3548.84
2679,0004,BANCO DO BRASIL,JULIA,DEPOSITO,2022-02-21T07:46:25,2751.2
2679,0004,BANCO DO BRASIL,JULIA,SAQUE,2022-02-27T08:11:07,3563.12
9279,0009,BANCO DO BRASIL,MARCOS,DEPOSITO,2022-02-12T05:50:55,481.56
5506,0002,ITAU,MARIA,DEPOSITO,2022-02-20T06:21:31,4235.14
2824,0001,SANTANDER,JOAO,DEPOSITO,2022-02-21T20:16:03,2181.78
7912,0006,SANTANDER,CARLOS,SAQUE,2022-02-02T23:01:14,977.22
2824,0001,SANTANDER,JOAO,SAQUE,2022-02-27T08:53:42,3467.7
5506,0002,ITAU,MARIA,DEPOSITO,2022-02-04T21:52:52,1281.07
2424,0005,BANCO DO BRASIL,ANA,SAQUE,2022-02-08T18:00:59,3493.72
2679,0004,BANCO DO BRASIL,JULIA,SAQUE,2022-02-25T17:18:00,566.6
9279,0009,BANCO DO BRASIL,MARCOS,DEPOSITO,2022-02-25T01:23:11,1813.74
4582,0008,ITAU,BRUNA,SAQUE,2022-02-19T05:14:16,4606.67
9279,0009,BANCO DO BRASIL,MARCOS,SAQUE,2022-02-06T19:58:49,4328.63
5506,0002,ITAU,MARIA,DEPOSITO,2022-02-15T14:41:18,1380.62
1434,0010,BANCO DO BRASIL,PAULA,DEPOSITO,2022-02-25T03:16:25,4650.04
2424,0005,BANCO DO BRASIL,ANA,DEPOSITO,2022-02-22T22:31:04,197.66
2824,0001,SANTANDER,JOAO,DEPOSITO,2022-02-02T04:22:41,2344.26
5506,0002,ITAU,MARIA,DEPOSITO,2022-02-23T11:09:19,3658.33
2424,0005,BANCO DO BRASIL,ANA,DEPOSITO,2022-02-13T09:32:41,3048.16
5506,0002,ITAU,MARIA,DEPOSITO,2022-02-28T18:46:48,1790.12
2424,0005,BANCO DO BRASIL,ANA,DEPOSITO,2022-02-03T04:51:33,712.27
1488,0007,SANTANDER,LUCAS,DEPOSITO,2022-02-21T13:06:56,1512.95
9279,0009,BANCO DO BRASIL,MARCOS,DEPOSITO,2022-02-08T00:02:37,3833.84
5506,0002,ITAU,MARIA,DEPOSITO,2022-02-02T23:27:45,1566.34
7912,0006,SANTANDER,CARLOS,DEPOSITO,2022-02-03T21:10:55,576.48
9279,0009,BANCO DO BRASIL,MARCOS,DEPOSITO,2022-02-14T21:47:29,4117.59
5506,0002,ITAU,MARIA,DEPOSITO,2022-02-07T15:48:25,2099.94
7912,0006,SANTANDER,CARLOS,SAQUE,2022-02-07T18:17:19,3785.04
2679,0004,BANCO DO BRASIL,JULIA,DEPOSITO,2022-02-02T00:06:23,506.31
2424,0005,BANCO DO BRASIL,ANA,DEPOSITO,2022-02-13T11:46:58,3187.44
2824,0001,SANTANDER,JOAO,DEPOSITO,2022-02-15T23:53:04,2516.87
1488,0007,SANTANDER,LUCAS,DEPOSITO,2022-02-28T19:03:21,497.65
5506,0002,ITAU,MARIA,DEPOSITO,2022-02-27T23:58:42,108.41
1434,0010,BANCO DO BRASIL,PAULA,DEPOSITO,2022-02-02T07:16:08,941.59
4657,0003,ITAU,FELIPE,SAQUE,2022-02-06T12:37:11,3820.41
2424,0005,BANCO DO BRASIL,ANA,SAQUE,2022-02-13T00:43:20,3965.27
2424,0005,BANCO DO BRASIL,ANA,SAQUE,2022-02-20T18:24:08,1043.61
5506,0002,ITAU,MARIA,DEPOSITO,2022-02-10T04:44:40,3942.23
5506,0002,ITAU,MARIA,SAQUE,2022-02-11T21:54:20,4934.04
4582,0008,ITAU,BRUNA,SAQUE,2022-02-20T14:05:49,4304.98
9279,0009,BANCO DO BRASIL,MARCOS,SAQUE,2022-02-28T02:51:07,371.21
2679,0004,BANCO DO BRASIL,JULIA,DEPOSITO,2022-02-20T13:53:08,2272.65
2424,0005,BANCO DO BRASIL,ANA,SAQUE,2022-02-28T23:13:01,1601.33
2424,0005,BANCO DO BRASIL,ANA,SAQUE,2022-02-03T23:14:34,3142.4
4657,0003,ITAU,FELIPE,DEPOSITO,2022-02-08T02:53:46,4432.91
2424,0005,BANCO DO BRASIL,ANA,DEPOSITO,2022-02-16T13:35:25,4633.6
4582,0008,ITAU,BRUNA,SAQUE,2022-02-25T11:24:00,797.02
2424,0005,BANCO DO BRASIL,ANA,SAQUE,2022-02-11T19:12:38,35.42
2424,0005,BANCO DO BRASIL,ANA,DEPOSITO,2022-02-16T20:26:18,2638.28
1488,0007,SANTANDER,LUCAS,DEPOSITO,2022-02-07T09:48:19,1832.17
2679,0004,BANCO DO BRASIL,JULIA,DEPOSITO,2022-02-21T04:23:01,3848.4
1434,0010,BANCO DO BRASIL,PAULA,SAQUE,2022-02-03T04:24:55,741.6
2424,0005,BANCO DO BRASIL,ANA,DEPOSITO,2022-02-14T12:46:48,3277.62
2679,0004,BANCO DO BRASIL,JULIA,SAQUE,2022-02-17T04:36:01,4777.02
4582,0008,ITAU,BRUNA,SAQUE,2022-02-02T09:38:07,4866.0
1488,0007,SANTANDER,LUCAS,SAQUE,2022-02-22T16:11:03,1615.04
9279,0009,BANCO DO BRASIL,MARCOS,SAQUE,2022-02-19T07:28:04,212.76
1488,0007,SANTANDER,LUCAS,DEPOSITO,2022-02-04T00:33:46,3531.82
2424,0005,BANCO DO BRASIL,ANA,DEPOSITO,2022-02-28T19:17:07,1344.04
1488,0007,SANTANDER,LUCAS,DEPOSITO,2022-02-27T02:02:53,613.7
9279,0009,BANCO DO BRASIL,MARCOS,DEPOSITO,2022-02-04T05:45:44,3493.24
9279,0009,BANCO DO BRASIL,MARCOS,DEPOSITO,2022-02-09T10:37:47,4512.29
5506,0002,ITAU,MARIA,SAQUE,2022-02-09T10:28:38,1482.28
4582,0008,ITAU,BRUNA,SAQUE,2022-02-10T00:34:28,858.36
1434,0010,BANCO DO BRASIL,PAULA,DEPOSITO,2022-02-17T06:55:36,4163.7
1488,0007,SANTANDER,LUCAS,DEPOSITO,2022-02-08T03:51:02,4468.58
1434,0010,BANCO DO BRASIL,PAULA,SAQUE,2022-02-06T23:33:03,4401.79
2424,0005,BANCO DO BRASIL,ANA,DEPOSITO,2022-02-05T20:13:10,4328.64
1488,0007,SANTANDER,LUCAS,DEPOSITO,2022-02-10T04:15:25,633.8
4657,0003,ITAU,FELIPE,DEPOSITO,2022-02-28T18:45:27,3938.66
2679,0004,BANCO DO BRASIL,JULIA,SAQUE,2022-02-12T10:55:12,3168.22
2679,0004,BANCO DO BRASIL,JULIA,SAQUE,2022-02-16T15:20:30,3203.78
1488,0007,SANTANDER,LUCAS,DEPOSITO,2022-02-02T10:27:06,2879.94
1488,0007,SANTANDER,LUCAS,SAQUE,2022-02-07T02:14:01,1250.21
5506,0002,ITAU,MARIA,SAQUE,2022-02-03T16:31:32,424.99
2824,0001,SANTANDER,JOAO,SAQUE,2022-02-17T10:56:45,1421.76
9279,0009,BANCO DO BRASIL,MARCOS,DEPOSITO,2022-02-05T02:52:37,2259.24
4657,0003,ITAU,FELIPE,DEPOSITO,2022-02-20T04:55:22,4199.89
4657,0003,ITAU,FELIPE,DEPOSITO,2022-02-12T19:54:11,4304.32
5506,0002,ITAU,MARIA,SAQUE,2022-02-19T11:08:34,2042.41
9279,0009,BANCO DO BRASIL,MARCOS,DEPOSITO,2022-02-09T11:29:02,4892.57
9279,0009,BANCO DO BRASIL,MARCOS,SAQUE,2022-02-20T10:16:21,947.89
1488,0007,SANTANDER,LUCAS,SAQUE,2022-02-28T23:53:32,3312.55
5506,0002,ITAU,MARIA,DEPOSITO,2022-02-08T17:01:24,2958.36
4582,0008,ITAU,BRUNA,SAQUE,2022-02-26T15:06:41,1178.06
4657,0003,ITAU,FELIPE,DEPOSITO,2022-02-24T08:09:22,2004.18
2679,0004,BANCO DO BRASIL,JULIA,SAQUE,2022-02-10T02:21:04,3561.26
7912,0006,SANTANDER,CARLOS,DEPOSITO,2022-02-27T16:28:28,3126.53
5506,0002,ITAU,MARIA,DEPOSITO,2022-02-03T15:17:29,2271.15
9279,0009,BANCO DO BRASIL,MARCOS,SAQUE,2022-02-15T13:44:29,4755.85
4657,0003,ITAU,FELIPE,SAQUE,2022-02-25T15:45:51,1337.97
7912,0006,SANTANDER,CARLOS,SAQUE,2022-02-08T16:57:27,2112.82
1488,0007,SANTANDER,LUCAS,SAQUE,2022-02-04T06:11:08,2815.29
9279,0009,BANCO DO BRASIL,MARCOS,DEPOSITO,2022-02-15T04:21:55,1311.41
4582,0008,ITAU,BRUNA,DEPOSITO,2022-02-23T05:01:55,2329.29
2824,0001,SANTANDER,JOAO,SAQUE,2022-02-03T17:08:31,840.04
2824,0001,SANTANDER,JOAO,SAQUE,2022-02-20T13:53:49,2586.43
2824,0001,SANTANDER,JOAO,DEPOSITO,2022-02-12T01:52:25,658.64
5506,0002,ITAU,MARIA,SAQUE,2022-02-09T18:32:20,218.84
7912,0006,SANTANDER,CARLOS,DEPOSITO,2022-02-02T09:58:13,1698.97
4582,0008,ITAU,BRUNA,SAQUE,2022-02-11T04:13:48,3327.05
7912,0006,SANTANDER,CARLOS,DEPOSITO,2022-02-07T16:30:59,623.69
7912,0006,SANTANDER,CARLOS,SAQUE,2022-02-06T09:17:07,1920.95
4582,0008,ITAU,BRUNA,DEPOSITO,2022-02-05T07:08:41,4331.11
2679,0004,BANCO DO BRASIL,JULIA,DEPOSITO,2022-02-06T04:06:32,136.51
9279,0009,BANCO DO BRASIL,MARCOS,DEPOSITO,2022-02-03T22:47:39,875.06
9279,0009,BANCO DO BRASIL,MARCOS,DEPOSITO,2022-02-28T10:12:39,927.42
4657,0003,ITAU,FELIPE,SAQUE,2022-02-13T16:43:33,4964.19
5506,0002,ITAU,MARIA,DEPOSITO,2022-02-13T18:59:42,949.73
1434,0010,BANCO DO BRASIL,PAULA,SAQUE,2022-02-28T20:28:15,2049.73
4657,0003,ITAU,FELIPE,DEPOSITO,2022-02-06T08:55:39,2909.02
7912,0006,SANTANDER,CARLOS,SAQUE,2022-02-01T03:14:12,2248.36
1434,0010,BANCO DO BRASIL,PAULA,DEPOSITO,2022-02-25T19:52:04,4810.0
5506,0002,ITAU,MARIA,DEPOSITO,2022-02-12T22:45:02,3335.38
9279,0009,BANCO DO BRASIL,MARCOS,SAQUE,2022-02-04T09:39:38,897.31
1434,0010,BANCO DO BRASIL,PAULA,SAQUE,2022-02-03T04:42:04,4611.21
9279,0009,BANCO DO BRASIL,MARCOS,DEPOSITO,2022-02-03T16:48:44,3358.78
7912,0006,SANTANDER,CARLOS,DEPOSITO,2022-02-01T22:45:30,4283.66
4657,0003,ITAU,FELIPE,DEPOSITO,2022-02-13T06:54:52,3868.44
9279,0009,BANCO DO BRASIL,MARCOS,SAQUE,2022-02-25T02:21:57,3036.35
7912,0006,SANTANDER,CARLOS,SAQUE,2022-02-16T18:28:14,4190.28
1434,0010,BANCO DO BRASIL,PAULA,SAQUE,2022-02-07T02:24:20,196.09
7912,0006,SANTANDER,CARLOS,SAQUE,2022-02-03T00:08:59,902.2
5506,0002,ITAU,MARIA,SAQUE,2022-02-21T00:42:30,4350.73
2424,0005,BANCO DO BRASIL,ANA,DEPOSITO,2022-02-18T04:05:54,3246.05
2824,0001,SANTANDER,JOAO,DEPOSITO,2022-02-17T10:56:26,4914.92
1434,0010,BANCO DO BRASIL,PAULA,SAQUE,2022-02-28T15:42:39,876.77
1488,0007,SANTANDER,LUCAS,SAQUE,2022-02-04T22:13:34,3257.5
2679,0004,BANCO DO BRASIL,JULIA,SAQUE,2022-02-23T01:47:02,467.45
5506,0002,ITAU,MARIA,DEPOSITO,2022-02-03T23:31:00,3479.84
1488,0007,SANTANDER,LUCAS,SAQUE,2022-02-06T21:34:27,3484.11
4582,0008,ITAU,BRUNA,DEPOSITO,2022-02-15T13:18:56,2040.29
5506,0002,ITAU,MARIA,SAQUE,2022-02-16T03:33:54,58.44
2424,0005,BANCO DO BRASIL,ANA,SAQUE,2022-02-01T02:21:50,2443.33
1488,0007,SANTANDER,LUCAS,SAQUE,2022-02-21T09:20:03,4203.38
1434,0010,BANCO DO BRASIL,PAULA,SAQUE,2022-02-10T22:20:33,3576.53
7912,0006,SANTANDER,CARLOS,DEPOSITO,2022-02-22T02:00:04,2088.44
2824,0001,SANTANDER,JOAO,SAQUE,2022-02-12T05:57:18,491.74
1434,0010,BANCO DO BRASIL,PAULA,SAQUE,2022-02-25T12:13:08,332.72
5506,0002,ITAU,MARIA,DEPOSITO,2022-02-06T13:40:24,1508.81
2824,0001,SANTANDER,JOAO,SAQUE,2022-02-22T08:10:39,2083.95
7912,0006,SANTANDER,CARLOS,SAQUE,2022-02-15T11:15:02,450.45
2424,0005,BANCO DO BRASIL,ANA,DEPOSITO,2022-02-28T06:56:34,3034.07
1434,0010,BANCO DO BRASIL,PAULA,SAQUE,2022-02-13T04:37:54,1890.62
5506,0002,ITAU,MARIA,DEPOSITO,2022-02-14T08:51:16,1430.96
2424,0005,BANCO DO BRASIL,ANA,DEPOSITO,2022-02-16T08:22:23,4645.8
2679,0004,BANCO DO BRASIL,JULIA,DEPOSITO,2022-02-27T09:27:28,2921.13
2424,0005,BANCO DO BRASIL,ANA,SAQUE,2022-02-28T11:21:33,3915.35
1434,0010,BANCO DO BRASIL,PAULA,DEPOSITO,2022-02-04T02:04:42,2160.23
9279,0009,BANCO DO BRASIL,MARCOS,DEPOSITO,2022-02-13T19:13:31,2925.68
5506,0002,ITAU,MARIA,SAQUE,2022-02-02T14:43:35,4051.94
5506,0002,ITAU,MARIA,SAQUE,2022-02-18T21:52:59,2937.28
1488,0007,SANTANDER,LUCAS,SAQUE,2022-02-27T20:59:34,314.31
1434,0010,BANCO DO BRASIL,PAULA,DEPOSITO,2022-02-24T06:52:48,1147.1
2824,0001,SANTANDER,JOAO,DEPOSITO,2022-02-21T22:43:00,1963.67
1488,0007,SANTANDER,LUCAS,DEPOSITO,2022-02-19T22:14:38,791.79
5506,0002,ITAU,MARIA,DEPOSITO,2022-02-14T20:51:15,2481.89
4657,0003,ITAU,FELIPE,DEPOSITO,2022-02-11T01:27:07,3546.92
1488,0007,SANTANDER,LUCAS,SAQUE,2022-02-09T05:57:56,3623.16
2679,0004,BANCO DO BRASIL,JULIA,SAQUE,2022-02-23T00:00:59,4351.88
7912,0006,SANTANDER,CARLOS,SAQUE,2022-02-27T09:20:06,576.37
7912,0006,SANTANDER,CARLOS,DEPOSITO,2022-02-09T10:40:52,2905.26
4582,0008,ITAU,BRUNA,DEPOSITO,2022-02-20T09:15:26,2373.12
2679,0004,BANCO DO BRASIL,JULIA,SAQUE,2022-02-19T10:52:44,1397.09
2679,0004,BANCO DO BRASIL,JULIA,SAQUE,2022-02-05T05:28:35,3376.11
1434,0010,BANCO DO BRASIL,PAULA,DEPOSITO,2022-02-03T09:11:20,1838.11
4657,0003,ITAU,FELIPE,SAQUE,2022-02-02T08:29:44,4452.69
4657,0003,ITAU,FELIPE,DEPOSITO,2022-02-07T05:35:25,485.46
5506,0002,ITAU,MARIA,DEPOSITO,2022-02-18T02:09:59,2207.91
1434,0010,BANCO DO BRASIL,PAULA,SAQUE,2022-02-04T14:41:40,1367.8
4582,0008,ITAU,BRUNA,DEPOSITO,2022-02-07T08:41:37,4209.8
5506,0002,ITAU,MARIA,SAQUE,2022-02-18T14:34:40,3019.92
2679,0004,BANCO DO BRASIL,JULIA,SAQUE,2022-02-16T18:33:22,1519.41
4657,0003,ITAU,FELIPE,DEPOSITO,2022-02-15T03:09:50,1130.92
9279,0009,BANCO DO BRASIL,MARCOS,DEPOSITO,2022-02-02T23:12:51,4670.55
4657,0003,ITAU,FELIPE,DEPOSITO,2022-02-18T19:01:50,4165.69
1488,0007,SANTANDER,LUCAS,SAQUE,2022-02-15T00:26:03,317.94
4657,0003,ITAU,FELIPE,SAQUE,2022-02-11T13:19:17,4894.67
2824,0001,SANTANDER,JOAO,DEPOSITO,2022-02-10T06:23:17,3575.75
2824,0001,SANTANDER,JOAO,DEPOSITO,2022-02-04T18:19:30,4249.03
9279,0009,BANCO DO BRASIL,MARCOS,DEPOSITO,2022-02-01T19:02:29,2513.74
1434,0010,BANCO DO BRASIL,PAULA,DEPOSITO,2022-02-23T05:24:30,1929.48
2824,0001,SANTANDER,JOAO,SAQUE,2022-02-12T17:21:42,2699.62
5506,0002,ITAU,MARIA,DEPOSITO,2022-02-24T02:53:46,3601.28
2679,0004,BANCO DO BRASIL,JULIA,SAQUE,2022-02-26T06:06:00,2137.43
1488,0007,SANTANDER,LUCAS,DEPOSITO,2022-02-15T23:44:21,950.0
5506,0002,ITAU,MARIA,SAQUE,2022-02-08T14:47:30,2505.56
7912,0006,SANTANDER,CARLOS,SAQUE,2022-02-07T17:42:20,3638.46
1434,0010,BANCO DO BRASIL,PAULA,DEPOSITO,2022-02-05T07:14:21,3644.57
5506,0002,ITAU,MARIA,SAQUE,2022-02-19T18:02:44,920.14
2824,0001,SANTANDER,JOAO,DEPOSITO,2022-02-24T20:10:45,4057.88
2824,0001,SANTANDER,JOAO,DEPOSITO,2022-02-07T12:50:18,3099.21
4657,0003,ITAU,FELIPE,DEPOSITO,2022-02-08T14:26:38,4122.37
1488,0007,SANTANDER,LUCAS,SAQUE,2022-02-12T21:41:20,1019.64
4582,0008,ITAU,BRUNA,DEPOSITO,2022-02-07T16:12:50,827.29
2679,0004,BANCO DO BRASIL,JULIA,DEPOSITO,2022-02-16T18:11:00,4709.29
2424,0005,BANCO DO BRASIL,ANA,SAQUE,2022-02-10T20:36:15,1707.61
7912,0006,SANTANDER,CARLOS,SAQUE,2022-02-05T04:25:03,4960.83
2679,0004,BANCO DO BRASIL,JULIA,SAQUE,2022-02-02T10:05:52,1635.85
1434,0010,BANCO DO BRASIL,PAULA,DEPOSITO,2022-02-12T23:19:30,720.21
1434,0010,BANCO DO BRASIL,PAULA,SAQUE,2022-02-11T02:28:33,250.91
2679,0004,BANCO DO BRASIL,JULIA,DEPOSITO,2022-02-05T09:38:50,4950.83
4582,0008,ITAU,BRUNA,DEPOSITO,2022-02-24T10:02:28,541.05
7912,0006,SANTANDER,CARLOS,SAQUE,2022-02-22T21:17:58,1928.06
7912,0006,SANTANDER,CARLOS,SAQUE,2022-02-15T05:57:08,2179.48
2679,0004,BANCO DO BRASIL,JULIA,DEPOSITO,2022-02-05T13:52:24,4437.96
1434,0010,BANCO DO BRASIL,PAULA,DEPOSITO,2022-02-25T13:02:18,3334.32
1434,0010,BANCO DO BRASIL,PAULA,SAQUE,2022-02-16T23:32:16,896.62
5506,0002,ITAU,MARIA,DEPOSITO,2022-02-25T01:25:56,721.25
2424,0005,BANCO DO BRASIL,ANA,DEPOSITO,2022-02-06T15:03:30,4851.22
5506,0002,ITAU,MARIA,SAQUE,2022-02-10T03:17:36,4296.47
4657,0003,ITAU,FELIPE,SAQUE,2022-02-11T03:06:59,1976.75
9279,0009,BANCO DO BRASIL,MARCOS,DEPOSITO,2022-02-24T21:57:54,216.82
4657,0003,ITAU,FELIPE,SAQUE,2022-02-22T00:02:12,2519.29
7912,0006,SANTANDER,CARLOS,SAQUE,2022-02-11T23:01:28,2101.03
4657,0003,ITAU,FELIPE,DEPOSITO,2022-02-21T21:06:57,839.56
1434,0010,BANCO DO BRASIL,PAULA,DEPOSITO,2022-02-24T11:29:10,602.32
2824,0001,SANTANDER,JOAO,SAQUE,2022-02-27T10:37:26,2976.56
2424,0005,BANCO DO BRASIL,ANA,SAQUE,2022-02-08T21:37:49,3094.16
2824,0001,SANTANDER,JOAO,DEPOSITO,2022-02-05T23:22:31,1246.75
2824,0001,SANTANDER,JOAO,DEPOSITO,2022-02-01T23:23:33,1600.4
1488,0007,SANTANDER,LUCAS,DEPOSITO,2022-02-10T09:18:09,4646.04
4582,0008,ITAU,BRUNA,DEPOSITO,2022-02-13T23:48:49,792.09
5506,0002,ITAU,MARIA,DEPOSITO,2022-02-24T10:25:44,3525.48
5506,0002,ITAU,MARIA,DEPOSITO,2022-02-19T22:51:02,3732.03
1434,0010,BANCO DO BRASIL,PAULA,DEPOSITO,2022-02-26T16:35:08,680.46
2679,0004,BANCO DO BRASIL,JULIA,DEPOSITO,2022-02-23T03:30:56,1208.35
9279,0009,BANCO DO BRASIL,MARCOS,DEPOSITO,2022-02-18T01:53:20,3517.25
1488,0007,SANTANDER,LUCAS,DEPOSITO,2022-02-18T08:21:41,2065.53
4582,0008,ITAU,BRUNA,SAQUE,2022-02-02T14:03:28,2822.12
9279,0009,BANCO DO BRASIL,MARCOS,DEPOSITO,2022-02-17T23:16:50,2301.05
1488,0007,SANTANDER,LUCAS,DEPOSITO,2022-02-15T09:55:09,831.02
4582,0008,ITAU,BRUNA,SAQUE,2022-02-27T06:19:05,4927.97
1434,0010,BANCO DO BRASIL,PAULA,DEPOSITO,2022-02-15T07:55:26,770.53
4582,0008,ITAU,BRUNA,DEPOSITO,2022-02-28T01:10:29,130.29
2824,0001,SANTANDER,JOAO,SAQUE,2022-02-09T20:34:21,3428.43
5506,0002,ITAU,MARIA,DEPOSITO,2022-02-01T22:46:18,4515.67
4657,0003,ITAU,FELIPE,SAQUE,2022-02-14T02:45:28,2056.46
4582,0008,ITAU,BRUNA,SAQUE,2022-02-13T05:58:12,196.38
9279,0009,BANCO DO BRASIL,MARCOS,DEPOSITO,2022-02-06T23:50:40,2352.37
2424,0005,BANCO DO BRASIL,ANA,DEPOSITO,2022-02-13T05:40:37,666.32
4657,0003,ITAU,FELIPE,DEPOSITO,2022-02-27T17:44:21,4148.95
4582,0008,ITAU,BRUNA,SAQUE,2022-02-24T05:09:56,3465.13
2424,0005,BANCO DO BRASIL,ANA,SAQUE,2022-02-18T08:32:34,2522.37
5506,0002,ITAU,MARIA,SAQUE,2022-02-21T01:57:05,3221.21
4582,0008,ITAU,BRUNA,DEPOSITO,2022-02-16T07:13:17,1253.13
7912,0006,SANTANDER,CARLOS,DEPOSITO,2022-02-11T13:33:18,3882.14
7912,0006,SANTANDER,CARLOS,SAQUE,2022-02-10T15:00:29,2583.03
2824,0001,SANTANDER,JOAO,SAQUE,2022-02-22T08:13:07,624.32
1434,0010,BANCO DO BRASIL,PAULA,DEPOSITO,2022-02-07T04:17:38,3811.83
4582,0008,ITAU,BRUNA,DEPOSITO,2022-02-26T20:39:46,4046.58
9279,0009,BANCO DO BRASIL,MARCOS,SAQUE,2022-02-13T06:58:02,1282.99
5506,0002,ITAU,MARIA,SAQUE,2022-02-17T00:58:24,2479.82
1434,0010,BANCO DO BRASIL,PAULA,DEPOSITO,2022-02-20T20:09:37,876.67
1488,0007,SANTANDER,LUCAS,DEPOSITO,2022-02-18T19:06:01,505.5
1434,0010,BANCO DO BRASIL,PAULA,DEPOSITO,2022-02-16T18:08:31,425.4
5506,0002,ITAU,MARIA,SAQUE,2022-02-08T23:00:24,137.41
7912,0006,SANTANDER,CARLOS,SAQUE,2022-02-03T00:53:32,191.53
7912,0006,SANTANDER,CARLOS,DEPOSITO,2022-02-22T20:05:16,3036.12
1488,0007,SANTANDER,LUCAS,DEPOSITO,2022-02-28T05:44:35,2709.67
7912,0006,SANTANDER,CARLOS,SAQUE,2022-02-23T01:32:50,2368.82
7912,0006,SANTANDER,CARLOS,DEPOSITO,2022-02-10T10:52:39,1356.9
4657,0003,ITAU,FELIPE,DEPOSITO,2022-02-16T08:38:30,576.9
1434,0010,BANCO DO BRASIL,PAULA,SAQUE,2022-02-13T08:46:23,231.49
2424,0005,BANCO DO BRASIL,ANA,DEPOSITO,2022-02-21T03:21:57,4118.02
4657,0003,ITAU,FELIPE,DEPOSITO,2022-02-10T19:00:59,828.18
9279,0009,BANCO DO BRASIL,MARCOS,DEPOSITO,2022-02-07T01:50:02,3128.86
2679,0004,BANCO DO BRASIL,JULIA,SAQUE,2022-02-12T07:43:22,4435.58
1488,0007,SANTANDER,LUCAS,DEPOSITO,2022-02-22T15:33:46,4424.7
1488,0007,SANTANDER,LUCAS,SAQUE,2022-02-02T23:20:16,262.8
1488,0007,SANTANDER,LUCAS,DEPOSITO,2022-02-08T08:12:10,4891.9
9279,0009,BANCO DO BRASIL,MARCOS,DEPOSITO,2022-02-22T08:14:01,4983.68
1488,0007,SANTANDER,LUCAS,SAQUE,2022-02-15T03:14:16,3419.63
2824,0001,SANTANDER,JOAO,DEPOSITO,2022-02-01T15:17:42,4742.04
4582,0008,ITAU,BRUNA,SAQUE,2022-02-24T20:26:41,4885.3
1488,0007,SANTANDER,LUCAS,SAQUE,2022-02-28T12:46:06,1771.05
7912,0006,SANTANDER,CARLOS,DEPOSITO,2022-02-03T06:50:37,1972.7
2679,0004,BANCO DO BRASIL,JULIA,DEPOSITO,2022-02-08T05:08:14,1563.87
1434,0010,BANCO DO BRASIL,PAULA,SAQUE,2022-02-11T22:20:33,875.03
2679,0004,BANCO DO BRASIL,JULIA,DEPOSITO,2022-02-06T18:41:59,2257.05
2679,0004,BANCO DO BRASIL,JULIA,SAQUE,2022-02-27T06:46:41,472.72
9279,0009,BANCO DO BRASIL,MARCOS,DEPOSITO,2022-02-22T22:31:26,3794.87
4582,0008,ITAU,BRUNA,SAQUE,2022-02-14T16:51:13,3842.03
5506,0002,ITAU,MARIA,DEPOSITO,2022-02-02T01:55:19,4362.19
4657,0003,ITAU,FELIPE,SAQUE,2022-02-01T21:04:32,1574.56
9279,0009,BANCO DO BRASIL,MARCOS,DEPOSITO,2022-02-08T05:10:11,1835.43
4582,0008,ITAU,BRUNA,DEPOSITO,2022-02-20T02:49:04,2177.17
2824,0001,SANTANDER,JOAO,SAQUE,2022-02-12T22:30:36,693.0
2424,0005,BANCO DO BRASIL,ANA,DEPOSITO,2022-02-21T03:16:54,2133.56
2824,0001,SANTANDER,JOAO,SAQUE,2022-02-14T10:27:19,3880.0
4582,0008,ITAU,BRUNA,DEPOSITO,2022-02-02T07:51:57,2415.03
2424,0005,BANCO DO BRASIL,ANA,DEPOSITO,2022-02-08T22:43:04,2890.02
4582,0008,ITAU,BRUNA,DEPOSITO,2022-02-16T21:22:34,725.04
7912,0006,SANTANDER,CARLOS,SAQUE,2022-02-02T06:47:27,2904.19
4582,0008,ITAU,BRUNA,SAQUE,2022-02-06T05:49:46,1816.21
2679,0004,BANCO DO BRASIL,JULIA,DEPOSITO,2022-02-19T11:54:15,516.13
2424,0005,BANCO DO BRASIL,ANA,SAQUE,2022-02-28T16:39:56,2004.99
1488,0007,SANTANDER,LUCAS,DEPOSITO,2022-02-03T06:47:58,2041.72
4582,0008,ITAU,BRUNA,DEPOSITO,2022-02-07T11:08:25,246.15
4582,0008,ITAU,BRUNA,SAQUE,2022-02-08T14:28:40,4719.4
5506,0002,ITAU,MARIA,SAQUE,2022-02-23T12:39:46,3782.19
2424,0005,BANCO DO BRASIL,ANA,SAQUE,2022-02-17T17:35:04,4800.5
4582,0008,ITAU,BRUNA,DEPOSITO,2022-02-11T05:29:16,2958.05
4582,0008,ITAU,BRUNA,DEPOSITO,2022-02-06T21:27:22,4216.95
7912,0006,SANTANDER,CARLOS,DEPOSITO,2022-02-08T04:04:16,1188.98
2679,0004,BANCO DO BRASIL,JULIA,SAQUE,2022-02-15T22:02:39,1491.19
1434,0010,BANCO DO BRASIL,PAULA,SAQUE,2022-02-17T21:44:16,3323.4
4582,0008,ITAU,BRUNA,SAQUE,2022-02-23T05:22:53,1512.88
1488,0007,SANTANDER,LUCAS,SAQUE,2022-02-09T11:28:02,4682.1
4657,0003,ITAU,FELIPE,DEPOSITO,2022-02-07T23:11:31,2080.1
1488,0007,SANTANDER,LUCAS,DEPOSITO,2022-02-14T09:23:57,2232.32
5506,0002,ITAU,MARIA,DEPOSITO,2022-02-21T11:38:40,1642.47
1488,0007,SANTANDER,LUCAS,DEPOSITO,2022-02-25T06:02:53,4915.68
4582,0008,ITAU,BRUNA,DEPOSITO,2022-02-25T06:11:12,1508.23
1434,0010,BANCO DO BRASIL,PAULA,DEPOSITO,2022-02-25T02:24:26,4423.98
2424,0005,BANCO DO BRASIL,ANA,SAQUE,2022-02-25T19:28:26,128.82
2824,0001,SANTANDER,JOAO,DEPOSITO,2022-02-07T07:31:19,2603.2
2424,0005,BANCO DO BRASIL,ANA,SAQUE,2022-02-07T15:00:41,1642.28
1488,0007,SANTANDER,LUCAS,SAQUE,2022-02-15T07:10:29,4121.25
5506,0002,ITAU,MARIA,SAQUE,2022-02-20T17:31:23,2448.0
7912,0006,SANTANDER,CARLOS,DEPOSITO,2022-02-04T14:34:24,2800.16
2824,0001,SANTANDER,JOAO,SAQUE,2022-02-16T11:41:31,652.41
9279,0009,BANCO DO BRASIL,MARCOS,DEPOSITO,2022-02-21T19:55:02,618.48
4657,0003,ITAU,FELIPE,SAQUE,2022-02-08T07:40:01,3203.28
4657,0003,ITAU,FELIPE,DEPOSITO,2022-02-12T09:39:11,1755.11
2824,0001,SANTANDER,JOAO,SAQUE,2022-02-18T03:24:56,1429.07
2424,0005,BANCO DO BRASIL,ANA,DEPOSITO,2022-02-01T08:50:34,932.88
5506,0002,ITAU,MARIA,DEPOSITO,2022-02-27T16:35:50,3437.06
2424,0005,BANCO DO BRASIL,ANA,DEPOSITO,2022-02-10T08:57:14,179.87
4657,0003,ITAU,FELIPE,SAQUE,2022-02-18T07:23:48,3932.83
1434,0010,BANCO DO BRASIL,PAULA,DEPOSITO,2022-02-16T23:56:38,2206.71
4582,0008,ITAU,BRUNA,SAQUE,2022-02-21T00:15:51,3866.89
1488,0007,SANTANDER,LUCAS,DEPOSITO,2022-02-19T12:28:53,4645.21
1488,0007,SANTANDER,LUCAS,DEPOSITO,2022-02-23T16:43:19,3740.49
2679,0004,BANCO DO BRASIL,JULIA,SAQUE,2022-02-22T09:18:02,807.95
1488,0007,SANTANDER,LUCAS,DEPOSITO,2022-02-16T08:38:15,94.29
5506,0002,ITAU,MARIA,DEPOSITO,2022-02-02T14:46:07,1680.1
2679,0004,BANCO DO BRASIL,JULIA,SAQUE,2022-02-07T11:08:29,3306.69
1434,0010,BANCO DO BRASIL,PAULA,SAQUE,2022-02-24T03:17:57,2931.6
2424,0005,BANCO DO BRASIL,ANA,DEPOSITO,2022-02-11T12:21:52,4443.36
1434,0010,BANCO DO BRASIL,PAULA,DEPOSITO,2022-02-04T00:42:05,4682.93
1434,0010,BANCO DO BRASIL,PAULA,SAQUE,2022-02-16T09:19:06,3973.29
2824,0001,SANTANDER,JOAO,DEPOSITO,2022-02-03T01:40:10,4541.46
9279,0009,BANCO DO BRASIL,MARCOS,SAQUE,2022-02-12T10:02:12,2147.54
5506,0002,ITAU,MARIA,SAQUE,2022-02-19T08:08:36,3197.28
9279,0009,BANCO DO BRASIL,MARCOS,DEPOSITO,2022-02-23T14:56:50,4922.31
2424,0005,BANCO DO BRASIL,ANA,SAQUE,2022-02-13T12:47:02,2020.8
2679,0004,BANCO DO BRASIL,JULIA,SAQUE,2022-02-02T10:15:05,2934.59
9279,0009,BANCO DO BRASIL,MARCOS,SAQUE,2022-02-18T11:03:48,3945.69
4657,0003,ITAU,FELIPE,DEPOSITO,2022-02-03T06:10:32,2701.98
4657,0003,ITAU,FELIPE,SAQUE,2022-02-11T16:03:57,849.89
2679,0004,BANCO DO BRASIL,JULIA,SAQUE,2022-02-15T21:49:13,4461.54
7912,0006,SANTANDER,CARLOS,DEPOSITO,2022-02-15T16:49:13,2009.07
2424,0005,BANCO DO BRASIL,ANA,DEPOSITO,2022-02-21T21:05:11,1421.8
2679,0004,BANCO DO BRASIL,JULIA,SAQUE,2022-02-25T19:06:25,4811.29
2679,0004,BANCO DO BRASIL,JULIA,SAQUE,2022-02-04T19:09:30,4708.4
5506,0002,ITAU,MARIA,DEPOSITO,2022-02-10T15:26:24,3048.92
4657,0003,ITAU,FELIPE,SAQUE,2022-02-06T15:28:57,3885.17
4582,0008,ITAU,BRUNA,DEPOSITO,2022-02-18T15:59:32,2995.13
4657,0003,ITAU,FELIPE,SAQUE,2022-02-27T01:00:20,3289.09
1434,0010,BANCO DO BRASIL,PAULA,DEPOSITO,2022-02-28T14:52:01,3395.18
5506,0002,ITAU,MARIA,SAQUE,2022-02-10T05:51:34,4183.33
9279,0009,BANCO DO BRASIL,MARCOS,DEPOSITO,2022-02-25T10:28:47,4591.35
2424,0005,BANCO DO BRASIL,ANA,SAQUE,2022-02-17T15:56:24,3472.04
2424,0005,BANCO DO BRASIL,ANA,SAQUE,2022-02-14T23:09:10,433.22
1488,0007,SANTANDER,LUCAS,SAQUE,2022-02-08T07:40:10,695.45
9279,0009,BANCO DO BRASIL,MARCOS,DEPOSITO,2022-02-03T00:41:28,15.0
5506,0002,ITAU,MARIA,DEPOSITO,2022-02-05T23:29:53,2562.6
1434,0010,BANCO DO BRASIL,PAULA,SAQUE,2022-02-25T15:29:17,2518.9
2424,0005,BANCO DO BRASIL,ANA,SAQUE,2022-02-25T00:07:33,1130.1
9279,0009,BANCO DO BRASIL,MARCOS,SAQUE,2022-02-18T09:16:57,2465.06
4657,0003,ITAU,FELIPE,DEPOSITO,2022-02-19T02:43:42,4787.38
4657,0003,ITAU,FELIPE,SAQUE,2022-02-02T06:02:09,667.7
4582,0008,ITAU,BRUNA,SAQUE,2022-02-01T16:42:43,571.81
4657,0003,ITAU,FELIPE,DEPOSITO,2022-02-18T09:03:53,931.41
4657,0003,ITAU,FELIPE,SAQUE,2022-02-05T06:48:40,2901.48
1434,0010,BANCO DO BRASIL,PAULA,SAQUE,2022-02-03T17:45:34,598.34
2679,0004,BANCO DO BRASIL,JULIA,DEPOSITO,2022-02-19T20:09:40,2353.67
4582,0008,ITAU,BRUNA,DEPOSITO,2022-02-05T20:09:52,2829.48
7912,0006,SANTANDER,CARLOS,DEPOSITO,2022-02-11T01:01:04,2610.36
9279,0009,BANCO DO BRASIL,MARCOS,DEPOSITO,2022-02-25T03:12:08,3867.76
4657,0003,ITAU,FELIPE,DEPOSITO,2022-02-19T23:59:49,4153.24
2824,0001,SANTANDER,JOAO,SAQUE,2022-02-15T15:35:20,1397.91
7912,0006,SANTANDER,CARLOS,DEPOSITO,2022-02-09T01:55:25,4942.62
2424,0005,BANCO DO BRASIL,ANA,SAQUE,2022-02-27T08:52:06,1866.03
2424,0005,BANCO DO BRASIL,ANA,DEPOSITO,2022-02-10T06:50:41,3180.43
2679,0004,BANCO DO BRASIL,JULIA,DEPOSITO,2022-02-23T09:32:14,3547.25
2679,0004,BANCO DO BRASIL,JULIA,SAQUE,2022-02-10T14:51:30,4941.88
1434,0010,BANCO DO BRASIL,PAULA,SAQUE,2022-02-15T06:39:44,1061.19
4657,0003,ITAU,FELIPE,SAQUE,2022-02-15T02:05:57,4880.88
4657,0003,ITAU,FELIPE,SAQUE,2022-02-04T19:51:14,1165.28
2679,0004,BANCO DO BRASIL,JULIA,SAQUE,2022-02-18T13:22:00,3982.51
9279,0009,BANCO DO BRASIL,MARCOS,SAQUE,2022-02-03T07:00:02,4834.17
9279,0009,BANCO DO BRASIL,MARCOS,SAQUE,2022-02-12T11:29:22,4484.57
4657,0003,ITAU,FELIPE,SAQUE,2022-02-25T01:49:17,3766.28
9279,0009,BANCO DO BRASIL,MARCOS,DEPOSITO,2022-02-17T17:14:53,1692.3
1488,0007,SANTANDER,LUCAS,SAQUE,2022-02-08T07:12:49,44.71
4582,0008,ITAU,BRUNA,SAQUE,2022-02-17T14:21:26,2107.01
1434,0010,BANCO DO BRASIL,PAULA,DEPOSITO,2022-02-05T01:56:09,4834.52
4582,0008,ITAU,BRUNA,SAQUE,2022-02-09T17:31:01,4212.17
4582,0008,ITAU,BRUNA,SAQUE,2022-02-05T00:50:57,1437.47
1488,0007,SANTANDER,LUCAS,SAQUE,2022-02-23T11:26:31,2232.15
9279,0009,BANCO DO BRASIL,MARCOS,SAQUE,2022-02-08T02:13:25,1130.4
2424,0005,BANCO DO BRASIL,ANA,SAQUE,2022-02-10T23:41:50,2994.67
5506,0002,ITAU,MARIA,DEPOSITO,2022-02-13T19:03:15,1174.1
4657,0003,ITAU,FELIPE,SAQUE,2022-02-16T14:30:29,3448.1
1488,0007,SANTANDER,LUCAS,DEPOSITO,2022-02-24T10:52:18,3255.83
5506,0002,ITAU,MARIA,SAQUE,2022-02-14T17:22:38,578.92
7912,0006,SANTANDER,CARLOS,SAQUE,2022-02-15T07:53:17,3022.14
2679,0004,BANCO DO BRASIL,JULIA,DEPOSITO,2022-02-24T23:21:33,3016.31
9279,0009,BANCO DO BRASIL,MARCOS,DEPOSITO,2022-02-15T09:27:02,956.66
2824,0001,SANTANDER,JOAO,SAQUE,2022-02-08T05:49:40,4057.6
2424,0005,BANCO DO BRASIL,ANA,DEPOSITO,2022-02-06T10:20:36,4993.98
5506,0002,ITAU,MARIA,SAQUE,2022-02-01T06:52:33,1912.25
7912,0006,SANTANDER,CARLOS,SAQUE,2022-02-20T09:22:54,3619.42
2824,0001,SANTANDER,JOAO,SAQUE,2022-02-15T06:36:18,4296.52
2824,0001,SANTANDER,JOAO,DEPOSITO,2022-02-22T03:45:54,4698.34
7912,0006,SANTANDER,CARLOS,SAQUE,2022-02-05T14:07:23,691.63
4657,0003,ITAU,FELIPE,DEPOSITO,2022-02-22T23:51:24,4934.46
2424,0005,BANCO DO BRASIL,ANA,SAQUE,2022-02-11T07:41:11,1352.88
4657,0003,ITAU,FELIPE,DEPOSITO,2022-02-02T00:31:18,1557.7
2824,0001,SANTANDER,JOAO,DEPOSITO,2022-02-27T15:03:09,397.31
2679,0004,BANCO DO BRASIL,JULIA,SAQUE,2022-02-25T11:54:20,4077.86
4657,0003,ITAU,FELIPE,DEPOSITO,2022-02-09T21:18:07,4967.18
2679,0004,BANCO DO BRASIL,JULIA,SAQUE,2022-02-10T15:28:32,3669.73
2424,0005,BANCO DO BRASIL,ANA,SAQUE,2022-02-26T11:00:39,1940.89
2679,0004,BANCO DO BRASIL,JULIA,DEPOSITO,2022-02-13T15:28:51,3299.7
1434,0010,BANCO DO BRASIL,PAULA,SAQUE,2022-02-04T01:24:44,4797.55
1488,0007,SANTANDER,LUCAS,SAQUE,2022-02-25T08:59:26,2860.39
7912,0006,SANTANDER,CARLOS,DEPOSITO,2022-02-03T01:18:19,941.08
2679,0004,BANCO DO BRASIL,JULIA,DEPOSITO,2022-02-24T09:14:12,2962.79
4582,0008,ITAU,BRUNA,DEPOSITO,2022-02-22T17:02:42,4513.73
7912,0006,SANTANDER,CARLOS,SAQUE,2022-02-26T08:41:15,3175.18
2424,0005,BANCO DO BRASIL,ANA,SAQUE,2022-02-22T00:19:08,3987.51
2824,0001,SANTANDER,JOAO,DEPOSITO,2022-02-24T11:11:49,1368.22
1434,0010,BANCO DO BRASIL,PAULA,SAQUE,2022-02-08T14:28:07,38.87
9279,0009,BANCO DO BRASIL,MARCOS,SAQUE,2022-02-18T14:06:23,3270.12
5506,0002,ITAU,MARIA,SAQUE,2022-02-13T14:29:03,4668.48
1488,0007,SANTANDER,LUCAS,SAQUE,2022-02-22T22:22:53,681.86
1488,0007,SANTANDER,LUCAS,DEPOSITO,2022-02-08T08:38:07,3503.28
2679,0004,BANCO DO BRASIL,JULIA,DEPOSITO,2022-02-27T12:14:11,3874.18
4657,0003,ITAU,FELIPE,DEPOSITO,2022-02-07T18:32:26,389.37
1488,0007,SANTANDER,LUCAS,SAQUE,2022-02-01T07:07:46,3804.86
1488,0007,SANTANDER,LUCAS,SAQUE,2022-02-28T16:56:15,3816.42
4657,0003,ITAU,FELIPE,DEPOSITO,2022-02-01T02:33:50,1898.95
1434,0010,BANCO DO BRASIL,PAULA,DEPOSITO,2022-02-08T09:29:16,815.77
1488,0007,SANTANDER,LUCAS,DEPOSITO,2022-02-18T17:06:03,739.8
2824,0001,SANTANDER,JOAO,DEPOSITO,2022-02-20T16:29:18,4783.38
5506,0002,ITAU,MARIA,DEPOSITO,2022-02-11T03:27:53,597.18
2679,0004,BANCO DO BRASIL,JULIA,SAQUE,2022-02-28T12:21:05,2382.75
1488,0007,SANTANDER,LUCAS,SAQUE,2022-02-17T20:53:50,1799.28
1434,0010,BANCO DO BRASIL,PAULA,DEPOSITO,2022-02-22T03:13:25,2840.38
2824,0001,SANTANDER,JOAO,DEPOSITO,2022-02-08T22:00:45,4870.67
4657,0003,ITAU,FELIPE,SAQUE,2022-02-20T06:31:55,3941.92
7912,0006,SANTANDER,CARLOS,SAQUE,2022-02-20T21:33:41,168.2
4657,0003,ITAU,FELIPE,DEPOSITO,2022-02-16T21:06:46,4491.13
9279,0009,BANCO DO BRASIL,MARCOS,DEPOSITO,2022-02-19T01:05:04,2067.59
1488,0007,SANTANDER,LUCAS,SAQUE,2022-02-27T10:09:27,1126.99
1488,0007,SANTANDER,LUCAS,SAQUE,2022-02-27T08:10:02,2315.26
1488,0007,SANTANDER,LUCAS,DEPOSITO,2022-02-07T22:27:26,1331.75
2824,0001,SANTANDER,JOAO,SAQUE,2022-02-18T16:21:04,1058.83
4582,0008,ITAU,BRUNA,SAQUE,2022-02-11T00:11:38,724.01
1488,0007,SANTANDER,LUCAS,DEPOSITO,2022-02-07T19:46:53,2997.94
2824,0001,SANTANDER,JOAO,DEPOSITO,2022-02-11T02:09:01,4208.95
4582,0008,ITAU,BRUNA,DEPOSITO,2022-02-14T00:42:12,1618.3
9279,0009,BANCO DO BRASIL,MARCOS,SAQUE,2022-02-14T19:35:35,1781.99
7912,0006,SANTANDER,CARLOS,DEPOSITO,2022-02-02T20:46:27,726.0
1488,0007,SANTANDER,LUCAS,SAQUE,2022-02-17T08:07:19,1515.81
9279,0009,BANCO DO BRASIL,MARCOS,SAQUE,2022-02-06T21:20:44,1268.09
2824,0001,SANTANDER,JOAO,SAQUE,2022-02-15T05:58:20,613.38
1488,0007,SANTANDER,LUCAS,SAQUE,2022-02-09T15:14:50,2432.13
1434,0010,BANCO DO BRASIL,PAULA,SAQUE,2022-02-20T07:21:08,3783.6
2824,0001,SANTANDER,JOAO,DEPOSITO,2022-02-17T17:49:28,4862.6
2424,0005,BANCO DO BRASIL,ANA,DEPOSITO,2022-02-28T23:34:48,2246.87
1488,0007,SANTANDER,LUCAS,SAQUE,2022-02-04T15:26:50,415.26
4657,0003,ITAU,FELIPE,SAQUE,2022-02-05T14:30:13,91.78
7912,0006,SANTANDER,CARLOS,SAQUE,2022-02-16T17:42:59,4580.11
2824,0001,SANTANDER,JOAO,SAQUE,2022-02-21T11:53:23,39.37
4657,0003,ITAU,FELIPE,DEPOSITO,2022-02-25T07:26:47,4849.19
5506,0002,ITAU,MARIA,SAQUE,2022-02-22T07:21:01,1055.45
2679,0004,BANCO DO BRASIL,JULIA,SAQUE,2022-02-28T22:56:39,514.13
4582,0008,ITAU,BRUNA,DEPOSITO,2022-02-15T10:15:00,3911.35
1488,0007,SANTANDER,LUCAS,DEPOSITO,2022-02-05T20:10:43,2689.92
9279,0009,BANCO DO BRASIL,MARCOS,DEPOSITO,2022-02-15T06:07:51,3270.91
2824,0001,SANTANDER,JOAO,SAQUE,2022-02-20T11:43:17,264.28
2679,0004,BANCO DO BRASIL,JULIA,DEPOSITO,2022-02-01T21:14:11,4555.49
4582,0008,ITAU,BRUNA,SAQUE,2022-02-09T21:37:41,2689.33
4657,0003,ITAU,FELIPE,DEPOSITO,2022-02-11T18:14:36,4342.99
4582,0008,ITAU,BRUNA,DEPOSITO,2022-02-13T01:32:41,397.59
2679,0004,BANCO DO BRASIL,JULIA,DEPOSITO,2022-02-10T06:37:53,3739.57
5506,0002,ITAU,MARIA,DEPOSITO,2022-02-19T06:27:17,4863.64
9279,0009,BANCO DO BRASIL,MARCOS,SAQUE,2022-02-10T00:22:14,4444.45
9279,0009,BANCO DO BRASIL,MARCOS,DEPOSITO,2022-02-20T08:03:39,159.4
7912,0006,SANTANDER,CARLOS,DEPOSITO,2022-02-01T10:34:08,1548.67
2424,0005,BANCO DO BRASIL,ANA,SAQUE,2022-02-14T10:03:30,4633.76
2679,0004,BANCO DO BRASIL,JULIA,DEPOSITO,2022-02-13T14:57:53,3029.02
1434,0010,BANCO DO BRASIL,PAULA,SAQUE,2022-02-19T08:00:44,2603.14
2424,0005,BANCO DO BRASIL,ANA,SAQUE,2022-02-14T04:23:01,1167.68
2824,0001,SANTANDER,JOAO,DEPOSITO,2022-02-01T01:42:12,3797.06
2424,0005,BANCO DO BRASIL,ANA,SAQUE,2022-02-27T06:36:46,3717.13
2824,0001,SANTANDER,JOAO,DEPOSITO,2022-02-19T01:11:05,3952.38
2424,0005,BANCO DO BRASIL,ANA,DEPOSITO,2022-02-22T21:19:31,1432.59
7912,0006,SANTANDER,CARLOS,SAQUE,2022-02-19T21:26:07,1071.71
4657,0003,ITAU,FELIPE,DEPOSITO,2022-02-01T13:13:52,1654.24
2824,0001,SANTANDER,JOAO,DEPOSITO,2022-02-12T07:52:56,1545.05
2424,0005,BANCO DO BRASIL,ANA,DEPOSITO,2022-02-12T18:29:36,4851.79
2824,0001,SANTANDER,JOAO,DEPOSITO,2022-02-07T01:15:51,788.29
2824,0001,SANTANDER,JOAO,SAQUE,2022-02-19T04:58:02,389.88
9279,0009,BANCO DO BRASIL,MARCOS,SAQUE,2022-02-01T15:53:34,190.01
1434,0010,BANCO DO BRASIL,PAULA,SAQUE,2022-02-02T10:07:23,1127.83
9279,0009,BANCO DO BRASIL,MARCOS,DEPOSITO,2022-02-26T21:27:59,3986.44
5506,0002,ITAU,MARIA,SAQUE,2022-02-21T14:04:18,2663.24
1488,0007,SANTANDER,LUCAS,SAQUE,2022-02-05T22:48:44,1541.51
4657,0003,ITAU,FELIPE,DEPOSITO,2022-02-21T22:03:53,2239.29
4657,0003,ITAU,FELIPE,DEPOSITO,2022-02-27T00:46:22,1575.51
2824,0001,SANTANDER,JOAO,DEPOSITO,2022-02-18T12:44:11,4850.15
7912,0006,SANTANDER,CARLOS,SAQUE,2022-02-07T22:27:42,1779.49
2824,0001,SANTANDER,JOAO,SAQUE,2022-02-21T19:22:12,687.14
4582,0008,ITAU,BRUNA,SAQUE,2022-02-19T22:20:12,4019.91
4657,0003,ITAU,FELIPE,SAQUE,2022-02-09T11:58:14,404.05
4582,0008,ITAU,BRUNA,SAQUE,2022-02-02T09:08:16,605.58
2824,0001,SANTANDER,JOAO,DEPOSITO,2022-02-06T20:11:17,3727.45
4657,0003,ITAU,FELIPE,DEPOSITO,2022-02-20T05:56:04,1761.09
2424,0005,BANCO DO BRASIL,ANA,DEPOSITO,2022-02-04T15:29:58,4660.61
2679,0004,BANCO DO BRASIL,JULIA,DEPOSITO,2022-02-19T17:35:21,572.59
5506,0002,ITAU,MARIA,DEPOSITO,2022-02-19T17:50:43,619.53
1488,0007,SANTANDER,LUCAS,DEPOSITO,2022-02-12T10:54:05,4502.56
4582,0008,ITAU,BRUNA,DEPOSITO,2022-02-03T05:01:30,36.75
4582,0008,ITAU,BRUNA,SAQUE,2022-02-05T05:10:48,4748.69
5506,0002,ITAU,MARIA,SAQUE,2022-02-26T09:47:42,4413.08
4657,0003,ITAU,FELIPE,DEPOSITO,2022-02-17T20:59:55,305.73
1434,0010,BANCO DO BRASIL,PAULA,SAQUE,2022-02-05T03:54:38,2191.54
1434,0010,BANCO DO BRASIL,PAULA,SAQUE,2022-02-08T02:56:50,3307.8
1434,0010,BANCO DO BRASIL,PAULA,SAQUE,2022-02-02T06:17:18,3994.67
2679,0004,BANCO DO BRASIL,JULIA,DEPOSITO,2022-02-19T06:24:41,4158.42
1434,0010,BANCO DO BRASIL,PAULA,SAQUE,2022-02-04T04:51:23,2769.69
2679,0004,BANCO DO BRASIL,JULIA,DEPOSITO,2022-02-17T02:46:34,2805.15
4582,0008,ITAU,BRUNA,DEPOSITO,2022-02-14T05:37:10,3423.85
5506,0002,ITAU,MARIA,SAQUE,2022-02-22T16:02:07,3485.65
5506,0002,ITAU,MARIA,DEPOSITO,2022-02-01T22:06:35,1541.58
2824,0001,SANTANDER,JOAO,SAQUE,2022-02-25T20:10:47,4038.1
2679,0004,BANCO DO BRASIL,JULIA,SAQUE,2022-02-18T03:17:52,4134.08
4582,0008,ITAU,BRUNA,DEPOSITO,2022-02-22T11:33:17,1450.28
4657,0003,ITAU,FELIPE,SAQUE,2022-02-17T08:45:50,3955.93
9279,0009,BANCO DO BRASIL,MARCOS,DEPOSITO,2022-02-09T11:59:37,4153.61
2424,0005,BANCO DO BRASIL,ANA,SAQUE,2022-02-25T16:10:36,4842.24
5506,0002,ITAU,MARIA,DEPOSITO,2022-02-16T01:18:43,1859.21
4657,0003,ITAU,FELIPE,DEPOSITO,2022-02-08T15:16:45,1283.03
7912,0006,SANTANDER,CARLOS,DEPOSITO,2022-02-25T08:08:06,762.8
1488,0007,SANTANDER,LUCAS,DEPOSITO,2022-02-17T21:48:26,3790.99
2424,0005,BANCO DO BRASIL,ANA,SAQUE,2022-02-07T23:30:13,3140.92
2824,0001,SANTANDER,JOAO,DEPOSITO,2022-02-10T19:35:37,439.33
7912,0006,SANTANDER,CARLOS,DEPOSITO,2022-02-15T08:09:41,3555.56
4582,0008,ITAU,BRUNA,SAQUE,2022-02-10T23:36:47,3410.77
2824,0001,SANTANDER,JOAO,DEPOSITO,2022-02-12T03:50:09,2853.3
1488,0007,SANTANDER,LUCAS,DEPOSITO,2022-02-10T11:51:09,801.52
7912,0006,SANTANDER,CARLOS,SAQUE,2022-02-01T16:52:09,1434.96
4657,0003,ITAU,FELIPE,SAQUE,2022-02-02T23:31:50,3077.81
5506,0002,ITAU,MARIA,DEPOSITO,2022-02-08T23:37:52,4543.08
2679,0004,BANCO DO BRASIL,JULIA,SAQUE,2022-02-06T19:00:00,566.08
2424,0005,BANCO DO BRASIL,ANA,DEPOSITO,2022-02-04T03:44:08,4671.84
1434,0010,BANCO DO BRASIL,PAULA,SAQUE,2022-02-10T12:43:41,3780.92
1488,0007,SANTANDER,LUCAS,DEPOSITO,2022-02-24T02:51:39,2445.7
2424,0005,BANCO DO BRASIL,ANA,DEPOSITO,2022-02-17T08:55:48,4983.46
1488,0007,SANTANDER,LUCAS,SAQUE,2022-02-17T16:43:34,563.94
2424,0005,BANCO DO BRASIL,ANA,SAQUE,2022-02-19T01:34:37,2822.57
1488,0007,SANTANDER,LUCAS,DEPOSITO,2022-02-03T00:32:06,3592.91
7912,0006,SANTANDER,CARLOS,SAQUE,2022-02-17T07:53:41,795.81
9279,0009,BANCO DO BRASIL,MARCOS,SAQUE,2022-02-08T03:18:15,1709.78
2424,0005,BANCO DO BRASIL,ANA,SAQUE,2022-02-18T09:28:52,1263.17
2679,0004,BANCO DO BRASIL,JULIA,DEPOSITO,2022-02-28T08:17:23,2354.07
1434,0010,BANCO DO BRASIL,PAULA,DEPOSITO,2022-02-28T19:45:47,4891.34
2424,0005,BANCO DO BRASIL,ANA,SAQUE,2022-02-11T08:24:58,4509.47
5506,0002,ITAU,MARIA,DEPOSITO,2022-02-03T13:29:11,4518.89
1488,0007,SANTANDER,LUCAS,DEPOSITO,2022-02-26T01:46:03,4337.27
4657,0003,ITAU,FELIPE,DEPOSITO,2022-02-03T05:14:11,2248.99
2679,0004,BANCO DO BRASIL,JULIA,SAQUE,2022-02-03T03:16:45,1521.52
2424,0005,BANCO DO BRASIL,ANA,SAQUE,2022-02-10T15:21:15,3177.52
2824,0001,SANTANDER,JOAO,DEPOSITO,2022-02-28T01:06:16,4299.6
1488,0007,SANTANDER,LUCAS,DEPOSITO,2022-02-22T23:16:24,1981.71
2679,0004,BANCO DO BRASIL,JULIA,SAQUE,2022-02-05T10:05:28,3881.72
2424,0005,BANCO DO BRASIL,ANA,DEPOSITO,2022-02-18T06:21:29,3116.21
2424,0005,BANCO DO BRASIL,ANA,SAQUE,2022-02-11T12:20:58,2251.52
4657,0003,ITAU,FELIPE,DEPOSITO,2022-02-20T00:29:21,1502.52
9279,0009,BANCO DO BRASIL,MARCOS,SAQUE,2022-02-27T10:30:01,1019.35
4582,0008,ITAU,BRUNA,SAQUE,2022-02-12T16:26:16,543.62
7912,0006,SANTANDER,CARLOS,DEPOSITO,2022-02-11T08:44:06,3594.79
4582,0008,ITAU,BRUNA,SAQUE,2022-02-16T00:09:35,2464.17
1488,0007,SANTANDER,LUCAS,SAQUE,2022-02-19T17:08:54,2205.68
1434,0010,BANCO DO BRASIL,PAULA,SAQUE,2022-02-01T11:28:59,566.05
4657,0003,ITAU,FELIPE,SAQUE,2022-02-19T13:18:12,2608.38
2824,0001,SANTANDER,JOAO,DEPOSITO,2022-02-16T17:43:34,3799.75
4657,0003,ITAU,FELIPE,DEPOSITO,2022-02-04T02:25:23,4635.47
5506,0002,ITAU,MARIA,DEPOSITO,2022-02-18T20:20:07,2571.0
1434,0010,BANCO DO BRASIL,PAULA,SAQUE,2022-02-26T15:24:47,1492.8
2424,0005,BANCO DO BRASIL,ANA,SAQUE,2022-02-13T11:52:44,1967.36
9279,0009,BANCO DO BRASIL,MARCOS,SAQUE,2022-02-24T20:07:58,225.66
2679,0004,BANCO DO BRASIL,JULIA,SAQUE,2022-02-03T15:05:13,2633.42
5506,0002,ITAU,MARIA,DEPOSITO,2022-02-25T02:37:28,1318.08
1434,0010,BANCO DO BRASIL,PAULA,DEPOSITO,2022-02-17T03:08:33,1483.66
4582,0008,ITAU,BRUNA,DEPOSITO,2022-02-18T09:01:58,2485.93
5506,0002,ITAU,MARIA,SAQUE,2022-02-23T16:37:41,204.27
2424,0005,BANCO DO BRASIL,ANA,SAQUE,2022-02-04T20:07:59,893.65
9279,0009,BANCO DO BRASIL,MARCOS,DEPOSITO,2022-02-27T04:39:48,3793.9
5506,0002,ITAU,MARIA,SAQUE,2022-02-27T21:27:26,4896.24
2824,0001,SANTANDER,JOAO,DEPOSITO,2022-02-02T18:46:59,735.42
2679,0004,BANCO DO BRASIL,JULIA,SAQUE,2022-02-17T17:23:22,2887.5
7912,0006,SANTANDER,CARLOS,DEPOSITO,2022-02-11T19:37:27,3007.9
2424,0005,BANCO DO BRASIL,ANA,DEPOSITO,2022-02-18T00:29:03,568.31
1434,0010,BANCO DO BRASIL,PAULA,DEPOSITO,2022-02-11T07:44:16,3514.43
4657,0003,ITAU,FELIPE,SAQUE,2022-02-03T05:15:56,1498.03
1488,0007,SANTANDER,LUCAS,DEPOSITO,2022-02-19T02:44:43,1926.35
4657,0003,ITAU,FELIPE,DEPOSITO,2022-02-19T08:30:08,48.04
4582,0008,ITAU,BRUNA,SAQUE,2022-02-16T13:15:32,2005.87
7912,0006,SANTANDER,CARLOS,SAQUE,2022-02-21T13:26:35,3450.83
1434,0010,BANCO DO BRASIL,PAULA,DEPOSITO,2022-02-23T23:33:32,1054.44
2679,0004,BANCO DO BRASIL,JULIA,SAQUE,2022-02-17T19:45:15,1337.72
4582,0008,ITAU,BRUNA,SAQUE,2022-02-26T00:47:28,977.34
4657,0003,ITAU,FELIPE,DEPOSITO,2022-02-17T18:18:59,1450.02
4657,0003,ITAU,FELIPE,DEPOSITO,2022-02-22T22:49:33,316.56
7912,0006,SANTANDER,CARLOS,DEPOSITO,2022-02-21T16:19:13,3695.32
4657,0003,ITAU,FELIPE,DEPOSITO,2022-02-22T19:07:54,4418.31
4582,0008,ITAU,BRUNA,SAQUE,2022-02-13T15:10:09,1943.77
2424,0005,BANCO DO BRASIL,ANA,SAQUE,2022-02-17T19:42:27,2782.87
1434,0010,BANCO DO BRASIL,PAULA,SAQUE,2022-02-25T05:32:29,3038.95
2424,0005,BANCO DO BRASIL,ANA,SAQUE,2022-02-24T15:27:41,1346.0
2424,0005,BANCO DO BRASIL,ANA,SAQUE,2022-02-21T04:06:19,4584.19
4657,0003,ITAU,FELIPE,SAQUE,2022-02-01T06:52:42,3139.64
2424,0005,BANCO DO BRASIL,ANA,SAQUE,2022-02-15T11:15:38,2196.89
4657,0003,ITAU,FELIPE,DEPOSITO,2022-02-03T05:08:40,3814.51
5506,0002,ITAU,MARIA,SAQUE,2022-02-19T21:16:53,12.81
4582,0008,ITAU,BRUNA,SAQUE,2022-02-07T02:53:47,15.48
5506,0002,ITAU,MARIA,DEPOSITO,2022-02-20T19:29:22,4695.87
9279,0009,BANCO DO BRASIL,MARCOS,DEPOSITO,2022-02-07T18:57:17,3747.48
5506,0002,ITAU,MARIA,SAQUE,2022-02-28T17:16:16,2233.26
2424,0005,BANCO DO BRASIL,ANA,SAQUE,2022-02-21T23:43:40,3935.25
2424,0005,BANCO DO BRASIL,ANA,DEPOSITO,2022-02-02T12:12:47,2207.4
1434,0010,BANCO DO BRASIL,PAULA,SAQUE,2022-02-23T09:37:26,3769.89
2424,0005,BANCO DO BRASIL,ANA,DEPOSITO,2022-02-16T13:00:37,4387.86
1434,0010,BANCO DO BRASIL,PAULA,SAQUE,2022-02-24T00:40:55,4993.5
1434,0010,BANCO DO BRASIL,PAULA,SAQUE,2022-02-21T12:09:24,4197.21
9279,0009,BANCO DO BRASIL,MARCOS,DEPOSITO,2022-02-25T05:13:50,4864.08
4657,0003,ITAU,FELIPE,SAQUE,2022-02-07T18:27:23,1572.54
5506,0002,ITAU,MARIA,SAQUE,2022-02-26T08:49:25,1520.78
5506,0002,ITAU,MARIA,SAQUE,2022-02-25T05:44:47,1515.31
4582,0008,ITAU,BRUNA,DEPOSITO,2022-02-09T16:27:41,772.07
9279,0009,BANCO DO BRASIL,MARCOS,DEPOSITO,2022-02-18T04:57:13,1343.95
9279,0009,BANCO DO BRASIL,MARCOS,SAQUE,2022-02-11T12:06:36,2228.35
5506,0002,ITAU,MARIA,DEPOSITO,2022-02-21T04:40:05,4921.4
4582,0008,ITAU,BRUNA,DEPOSITO,2022-02-24T07:18:14,2525.86
2424,0005,BANCO DO BRASIL,ANA,SAQUE,2022-02-05T22:30:30,4448.52
2424,0005,BANCO DO BRASIL,ANA,SAQUE,2022-02-04T05:11:01,1515.21
4582,0008,ITAU,BRUNA,SAQUE,2022-02-22T03:49:10,733.26
2824,0001,SANTANDER,JOAO,DEPOSITO,2022-02-13T03:12:07,840.63
4582,0008,ITAU,BRUNA,SAQUE,2022-02-13T17:40:24,3243.08
2424,0005,BANCO DO BRASIL,ANA,SAQUE,2022-02-27T01:42:18,1183.63
4657,0003,ITAU,FELIPE,SAQUE,2022-02-12T17:53:49,2031.86
1434,0010,BANCO DO BRASIL,PAULA,SAQUE,2022-02-02T00:09:27,4741.06
1434,0010,BANCO DO BRASIL,PAULA,DEPOSITO,2022-02-25T07:31:58,1767.01
7912,0006,SANTANDER,CARLOS,SAQUE,2022-02-16T17:00:29,307.18
9279,0009,BANCO DO BRASIL,MARCOS,DEPOSITO,2022-02-11T20:05:24,3331.0
2424,0005,BANCO DO BRASIL,ANA,DEPOSITO,2022-02-05T15:54:10,4249.4
1488,0007,SANTANDER,LUCAS,SAQUE,2022-02-03T05:06:24,4410.67
2679,0004,BANCO DO BRASIL,JULIA,DEPOSITO,2022-02-04T14:36:27,4458.09
1488,0007,SANTANDER,LUCAS,SAQUE,2022-02-21T13:29:01,2538.65
2679,0004,BANCO DO BRASIL,JULIA,SAQUE,2022-02-26T13:08:53,3638.9
2679,0004,BANCO DO BRASIL,JULIA,SAQUE,2022-02-21T10:29:03,2135.21
5506,0002,ITAU,MARIA,DEPOSITO,2022-02-01T02:35:38,1555.49
4582,0008,ITAU,BRUNA,SAQUE,2022-02-01T12:18:43,3299.58
9279,0009,BANCO DO BRASIL,MARCOS,DEPOSITO,2022-02-11T13:03:24,166.24
1434,0010,BANCO DO BRASIL,PAULA,DEPOSITO,2022-02-25T03:52:17,1507.85
5506,0002,ITAU,MARIA,SAQUE,2022-02-05T16:33:03,3986.65
1434,0010,BANCO DO BRASIL,PAULA,SAQUE,2022-02-24T06:26:13,1161.73
4582,0008,ITAU,BRUNA,SAQUE,2022-02-17T03:44:29,4360.98
1488,0007,SANTANDER,LUCAS,DEPOSITO,2022-02-09T21:50:45,2217.38
1488,0007,SANTANDER,LUCAS,SAQUE,2022-02-20T14:42:05,1043.58
2679,0004,BANCO DO BRASIL,JULIA,SAQUE,2022-02-26T09:01:57,2060.33
2424,0005,BANCO DO BRASIL,ANA,DEPOSITO,2022-02-08T19:53:10,332.62
2424,0005,BANCO DO BRASIL,ANA,SAQUE,2022-02-08T17:47:47,3102.58
5506,0002,ITAU,MARIA,DEPOSITO,2022-02-21T18:33:30,4696.03
2679,0004,BANCO DO BRASIL,JULIA,SAQUE,2022-02-22T15:21:34,4628.25
7912,0006,SANTANDER,CARLOS,DEPOSITO,2022-02-03T21:20:49,62.77
2424,0005,BANCO DO BRASIL,ANA,SAQUE,2022-02-07T05:46:30,741.17
7912,0006,SANTANDER,CARLOS,DEPOSITO,2022-02-20T11:34:47,2540.5
2824,0001,SANTANDER,JOAO,SAQUE,2022-02-22T18:51:10,3875.81
7912,0006,SANTANDER,CARLOS,DEPOSITO,2022-02-24T07:38:06,1221.16
2824,0001,SANTANDER,JOAO,DEPOSITO,2022-02-10T12:12:39,4329.78
7912,0006,SANTANDER,CARLOS,DEPOSITO,2022-02-27T15:11:38,1030.05
2679,0004,BANCO DO BRASIL,JULIA,DEPOSITO,2022-02-16T17:25:56,4567.39
5506,0002,ITAU,MARIA,DEPOSITO,2022-02-06T11:31:22,1763.69
7912,0006,SANTANDER,CARLOS,SAQUE,2022-02-25T15:10:42,1071.57
5506,0002,ITAU,MARIA,DEPOSITO,2022-02-07T17:36:27,4088.26
2424,0005,BANCO DO BRASIL,ANA,DEPOSITO,2022-02-22T16:59:39,1633.73
2679,0004,BANCO DO BRASIL,JULIA,DEPOSITO,2022-02-08T12:53:09,902.9
9279,0009,BANCO DO BRASIL,MARCOS,DEPOSITO,2022-02-01T16:25:14,2213.18
2679,0004,BANCO DO BRASIL,JULIA,SAQUE,2022-02-20T06:32:27,2654.14
2424,0005,BANCO DO BRASIL,ANA,DEPOSITO,2022-02-27T06:51:21,753.27
1434,0010,BANCO DO BRASIL,PAULA,SAQUE,2022-02-03T14:32:54,3546.47
2424,0005,BANCO DO BRASIL,ANA,SAQUE,2022-02-08T04:23:59,2779.52
2679,0004,BANCO DO BRASIL,JULIA,SAQUE,2022-02-01T23:05:23,4485.22
4582,0008,ITAU,BRUNA,SAQUE,2022-02-13T18:52:13,4859.72
9279,0009,BANCO DO BRASIL,MARCOS,DEPOSITO,2022-02-11T11:12:53,380.22
4582,0008,ITAU,BRUNA,DEPOSITO,2022-02-20T04:20:25,4112.39
2824,0001,SANTANDER,JOAO,DEPOSITO,2022-02-21T01:13:52,1120.55
1434,0010,BANCO DO BRASIL,PAULA,SAQUE,2022-02-07T23:21:06,1046.84
2824,0001,SANTANDER,JOAO,SAQUE,2022-02-04T04:26:57,1562.5
4582,0008,ITAU,BRUNA,SAQUE,2022-02-03T13:08:04,595.56
5506,0002,ITAU,MARIA,DEPOSITO,2022-02-03T08:34:19,2801.57
2679,0004,BANCO DO BRASIL,JULIA,DEPOSITO,2022-02-15T03:52:45,206.35
2679,0004,BANCO DO BRASIL,JULIA,DEPOSITO,2022-02-24T02:24:43,3641.93
2679,0004,BANCO DO BRASIL,JULIA,DEPOSITO,2022-02-09T04:52:41,3375.77
2424,0005,BANCO DO BRASIL,ANA,SAQUE,2022-02-17T17:35:04,4800.5
4657,0003,ITAU,FELIPE,SAQUE,2022-02-12T05:11:38,1793.5
9279,0009,BANCO DO BRASIL,MARCOS,DEPOSITO,2022-02-09T23:24:08,1861.39
1434,0010,BANCO DO BRASIL,PAULA,SAQUE,2022-02-05T05:33:03,1120.37
4657,0003,ITAU,FELIPE,DEPOSITO,2022-02-04T10:57:17,3540.14
2824,0001,SANTANDER,JOAO,DEPOSITO,2022-02-28T05:49:13,3051.46
5506,0002,ITAU,MARIA,SAQUE,2022-02-07T03:05:55,3364.37
1434,0010,BANCO DO BRASIL,PAULA,SAQUE,2022-02-07T23:52:20,3321.42
1488,0007,SANTANDER,LUCAS,SAQUE,2022-02-11T01:24:18,1105.44
4657,0003,ITAU,FELIPE,SAQUE,2022-02-19T21:27:49,1772.36
7912,0006,SANTANDER,CARLOS,DEPOSITO,2022-02-11T22:15:34,4296.69
2824,0001,SANTANDER,JOAO,SAQUE,2022-02-09T18:47:09,4303.19
4582,0008,ITAU,BRUNA,DEPOSITO,2022-02-08T18:05:00,2033.03
7912,0006,SANTANDER,CARLOS,DEPOSITO,2022-02-22T07:08:40,3668.61
7912,0006,SANTANDER,CARLOS,SAQUE,2022-02-03T19:30:39,390.5
7912,0006,SANTANDER,CARLOS,SAQUE,2022-02-03T01:31:19,2471.99
5506,0002,ITAU,MARIA,SAQUE,2022-02-08T23:57:59,1386.95
2424,0005,BANCO DO BRASIL,ANA,SAQUE,2022-02-19T08:18:34,2676.14
2679,0004,BANCO DO BRASIL,JULIA,SAQUE,2022-02-16T20:03:04,3444.53
1488,0007,SANTANDER,LUCAS,DEPOSITO,2022-02-14T05:45:23,4365.88
7912,0006,SANTANDER,CARLOS,DEPOSITO,2022-02-26T23:39:32,3030.43
2679,0004,BANCO DO BRASIL,JULIA,SAQUE,2022-02-13T03:53:50,3310.45
2824,0001,SANTANDER,JOAO,SAQUE,2022-02-14T09:41:13,4172.46
4582,0008,ITAU,BRUNA,SAQUE,2022-02-25T17:06:11,1387.79
1488,0007,SANTANDER,LUCAS,DEPOSITO,2022-02-03T11:51:36,420.63
7912,0006,SANTANDER,CARLOS,SAQUE,2022-02-26T10:15:46,705.91
5506,0002,ITAU,MARIA,DEPOSITO,2022-02-27T15:20:10,4936.23
1488,0007,SANTANDER,LUCAS,DEPOSITO,2022-02-06T22:34:43,3286.39
1488,0007,SANTANDER,LUCAS,DEPOSITO,2022-02-15T12:32:27,4939.41
9279,0009,BANCO DO BRASIL,MARCOS,DEPOSITO,2022-02-25T02:21:42,2010.56
1434,0010,BANCO DO BRASIL,PAULA,SAQUE,2022-02-18T15:56:49,157.06
4582,0008,ITAU,BRUNA,DEPOSITO,2022-02-08T23:15:31,3611.15
2424,0005,BANCO DO BRASIL,ANA,DEPOSITO,2022-02-05T06:40:06,991.24
2424,0005,BANCO DO BRASIL,ANA,DEPOSITO,2022-02-21T07:09:44,1248.87
4657,0003,ITAU,FELIPE,SAQUE,2022-02-08T00:28:47,902.55
4657,0003,ITAU,FELIPE,SAQUE,2022-02-11T18:14:35,986.38
9279,0009,BANCO DO BRASIL,MARCOS,SAQUE,2022-02-24T04:33:01,4364.84
2824,0001,SANTANDER,JOAO,SAQUE,2022-02-09T11:26:23,4551.56
9279,0009,BANCO DO BRASIL,MARCOS,DEPOSITO,2022-02-06T22:24:35,2059.94
5506,0002,ITAU,MARIA,SAQUE,2022-02-25T15:37:03,3785.6
7912,0006,SANTANDER,CARLOS,SAQUE,2022-02-06T15:16:24,2868.47
5506,0002,ITAU,MARIA,DEPOSITO,2022-02-11T14:59:16,170.36
7912,0006,SANTANDER,CARLOS,DEPOSITO,2022-02-20T19:39:23,754.6
7912,0006,SANTANDER,CARLOS,DEPOSITO,2022-02-28T22:16:02,3490.46
1434,0010,BANCO DO BRASIL,PAULA,DEPOSITO,2022-02-14T01:26:35,3245.63
4657,0003,ITAU,FELIPE,SAQUE,2022-02-18T00:12:09,53.03
1488,0007,SANTANDER,LUCAS,DEPOSITO,2022-02-02T10:38:56,2041.6
5506,0002,ITAU,MARIA,DEPOSITO,2022-02-10T19:29:38,4751.54
2679,0004,BANCO DO BRASIL,JULIA,DEPOSITO,2022-02-23T03:59:13,3868.63
2424,0005,BANCO DO BRASIL,ANA,SAQUE,2022-02-02T00:27:34,4158.91
4657,0003,ITAU,FELIPE,DEPOSITO,2022-02-17T09:28:24,4232.22
4657,0003,ITAU,FELIPE,DEPOSITO,2022-02-04T05:16:08,3877.08
2824,0001,SANTANDER,JOAO,DEPOSITO,2022-02-22T03:53:28,4352.84
7912,0006,SANTANDER,CARLOS,SAQUE,2022-02-09T13:45:58,68.99
2679,0004,BANCO DO BRASIL,JULIA,SAQUE,2022-02-27T00:30:01,1038.94
7912,0006,SANTANDER,CARLOS,SAQUE,2022-02-11T02:38:36,2891.21
2824,0001,SANTANDER,JOAO,DEPOSITO,2022-02-16T04:59:49,4451.52
1434,0010,BANCO DO BRASIL,PAULA,SAQUE,2022-02-13T16:13:44,2025.68
2824,0001,SANTANDER,JOAO,DEPOSITO,2022-02-20T20:28:25,2048.56
4657,0003,ITAU,FELIPE,SAQUE,2022-02-20T22:32:28,4334.09
5506,0002,ITAU,MARIA,DEPOSITO,2022-02-20T17:37:26,3855.19
7912,0006,SANTANDER,CARLOS,SAQUE,2022-02-23T17:09:04,4413.3
2424,0005,BANCO DO BRASIL,ANA,DEPOSITO,2022-02-06T15:30:41,3899.61
1434,0010,BANCO DO BRASIL,PAULA,SAQUE,2022-02-13T06:28:14,4971.19
1434,0010,BANCO DO BRASIL,PAULA,SAQUE,2022-02-21T22:02:37,932.35
4582,0008,ITAU,BRUNA,DEPOSITO,2022-02-09T08:53:42,3780.29
5506,0002,ITAU,MARIA,DEPOSITO,2022-02-18T00:51:09,173.74
1488,0007,SANTANDER,LUCAS,DEPOSITO,2022-02-05T11:58:54,1500.17
1434,0010,BANCO DO BRASIL,PAULA,SAQUE,2022-02-07T22:59:43,832.44
2424,0005,BANCO DO BRASIL,ANA,DEPOSITO,2022-02-23T10:26:34,3345.1
1488,0007,SANTANDER,LUCAS,DEPOSITO,2022-02-06T17:05:02,3201.39
7912,0006,SANTANDER,CARLOS,SAQUE,2022-02-07T08:02:01,929.1
7912,0006,SANTANDER,CARLOS,SAQUE,2022-02-20T08:04:36,3005.76
4582,0008,ITAU,BRUNA,SAQUE,2022-02-12T03:20:58,1498.86
4582,0008,ITAU,BRUNA,SAQUE,2022-02-07T19:59:37,3773.22
9279,0009,BANCO DO BRASIL,MARCOS,SAQUE,2022-02-02T07:51:54,2995.97
2824,0001,SANTANDER,JOAO,DEPOSITO,2022-02-19T21:03:23,3136.17
5506,0002,ITAU,MARIA,DEPOSITO,2022-02-10T02:51:25,2149.68
2679,0004,BANCO DO BRASIL,JULIA,DEPOSITO,2022-02-02T02:42:42,4729.73
9279,0009,BANCO DO BRASIL,MARCOS,DEPOSITO,2022-02-16T18:07:07,1709.97
9279,0009,BANCO DO BRASIL,MARCOS,SAQUE,2022-02-12T23:08:17,2716.62
4657,0003,ITAU,FELIPE,DEPOSITO,2022-02-19T09:04:07,510.3
9279,0009,BANCO DO BRASIL,MARCOS,DEPOSITO,2022-02-20T13:48:54,1826.3
4657,0003,ITAU,FELIPE,SAQUE,2022-02-24T19:50:44,746.15
2424,0005,BANCO DO BRASIL,ANA,SAQUE,2022-02-13T01:01:45,273.76
2424,0005,BANCO DO BRASIL,ANA,SAQUE,2022-02-21T10:36:41,2450.45
2679,0004,BANCO DO BRASIL,JULIA,DEPOSITO,2022-02-20T21:41:41,1382.79
4582,0008,ITAU,BRUNA,SAQUE,2022-02-21T12:13:38,3417.0
2424,0005,BANCO DO BRASIL,ANA,SAQUE,2022-02-07T05:40:06,2961.54
4657,0003,ITAU,FELIPE,SAQUE,2022-02-17T06:11:11,2451.01
4657,0003,ITAU,FELIPE,SAQUE,2022-02-07T14:55:13,1338.79
5506,0002,ITAU,MARIA,SAQUE,2022-02-15T23:09:27,2229.23
4582,0008,ITAU,BRUNA,DEPOSITO,2022-02-10T12:42:18,58.12
9279,0009,BANCO DO BRASIL,MARCOS,SAQUE,2022-02-14T08:54:10,1664.44
1488,0007,SANTANDER,LUCAS,DEPOSITO,2022-02-03T02:16:19,2832.71
5506,0002,ITAU,MARIA,SAQUE,2022-02-20T17:06:01,1571.49
9279,0009,BANCO DO BRASIL,MARCOS,DEPOSITO,2022-02-06T12:30:28,1869.86
2679,0004,BANCO DO BRASIL,JULIA,DEPOSITO,2022-02-26T19:44:46,4725.9
7912,0006,SANTANDER,CARLOS,SAQUE,2022-02-22T08:59:38,507.56
2424,0005,BANCO DO BRASIL,ANA,SAQUE,2022-02-10T23:59:46,995.83
1488,0007,SANTANDER,LUCAS,SAQUE,2022-02-25T12:09:29,4787.51
1488,0007,SANTANDER,LUCAS,DEPOSITO,2022-02-09T04:54:31,944.43
4657,0003,ITAU,FELIPE,SAQUE,2022-02-13T11:57:44,976.61
2679,0004,BANCO DO BRASIL,JULIA,DEPOSITO,2022-02-04T23:51:56,718.16
1488,0007,SANTANDER,LUCAS,SAQUE,2022-02-07T15:50:29,1729.31
2679,0004,BANCO DO BRASIL,JULIA,SAQUE,2022-02-23T21:22:41,4124.52
1434,0010,BANCO DO BRASIL,PAULA,SAQUE,2022-02-07T19:31:34,3292.73
1488,0007,SANTANDER,LUCAS,DEPOSITO,2022-02-09T01:06:30,2301.64
2424,0005,BANCO DO BRASIL,ANA,SAQUE,2022-02-08T03:18:30,3996.91
2424,0005,BANCO DO BRASIL,ANA,SAQUE,2022-02-13T18:05:51,2290.07
4657,0003,ITAU,FELIPE,SAQUE,2022-02-09T02:43:38,2723.12
2824,0001,SANTANDER,JOAO,DEPOSITO,2022-02-23T05:30:00,631.76
4582,0008,ITAU,BRUNA,SAQUE,2022-02-09T14:57:00,2006.27
4582,0008,ITAU,BRUNA,SAQUE,2022-02-21T15:58:25,2660.3
4582,0008,ITAU,BRUNA,DEPOSITO,2022-02-19T11:15:15,3903.44
5506,0002,ITAU,MARIA,SAQUE,2022-02-08T13:36:46,668.91
2424,0005,BANCO DO BRASIL,ANA,SAQUE,2022-02-19T12:00:37,1143.23
4582,0008,ITAU,BRUNA,SAQUE,2022-02-22T01:46:17,2412.12
1488,0007,SANTANDER,LUCAS,SAQUE,2022-02-18T01:14:55,575.81
9279,0009,BANCO DO BRASIL,MARCOS,SAQUE,2022-02-23T17:46:03,2392.31
5506,0002,ITAU,MARIA,SAQUE,2022-02-18T07:53:43,4135.5
9279,0009,BANCO DO BRASIL,MARCOS,SAQUE,2022-02-19T22:54:41,4367.92
2424,0005,BANCO DO BRASIL,ANA,SAQUE,2022-02-19T10:05:03,3006.17
2424,0005,BANCO DO BRASIL,ANA,SAQUE,2022-02-25T13:36:28,232.73
2679,0004,BANCO DO BRASIL,JULIA,DEPOSITO,2022-02-24T08:36:16,409.28
4582,0008,ITAU,BRUNA,SAQUE,2022-02-23T03:34:29,4961.27
1434,0010,BANCO DO BRASIL,PAULA,DEPOSITO,2022-02-03T04:06:48,1947.14
2824,0001,SANTANDER,JOAO,SAQUE,2022-02-25T03:41:18,4514.82
9279,0009,BANCO DO BRASIL,MARCOS,SAQUE,2022-02-27T17:29:49,4844.87
5506,0002,ITAU,MARIA,SAQUE,2022-02-19T23:18:18,2397.52
1488,0007,SANTANDER,LUCAS,DEPOSITO,2022-02-08T20:00:41,1927.9
2424,0005,BANCO DO BRASIL,ANA,SAQUE,2022-02-10T01:59:08,1579.75
1434,0010,BANCO DO BRASIL,PAULA,DEPOSITO,2022-02-18T18:07:27,1251.89
5506,0002,ITAU,MARIA,SAQUE,2022-02-16T20:20:22,3116.51
4582,0008,ITAU,BRUNA,DEPOSITO,2022-02-23T11:29:55,4962.17
4657,0003,ITAU,FELIPE,DEPOSITO,2022-02-06T05:02:31,912.43
4582,0008,ITAU,BRUNA,SAQUE,2022-02-06T01:27:35,4805.64
4657,0003,ITAU,FELIPE,SAQUE,2022-02-28T01:46:01,2926.8
4582,0008,ITAU,BRUNA,DEPOSITO,2022-02-11T08:33:33,4478.0
9279,0009,BANCO DO BRASIL,MARCOS,SAQUE,2022-02-27T20:55:09,135.96
7912,0006,SANTANDER,CARLOS,SAQUE,2022-02-26T08:16:30,4077.94
4582,0008,ITAU,BRUNA,DEPOSITO,2022-02-09T06:38:33,808.49
4582,0008,ITAU,BRUNA,DEPOSITO,2022-02-05T06:33:02,4284.38
9279,0009,BANCO DO BRASIL,MARCOS,DEPOSITO,2022-02-12T21:51:44,4060.5
2824,0001,SANTANDER,JOAO,SAQUE,2022-02-12T02:40:33,3705.23
4582,0008,ITAU,BRUNA,SAQUE,2022-02-05T09:49:45,4007.75
1488,0007,SANTANDER,LUCAS,DEPOSITO,2022-02-04T01:10:32,563.18
2679,0004,BANCO DO BRASIL,JULIA,SAQUE,2022-02-03T10:15:09,3587.73
2824,0001,SANTANDER,JOAO,DEPOSITO,2022-02-25T05:51:46,3844.91
7912,0006,SANTANDER,CARLOS,SAQUE,2022-02-02T01:37:19,1468.11
4657,0003,ITAU,FELIPE,DEPOSITO,2022-02-15T01:08:07,160.29
4657,0003,ITAU,FELIPE,SAQUE,2022-02-13T17:35:33,1701.44
1488,0007,SANTANDER,LUCAS,DEPOSITO,2022-02-06T11:26:52,435.09
1434,0010,BANCO DO BRASIL,PAULA,DEPOSITO,2022-02-17T16:28:16,4385.35
7912,0006,SANTANDER,CARLOS,DEPOSITO,2022-02-20T18:02:41,1377.44
4582,0008,ITAU,BRUNA,SAQUE,2022-02-26T04:16:50,67.69
2824,0001,SANTANDER,JOAO,DEPOSITO,2022-02-12T11:32:49,217.23
1488,0007,SANTANDER,LUCAS,SAQUE,2022-02-01T15:42:14,4309.89
5506,0002,ITAU,MARIA,SAQUE,2022-02-07T18:35:14,4986.94
1434,0010,BANCO DO BRASIL,PAULA,DEPOSITO,2022-02-01T03:00:36,2421.08
9279,0009,BANCO DO BRASIL,MARCOS,SAQUE,2022-02-05T23:07:47,1968.55
2424,0005,BANCO DO BRASIL,ANA,SAQUE,2022-02-10T02:57:30,542.79
1488,0007,SANTANDER,LUCAS,DEPOSITO,2022-02-14T03:26:07,4663.09
2679,0004,BANCO DO BRASIL,JULIA,DEPOSITO,2022-02-07T08:03:20,1847.6
2824,0001,SANTANDER,JOAO,SAQUE,2022-02-15T01:09:41,4926.26
2824,0001,SANTANDER,JOAO,DEPOSITO,2022-02-08T19:50:18,766.17
9279,0009,BANCO DO BRASIL,MARCOS,SAQUE,2022-02-21T20:07:58,4286.17
2424,0005,BANCO DO BRASIL,ANA,DEPOSITO,2022-02-13T04:34:38,4527.63
4657,0003,ITAU,FELIPE,SAQUE,2022-02-03T09:06:04,4457.79
1434,0010,BANCO DO BRASIL,PAULA,DEPOSITO,2022-02-22T14:15:29,2609.26
4582,0008,ITAU,BRUNA,DEPOSITO,2022-02-06T01:17:17,842.38
1488,0007,SANTANDER,LUCAS,SAQUE,2022-02-23T22:28:38,2650.4
4657,0003,ITAU,FELIPE,DEPOSITO,2022-02-17T17:53:30,4137.53
4657,0003,ITAU,FELIPE,SAQUE,2022-02-01T15:04:31,1053.98
9279,0009,BANCO DO BRASIL,MARCOS,DEPOSITO,2022-02-19T19:19:02,1541.66
9279,0009,BANCO DO BRASIL,MARCOS,SAQUE,2022-02-27T10:20:11,148.02
1434,0010,BANCO DO BRASIL,PAULA,DEPOSITO,2022-02-13T20:06:50,566.18
1434,0010,BANCO DO BRASIL,PAULA,DEPOSITO,2022-02-08T02:48:29,4488.26
2824,0001,SANTANDER,JOAO,SAQUE,2022-02-16T13:22:47,2814.02
4582,0008,ITAU,BRUNA,DEPOSITO,2022-02-14T01:53:49,3646.71
5506,0002,ITAU,MARIA,DEPOSITO,2022-02-11T23:51:03,4414.18
1488,0007,SANTANDER,LUCAS,DEPOSITO,2022-02-02T04:37:54,448.03
4657,0003,ITAU,FELIPE,DEPOSITO,2022-02-25T15:02:20,2421.57
7912,0006,SANTANDER,CARLOS,SAQUE,2022-02-18T21:27:35,2340.75
1488,0007,SANTANDER,LUCAS,DEPOSITO,2022-02-07T08:28:31,3553.46
2824,0001,SANTANDER,JOAO,SAQUE,2022-02-06T19:51:53,2286.88
1434,0010,BANCO DO BRASIL,PAULA,SAQUE,2022-02-08T09:33:37,2838.84
5506,0002,ITAU,MARIA,DEPOSITO,2022-02-15T11:08:59,2866.45
2824,0001,SANTANDER,JOAO,SAQUE,2022-02-05T13:29:27,384.23
2679,0004,BANCO DO BRASIL,JULIA,DEPOSITO,2022-02-18T21:29:48,750.19
2679,0004,BANCO DO BRASIL,JULIA,SAQUE,2022-02-12T11:27:02,664.33
4582,0008,ITAU,BRUNA,SAQUE,2022-02-13T08:02:04,4027.26
2824,0001,SANTANDER,JOAO,SAQUE,2022-02-19T04:50:48,4776.97
7912,0006,SANTANDER,CARLOS,DEPOSITO,2022-02-03T04:58:57,2450.36
2824,0001,SANTANDER,JOAO,DEPOSITO,2022-02-28T12:06:12,2069.12
2824,0001,SANTANDER,JOAO,DEPOSITO,2022-02-18T02:24:26,3304.66
1488,0007,SANTANDER,LUCAS,DEPOSITO,2022-02-12T16:27:43,2820.09
1434,0010,BANCO DO BRASIL,PAULA,DEPOSITO,2022-02-16T04:35:48,2618.1
4657,0003,ITAU,FELIPE,DEPOSITO,2022-02-05T10:51:14,4732.6
4657,0003,ITAU,FELIPE,SAQUE,2022-02-19T02:25:04,3562.95
1434,0010,BANCO DO BRASIL,PAULA,SAQUE,2022-02-08T07:49:19,2966.72
1434,0010,BANCO DO BRASIL,PAULA,DEPOSITO,2022-02-06T13:05:23,3629.72
2424,0005,BANCO DO BRASIL,ANA,SAQUE,2022-02-20T23:10:00,3805.35
2424,0005,BANCO DO BRASIL,ANA,SAQUE,2022-02-05T13:41:10,4458.88
1434,0010,BANCO DO BRASIL,PAULA,SAQUE,2022-02-18T12:40:15,1993.81
2824,0001,SANTANDER,JOAO,SAQUE,2022-02-19T10:03:56,2909.23
2824,0001,SANTANDER,JOAO,DEPOSITO,2022-02-12T22:39:16,1567.17
1488,0007,SANTANDER,LUCAS,DEPOSITO,2022-02-15T14:33:36,460.35
5506,0002,ITAU,MARIA,DEPOSITO,2022-02-25T21:15:35,4901.53
4582,0008,ITAU,BRUNA,SAQUE,2022-02-17T17:54:58,4988.54
5506,0002,ITAU,MARIA,SAQUE,2022-02-28T07:50:02,4596.36
2679,0004,BANCO DO BRASIL,JULIA,DEPOSITO,2022-02-08T11:50:32,4216.45
2424,0005,BANCO DO BRASIL,ANA,DEPOSITO,2022-02-04T21:31:21,1308.25
2824,0001,SANTANDER,JOAO,SAQUE,2022-02-23T16:55:19,1046.87
2679,0004,BANCO DO BRASIL,JULIA,DEPOSITO,2022-02-15T04:34:28,908.5
5506,0002,ITAU,MARIA,SAQUE,2022-02-08T23:34:43,704.63
5506,0002,ITAU,MARIA,SAQUE,2022-02-11T23:48:00,1165.8
2679,0004,BANCO DO BRASIL,JULIA,DEPOSITO,2022-02-19T02:50:49,409.96
